

Microchip MPLAB XC8 Assembler V2.46 build 20240104201356 
                                                                                               Tue Dec 17 20:24:04 2024

Microchip MPLAB XC8 C Compiler v2.46 (Free license) build 20240104201356 Og1 
     1                           	processor	18F47Q84
     2                           	fnconf	rparam,??,?,0
     3                           	pagewidth 120
     4                           	opt	flic
     5                           	psect	idataCOMRAM,global,class=CODE,delta=1,noexec
     6                           	psect	idataBIGRAM,global,class=CODE,delta=1,noexec
     7                           	psect	idataBANK5,global,class=CODE,delta=1,noexec
     8                           	psect	smallconst,global,reloc=2,class=SMALLCONST,delta=1,noexec
     9                           	psect	nvCOMRAM,global,class=COMRAM,space=1,delta=1,lowdata,noexec
    10                           	psect	cinit,global,reloc=2,class=CODE,delta=1
    11                           	psect	bssCOMRAM,global,class=COMRAM,space=1,delta=1,lowdata,noexec
    12                           	psect	dataCOMRAM,global,class=COMRAM,space=1,delta=1,lowdata,noexec
    13                           	psect	bssBANK5,global,class=BANK5,space=1,delta=1,lowdata,noexec
    14                           	psect	dataBANK5,global,class=BANK5,space=1,delta=1,lowdata,noexec
    15                           	psect	dataBIGRAM,global,class=BIGRAM,space=1,delta=1,noexec
    16                           	psect	cstackBANK5,global,class=BANK5,space=1,delta=1,lowdata,noexec
    17                           	psect	cstackCOMRAM,global,class=COMRAM,space=1,delta=1,lowdata,noexec
    18                           	psect	text0,global,reloc=2,class=CODE,delta=1
    19                           	psect	text1,global,reloc=2,class=CODE,delta=1
    20                           	psect	text2,global,reloc=2,class=CODE,delta=1
    21                           	psect	text3,global,reloc=2,class=CODE,delta=1
    22                           	psect	text4,global,reloc=2,class=CODE,delta=1
    23                           	psect	text5,global,reloc=2,class=CODE,delta=1
    24                           	psect	text6,global,reloc=2,class=CODE,delta=1
    25                           	psect	text7,global,reloc=2,class=CODE,delta=1
    26                           	psect	text8,global,reloc=2,class=CODE,delta=1
    27                           	psect	text9,global,reloc=2,class=CODE,delta=1
    28                           	psect	text10,global,reloc=2,class=CODE,delta=1
    29                           	psect	text11,global,reloc=2,class=CODE,delta=1
    30                           	psect	text12,global,reloc=2,class=CODE,delta=1
    31                           	psect	text13,global,reloc=2,class=CODE,delta=1
    32                           	psect	text14,global,reloc=2,class=CODE,delta=1
    33                           	psect	text15,global,reloc=2,class=CODE,delta=1
    34                           	psect	text16,global,reloc=2,class=CODE,delta=1
    35                           	psect	text17,global,reloc=2,class=CODE,delta=1
    36                           	psect	text18,global,reloc=2,class=CODE,delta=1
    37                           	psect	text19,global,reloc=2,class=CODE,delta=1
    38                           	psect	text20,global,reloc=2,class=CODE,delta=1
    39                           	psect	text21,global,reloc=2,class=CODE,delta=1
    40                           	psect	text22,global,reloc=2,class=CODE,delta=1
    41                           	psect	text23,global,reloc=2,class=CODE,delta=1
    42                           	psect	text24,global,reloc=2,class=CODE,delta=1
    43                           	psect	text25,global,reloc=2,class=CODE,delta=1
    44                           	psect	text26,global,reloc=2,class=CODE,delta=1
    45                           	psect	text27,global,reloc=2,class=CODE,delta=1
    46                           	psect	text28,global,reloc=2,class=CODE,delta=1
    47                           	psect	text29,global,reloc=2,class=CODE,delta=1
    48                           	psect	text30,global,reloc=2,class=CODE,delta=1,group=2
    49                           	psect	text31,global,reloc=2,class=CODE,delta=1
    50                           	psect	text32,global,reloc=2,class=CODE,delta=1
    51                           	psect	text33,global,reloc=2,class=CODE,delta=1
    52                           	psect	text34,global,reloc=2,class=CODE,delta=1
    53                           	psect	text35,global,reloc=2,class=CODE,delta=1,inline
    54                           	psect	text36,global,reloc=2,class=CODE,delta=1
    55                           	psect	text37,global,reloc=2,class=CODE,delta=1
    56                           	psect	text38,global,reloc=2,class=CODE,delta=1
    57                           	psect	text39,global,reloc=2,class=CODE,delta=1
    58                           	psect	text40,global,reloc=2,class=CODE,delta=1
    59                           	psect	text41,global,reloc=2,class=CODE,delta=1
    60                           	psect	text42,global,reloc=2,class=CODE,delta=1
    61                           	psect	text43,global,reloc=2,class=CODE,delta=1
    62                           	psect	text44,global,reloc=2,class=CODE,delta=1
    63                           	psect	text45,global,reloc=2,class=CODE,delta=1
    64                           	psect	ivt0x8,global,reloc=2,class=CODE,delta=1,noexec,keep,optim=
    65                           	psect	intsave_regs,global,class=BIGRAM,space=1,delta=1,noexec
    66                           	psect	rparam,global,class=COMRAM,space=1,delta=1,noexec
    67                           	psect	config,global,abs,ovrld,class=CONFIG,space=4,delta=1,noexec
    68   000000                     
    69                           ; Generated 18/12/2023 GMT
    70                           ; 
    71                           ; Copyright © 2023, Microchip Technology Inc. and its subsidiaries ("Microchip")
    72                           ; All rights reserved.
    73                           ; 
    74                           ; This software is developed by Microchip Technology Inc. and its subsidiaries ("Microch
      +                          ip").
    75                           ; 
    76                           ; Redistribution and use in source and binary forms, with or without modification, are
    77                           ; permitted provided that the following conditions are met:
    78                           ; 
    79                           ;     1. Redistributions of source code must retain the above copyright notice, this lis
      +                          t of
    80                           ;        conditions and the following disclaimer.
    81                           ; 
    82                           ;     2. Redistributions in binary form must reproduce the above copyright notice, this 
      +                          list
    83                           ;        of conditions and the following disclaimer in the documentation and/or other
    84                           ;        materials provided with the distribution. Publication is not required when
    85                           ;        this file is used in an embedded application.
    86                           ; 
    87                           ;     3. Microchip's name may not be used to endorse or promote products derived from th
      +                          is
    88                           ;        software without specific prior written permission.
    89                           ; 
    90                           ; THIS SOFTWARE IS PROVIDED BY MICROCHIP "AS IS" AND ANY EXPRESS OR IMPLIED WARRANTIES,
    91                           ; INCLUDING, BUT NOT LIMITED TO, THE IMPLIED WARRANTIES OF MERCHANTABILITY AND FITNESS F
      +                          OR
    92                           ; PURPOSE ARE DISCLAIMED.  IN NO EVENT SHALL MICROCHIP BE LIABLE FOR ANY DIRECT, INDIREC
      +                          T,
    93                           ; INCIDENTAL, SPECIAL, EXEMPLARY, OR CONSEQUENTIAL DAMAGES (INCLUDING BUT NOT LIMITED TO
    94                           ; PROCUREMENT OF SUBSTITUTE GOODS OR SERVICES; LOSS OF USE, DATA OR PROFITS; OR BUSINESS
    95                           ; INTERRUPTION) HOWSOEVER CAUSED AND ON ANY THEORY OF LIABILITY, WHETHER IN CONTRACT, ST
      +                          RICT
    96                           ; LIABILITY, OR TORT (INCLUDING NEGLIGENCE OR OTHERWISE) ARISING IN ANY WAY OUT OF THE U
      +                          SE OF
    97                           ; THIS SOFTWARE, EVEN IF ADVISED OF THE POSSIBILITY OF SUCH DAMAGE.
    98                           ; 
    99                           ; 
   100                           ; Code-generator required, PIC18F47Q84 Definitions
   101                           ; 
   102                           ; SFR Addresses
   103   000000                     
   104 ;; Function _ADC_DefaultADI_ISR is unused but had its address taken
   105   000000                     
   106 ;; Function _ADC_DefaultContext1Threshold_ISR is unused but had its address taken
   107   000000                     
   108 ;; Function _ADC_DefaultActiveClockTuning_ISR is unused but had its address taken
   109   000000                     
   110                           	psect	idataCOMRAM
   111   0055D4                     __pidataCOMRAM:
   112                           	callstack 0
   113                           
   114                           ;initializer for _therm_to_adc_channel
   115   0055D4  17                 	db	23
   116   0055D5  1C                 	db	28
   117                           
   118                           	psect	idataBIGRAM
   119   003712                     __pidataBIGRAM:
   120                           	callstack 0
   121                           
   122                           ;initializer for _therm_lut
   123   003712  80                 	db	128
   124   003713  7F                 	db	127
   125   003714  7F                 	db	127
   126   003715  7F                 	db	127
   127   003716  7F                 	db	127
   128   003717  7F                 	db	127
   129   003718  7F                 	db	127
   130   003719  7F                 	db	127
   131   00371A  7F                 	db	127
   132   00371B  7F                 	db	127
   133   00371C  7F                 	db	127
   134   00371D  7F                 	db	127
   135   00371E  7F                 	db	127
   136   00371F  7F                 	db	127
   137   003720  7F                 	db	127
   138   003721  7F                 	db	127
   139   003722  7F                 	db	127
   140   003723  7F                 	db	127
   141   003724  7F                 	db	127
   142   003725  7F                 	db	127
   143   003726  7F                 	db	127
   144   003727  7F                 	db	127
   145   003728  7F                 	db	127
   146   003729  7F                 	db	127
   147   00372A  7F                 	db	127
   148   00372B  7F                 	db	127
   149   00372C  7F                 	db	127
   150   00372D  7F                 	db	127
   151   00372E  7F                 	db	127
   152   00372F  7F                 	db	127
   153   003730  7F                 	db	127
   154   003731  7F                 	db	127
   155   003732  7F                 	db	127
   156   003733  7F                 	db	127
   157   003734  7F                 	db	127
   158   003735  7F                 	db	127
   159   003736  7F                 	db	127
   160   003737  7F                 	db	127
   161   003738  7F                 	db	127
   162   003739  7F                 	db	127
   163   00373A  7F                 	db	127
   164   00373B  7F                 	db	127
   165   00373C  7F                 	db	127
   166   00373D  7F                 	db	127
   167   00373E  7F                 	db	127
   168   00373F  7F                 	db	127
   169   003740  7F                 	db	127
   170   003741  7F                 	db	127
   171   003742  7F                 	db	127
   172   003743  7F                 	db	127
   173   003744  7F                 	db	127
   174   003745  7F                 	db	127
   175   003746  7F                 	db	127
   176   003747  7F                 	db	127
   177   003748  7F                 	db	127
   178   003749  7F                 	db	127
   179   00374A  7F                 	db	127
   180   00374B  7F                 	db	127
   181   00374C  7F                 	db	127
   182   00374D  7F                 	db	127
   183   00374E  7F                 	db	127
   184   00374F  7F                 	db	127
   185   003750  7F                 	db	127
   186   003751  7F                 	db	127
   187   003752  7F                 	db	127
   188   003753  7F                 	db	127
   189   003754  7F                 	db	127
   190   003755  7F                 	db	127
   191   003756  7F                 	db	127
   192   003757  7F                 	db	127
   193   003758  7F                 	db	127
   194   003759  7F                 	db	127
   195   00375A  7F                 	db	127
   196   00375B  7F                 	db	127
   197   00375C  7F                 	db	127
   198   00375D  7F                 	db	127
   199   00375E  7F                 	db	127
   200   00375F  7F                 	db	127
   201   003760  7F                 	db	127
   202   003761  7F                 	db	127
   203   003762  7F                 	db	127
   204   003763  7F                 	db	127
   205   003764  7F                 	db	127
   206   003765  7F                 	db	127
   207   003766  7F                 	db	127
   208   003767  7F                 	db	127
   209   003768  7F                 	db	127
   210   003769  7F                 	db	127
   211   00376A  7F                 	db	127
   212   00376B  7F                 	db	127
   213   00376C  7F                 	db	127
   214   00376D  7F                 	db	127
   215   00376E  7F                 	db	127
   216   00376F  7F                 	db	127
   217   003770  7F                 	db	127
   218   003771  7F                 	db	127
   219   003772  7F                 	db	127
   220   003773  7F                 	db	127
   221   003774  7F                 	db	127
   222   003775  7F                 	db	127
   223   003776  7F                 	db	127
   224   003777  7F                 	db	127
   225   003778  7F                 	db	127
   226   003779  7F                 	db	127
   227   00377A  7F                 	db	127
   228   00377B  7F                 	db	127
   229   00377C  7F                 	db	127
   230   00377D  7F                 	db	127
   231   00377E  7F                 	db	127
   232   00377F  7F                 	db	127
   233   003780  7F                 	db	127
   234   003781  7F                 	db	127
   235   003782  7F                 	db	127
   236   003783  7F                 	db	127
   237   003784  7F                 	db	127
   238   003785  7F                 	db	127
   239   003786  7F                 	db	127
   240   003787  7F                 	db	127
   241   003788  7F                 	db	127
   242   003789  7F                 	db	127
   243   00378A  7F                 	db	127
   244   00378B  7F                 	db	127
   245   00378C  7F                 	db	127
   246   00378D  7F                 	db	127
   247   00378E  7F                 	db	127
   248   00378F  7F                 	db	127
   249   003790  7F                 	db	127
   250   003791  7F                 	db	127
   251   003792  7F                 	db	127
   252   003793  7F                 	db	127
   253   003794  7F                 	db	127
   254   003795  7F                 	db	127
   255   003796  7F                 	db	127
   256   003797  7F                 	db	127
   257   003798  7F                 	db	127
   258   003799  7F                 	db	127
   259   00379A  7F                 	db	127
   260   00379B  7F                 	db	127
   261   00379C  7F                 	db	127
   262   00379D  7F                 	db	127
   263   00379E  7F                 	db	127
   264   00379F  7F                 	db	127
   265   0037A0  7F                 	db	127
   266   0037A1  7F                 	db	127
   267   0037A2  7F                 	db	127
   268   0037A3  7F                 	db	127
   269   0037A4  7F                 	db	127
   270   0037A5  7F                 	db	127
   271   0037A6  7F                 	db	127
   272   0037A7  7F                 	db	127
   273   0037A8  7F                 	db	127
   274   0037A9  7F                 	db	127
   275   0037AA  7F                 	db	127
   276   0037AB  7F                 	db	127
   277   0037AC  7F                 	db	127
   278   0037AD  7F                 	db	127
   279   0037AE  7F                 	db	127
   280   0037AF  7F                 	db	127
   281   0037B0  7F                 	db	127
   282   0037B1  7F                 	db	127
   283   0037B2  7F                 	db	127
   284   0037B3  7F                 	db	127
   285   0037B4  7F                 	db	127
   286   0037B5  7F                 	db	127
   287   0037B6  7F                 	db	127
   288   0037B7  7F                 	db	127
   289   0037B8  7F                 	db	127
   290   0037B9  7F                 	db	127
   291   0037BA  7F                 	db	127
   292   0037BB  7F                 	db	127
   293   0037BC  7F                 	db	127
   294   0037BD  7F                 	db	127
   295   0037BE  7F                 	db	127
   296   0037BF  7F                 	db	127
   297   0037C0  7F                 	db	127
   298   0037C1  7F                 	db	127
   299   0037C2  7F                 	db	127
   300   0037C3  7F                 	db	127
   301   0037C4  7F                 	db	127
   302   0037C5  7F                 	db	127
   303   0037C6  7F                 	db	127
   304   0037C7  7F                 	db	127
   305   0037C8  7F                 	db	127
   306   0037C9  7F                 	db	127
   307   0037CA  7F                 	db	127
   308   0037CB  7F                 	db	127
   309   0037CC  7F                 	db	127
   310   0037CD  7F                 	db	127
   311   0037CE  7F                 	db	127
   312   0037CF  7F                 	db	127
   313   0037D0  7F                 	db	127
   314   0037D1  7F                 	db	127
   315   0037D2  7F                 	db	127
   316   0037D3  7F                 	db	127
   317   0037D4  7F                 	db	127
   318   0037D5  7F                 	db	127
   319   0037D6  7F                 	db	127
   320   0037D7  7F                 	db	127
   321   0037D8  7F                 	db	127
   322   0037D9  7F                 	db	127
   323   0037DA  7F                 	db	127
   324   0037DB  7F                 	db	127
   325   0037DC  7F                 	db	127
   326   0037DD  7F                 	db	127
   327   0037DE  7F                 	db	127
   328   0037DF  7F                 	db	127
   329   0037E0  7F                 	db	127
   330   0037E1  7F                 	db	127
   331   0037E2  7F                 	db	127
   332   0037E3  7F                 	db	127
   333   0037E4  7F                 	db	127
   334   0037E5  7E                 	db	126
   335   0037E6  7E                 	db	126
   336   0037E7  7E                 	db	126
   337   0037E8  7E                 	db	126
   338   0037E9  7D                 	db	125
   339   0037EA  7D                 	db	125
   340   0037EB  7D                 	db	125
   341   0037EC  7D                 	db	125
   342   0037ED  7D                 	db	125
   343   0037EE  7C                 	db	124
   344   0037EF  7C                 	db	124
   345   0037F0  7C                 	db	124
   346   0037F1  7C                 	db	124
   347   0037F2  7B                 	db	123
   348   0037F3  7B                 	db	123
   349   0037F4  7B                 	db	123
   350   0037F5  7B                 	db	123
   351   0037F6  7B                 	db	123
   352   0037F7  7A                 	db	122
   353   0037F8  7A                 	db	122
   354   0037F9  7A                 	db	122
   355   0037FA  7A                 	db	122
   356   0037FB  7A                 	db	122
   357   0037FC  79                 	db	121
   358   0037FD  79                 	db	121
   359   0037FE  79                 	db	121
   360   0037FF  79                 	db	121
   361   003800  79                 	db	121
   362   003801  78                 	db	120
   363   003802  78                 	db	120
   364   003803  78                 	db	120
   365   003804  78                 	db	120
   366   003805  78                 	db	120
   367   003806  77                 	db	119
   368   003807  77                 	db	119
   369   003808  77                 	db	119
   370   003809  77                 	db	119
   371   00380A  77                 	db	119
   372   00380B  76                 	db	118
   373   00380C  76                 	db	118
   374   00380D  76                 	db	118
   375   00380E  76                 	db	118
   376   00380F  76                 	db	118
   377   003810  75                 	db	117
   378   003811  75                 	db	117
   379   003812  75                 	db	117
   380   003813  75                 	db	117
   381   003814  75                 	db	117
   382   003815  74                 	db	116
   383   003816  74                 	db	116
   384   003817  74                 	db	116
   385   003818  74                 	db	116
   386   003819  74                 	db	116
   387   00381A  74                 	db	116
   388   00381B  73                 	db	115
   389   00381C  73                 	db	115
   390   00381D  73                 	db	115
   391   00381E  73                 	db	115
   392   00381F  73                 	db	115
   393   003820  73                 	db	115
   394   003821  72                 	db	114
   395   003822  72                 	db	114
   396   003823  72                 	db	114
   397   003824  72                 	db	114
   398   003825  72                 	db	114
   399   003826  71                 	db	113
   400   003827  71                 	db	113
   401   003828  71                 	db	113
   402   003829  71                 	db	113
   403   00382A  71                 	db	113
   404   00382B  71                 	db	113
   405   00382C  70                 	db	112
   406   00382D  70                 	db	112
   407   00382E  70                 	db	112
   408   00382F  70                 	db	112
   409   003830  70                 	db	112
   410   003831  70                 	db	112
   411   003832  6F                 	db	111
   412   003833  6F                 	db	111
   413   003834  6F                 	db	111
   414   003835  6F                 	db	111
   415   003836  6F                 	db	111
   416   003837  6F                 	db	111
   417   003838  6F                 	db	111
   418   003839  6E                 	db	110
   419   00383A  6E                 	db	110
   420   00383B  6E                 	db	110
   421   00383C  6E                 	db	110
   422   00383D  6E                 	db	110
   423   00383E  6E                 	db	110
   424   00383F  6D                 	db	109
   425   003840  6D                 	db	109
   426   003841  6D                 	db	109
   427   003842  6D                 	db	109
   428   003843  6D                 	db	109
   429   003844  6D                 	db	109
   430   003845  6D                 	db	109
   431   003846  6C                 	db	108
   432   003847  6C                 	db	108
   433   003848  6C                 	db	108
   434   003849  6C                 	db	108
   435   00384A  6C                 	db	108
   436   00384B  6C                 	db	108
   437   00384C  6B                 	db	107
   438   00384D  6B                 	db	107
   439   00384E  6B                 	db	107
   440   00384F  6B                 	db	107
   441   003850  6B                 	db	107
   442   003851  6B                 	db	107
   443   003852  6B                 	db	107
   444   003853  6A                 	db	106
   445   003854  6A                 	db	106
   446   003855  6A                 	db	106
   447   003856  6A                 	db	106
   448   003857  6A                 	db	106
   449   003858  6A                 	db	106
   450   003859  6A                 	db	106
   451   00385A  69                 	db	105
   452   00385B  69                 	db	105
   453   00385C  69                 	db	105
   454   00385D  69                 	db	105
   455   00385E  69                 	db	105
   456   00385F  69                 	db	105
   457   003860  69                 	db	105
   458   003861  69                 	db	105
   459   003862  68                 	db	104
   460   003863  68                 	db	104
   461   003864  68                 	db	104
   462   003865  68                 	db	104
   463   003866  68                 	db	104
   464   003867  68                 	db	104
   465   003868  68                 	db	104
   466   003869  67                 	db	103
   467   00386A  67                 	db	103
   468   00386B  67                 	db	103
   469   00386C  67                 	db	103
   470   00386D  67                 	db	103
   471   00386E  67                 	db	103
   472   00386F  67                 	db	103
   473   003870  67                 	db	103
   474   003871  66                 	db	102
   475   003872  66                 	db	102
   476   003873  66                 	db	102
   477   003874  66                 	db	102
   478   003875  66                 	db	102
   479   003876  66                 	db	102
   480   003877  66                 	db	102
   481   003878  66                 	db	102
   482   003879  65                 	db	101
   483   00387A  65                 	db	101
   484   00387B  65                 	db	101
   485   00387C  65                 	db	101
   486   00387D  65                 	db	101
   487   00387E  65                 	db	101
   488   00387F  65                 	db	101
   489   003880  65                 	db	101
   490   003881  64                 	db	100
   491   003882  64                 	db	100
   492   003883  64                 	db	100
   493   003884  64                 	db	100
   494   003885  64                 	db	100
   495   003886  64                 	db	100
   496   003887  64                 	db	100
   497   003888  64                 	db	100
   498   003889  63                 	db	99
   499   00388A  63                 	db	99
   500   00388B  63                 	db	99
   501   00388C  63                 	db	99
   502   00388D  63                 	db	99
   503   00388E  63                 	db	99
   504   00388F  63                 	db	99
   505   003890  63                 	db	99
   506   003891  63                 	db	99
   507   003892  62                 	db	98
   508   003893  62                 	db	98
   509   003894  62                 	db	98
   510   003895  62                 	db	98
   511   003896  62                 	db	98
   512   003897  62                 	db	98
   513   003898  62                 	db	98
   514   003899  62                 	db	98
   515   00389A  61                 	db	97
   516   00389B  61                 	db	97
   517   00389C  61                 	db	97
   518   00389D  61                 	db	97
   519   00389E  61                 	db	97
   520   00389F  61                 	db	97
   521   0038A0  61                 	db	97
   522   0038A1  61                 	db	97
   523   0038A2  61                 	db	97
   524   0038A3  60                 	db	96
   525   0038A4  60                 	db	96
   526   0038A5  60                 	db	96
   527   0038A6  60                 	db	96
   528   0038A7  60                 	db	96
   529   0038A8  60                 	db	96
   530   0038A9  60                 	db	96
   531   0038AA  60                 	db	96
   532   0038AB  60                 	db	96
   533   0038AC  5F                 	db	95
   534   0038AD  5F                 	db	95
   535   0038AE  5F                 	db	95
   536   0038AF  5F                 	db	95
   537   0038B0  5F                 	db	95
   538   0038B1  5F                 	db	95
   539   0038B2  5F                 	db	95
   540   0038B3  5F                 	db	95
   541   0038B4  5F                 	db	95
   542   0038B5  5F                 	db	95
   543   0038B6  5E                 	db	94
   544   0038B7  5E                 	db	94
   545   0038B8  5E                 	db	94
   546   0038B9  5E                 	db	94
   547   0038BA  5E                 	db	94
   548   0038BB  5E                 	db	94
   549   0038BC  5E                 	db	94
   550   0038BD  5E                 	db	94
   551   0038BE  5E                 	db	94
   552   0038BF  5D                 	db	93
   553   0038C0  5D                 	db	93
   554   0038C1  5D                 	db	93
   555   0038C2  5D                 	db	93
   556   0038C3  5D                 	db	93
   557   0038C4  5D                 	db	93
   558   0038C5  5D                 	db	93
   559   0038C6  5D                 	db	93
   560   0038C7  5D                 	db	93
   561   0038C8  5D                 	db	93
   562   0038C9  5C                 	db	92
   563   0038CA  5C                 	db	92
   564   0038CB  5C                 	db	92
   565   0038CC  5C                 	db	92
   566   0038CD  5C                 	db	92
   567   0038CE  5C                 	db	92
   568   0038CF  5C                 	db	92
   569   0038D0  5C                 	db	92
   570   0038D1  5C                 	db	92
   571   0038D2  5C                 	db	92
   572   0038D3  5B                 	db	91
   573   0038D4  5B                 	db	91
   574   0038D5  5B                 	db	91
   575   0038D6  5B                 	db	91
   576   0038D7  5B                 	db	91
   577   0038D8  5B                 	db	91
   578   0038D9  5B                 	db	91
   579   0038DA  5B                 	db	91
   580   0038DB  5B                 	db	91
   581   0038DC  5B                 	db	91
   582   0038DD  5B                 	db	91
   583   0038DE  5A                 	db	90
   584   0038DF  5A                 	db	90
   585   0038E0  5A                 	db	90
   586   0038E1  5A                 	db	90
   587   0038E2  5A                 	db	90
   588   0038E3  5A                 	db	90
   589   0038E4  5A                 	db	90
   590   0038E5  5A                 	db	90
   591   0038E6  5A                 	db	90
   592   0038E7  5A                 	db	90
   593   0038E8  5A                 	db	90
   594   0038E9  59                 	db	89
   595   0038EA  59                 	db	89
   596   0038EB  59                 	db	89
   597   0038EC  59                 	db	89
   598   0038ED  59                 	db	89
   599   0038EE  59                 	db	89
   600   0038EF  59                 	db	89
   601   0038F0  59                 	db	89
   602   0038F1  59                 	db	89
   603   0038F2  59                 	db	89
   604   0038F3  59                 	db	89
   605   0038F4  58                 	db	88
   606   0038F5  58                 	db	88
   607   0038F6  58                 	db	88
   608   0038F7  58                 	db	88
   609   0038F8  58                 	db	88
   610   0038F9  58                 	db	88
   611   0038FA  58                 	db	88
   612   0038FB  58                 	db	88
   613   0038FC  58                 	db	88
   614   0038FD  58                 	db	88
   615   0038FE  58                 	db	88
   616   0038FF  57                 	db	87
   617   003900  57                 	db	87
   618   003901  57                 	db	87
   619   003902  57                 	db	87
   620   003903  57                 	db	87
   621   003904  57                 	db	87
   622   003905  57                 	db	87
   623   003906  57                 	db	87
   624   003907  57                 	db	87
   625   003908  57                 	db	87
   626   003909  57                 	db	87
   627   00390A  56                 	db	86
   628   00390B  56                 	db	86
   629   00390C  56                 	db	86
   630   00390D  56                 	db	86
   631   00390E  56                 	db	86
   632   00390F  56                 	db	86
   633   003910  56                 	db	86
   634   003911  56                 	db	86
   635   003912  56                 	db	86
   636   003913  56                 	db	86
   637   003914  56                 	db	86
   638   003915  56                 	db	86
   639   003916  55                 	db	85
   640   003917  55                 	db	85
   641   003918  55                 	db	85
   642   003919  55                 	db	85
   643   00391A  55                 	db	85
   644   00391B  55                 	db	85
   645   00391C  55                 	db	85
   646   00391D  55                 	db	85
   647   00391E  55                 	db	85
   648   00391F  55                 	db	85
   649   003920  55                 	db	85
   650   003921  55                 	db	85
   651   003922  54                 	db	84
   652   003923  54                 	db	84
   653   003924  54                 	db	84
   654   003925  54                 	db	84
   655   003926  54                 	db	84
   656   003927  54                 	db	84
   657   003928  54                 	db	84
   658   003929  54                 	db	84
   659   00392A  54                 	db	84
   660   00392B  54                 	db	84
   661   00392C  54                 	db	84
   662   00392D  54                 	db	84
   663   00392E  54                 	db	84
   664   00392F  53                 	db	83
   665   003930  53                 	db	83
   666   003931  53                 	db	83
   667   003932  53                 	db	83
   668   003933  53                 	db	83
   669   003934  53                 	db	83
   670   003935  53                 	db	83
   671   003936  53                 	db	83
   672   003937  53                 	db	83
   673   003938  53                 	db	83
   674   003939  53                 	db	83
   675   00393A  53                 	db	83
   676   00393B  52                 	db	82
   677   00393C  52                 	db	82
   678   00393D  52                 	db	82
   679   00393E  52                 	db	82
   680   00393F  52                 	db	82
   681   003940  52                 	db	82
   682   003941  52                 	db	82
   683   003942  52                 	db	82
   684   003943  52                 	db	82
   685   003944  52                 	db	82
   686   003945  52                 	db	82
   687   003946  52                 	db	82
   688   003947  52                 	db	82
   689   003948  52                 	db	82
   690   003949  51                 	db	81
   691   00394A  51                 	db	81
   692   00394B  51                 	db	81
   693   00394C  51                 	db	81
   694   00394D  51                 	db	81
   695   00394E  51                 	db	81
   696   00394F  51                 	db	81
   697   003950  51                 	db	81
   698   003951  51                 	db	81
   699   003952  51                 	db	81
   700   003953  51                 	db	81
   701   003954  51                 	db	81
   702   003955  51                 	db	81
   703   003956  50                 	db	80
   704   003957  50                 	db	80
   705   003958  50                 	db	80
   706   003959  50                 	db	80
   707   00395A  50                 	db	80
   708   00395B  50                 	db	80
   709   00395C  50                 	db	80
   710   00395D  50                 	db	80
   711   00395E  50                 	db	80
   712   00395F  50                 	db	80
   713   003960  50                 	db	80
   714   003961  50                 	db	80
   715   003962  50                 	db	80
   716   003963  50                 	db	80
   717   003964  4F                 	db	79
   718   003965  4F                 	db	79
   719   003966  4F                 	db	79
   720   003967  4F                 	db	79
   721   003968  4F                 	db	79
   722   003969  4F                 	db	79
   723   00396A  4F                 	db	79
   724   00396B  4F                 	db	79
   725   00396C  4F                 	db	79
   726   00396D  4F                 	db	79
   727   00396E  4F                 	db	79
   728   00396F  4F                 	db	79
   729   003970  4F                 	db	79
   730   003971  4F                 	db	79
   731   003972  4E                 	db	78
   732   003973  4E                 	db	78
   733   003974  4E                 	db	78
   734   003975  4E                 	db	78
   735   003976  4E                 	db	78
   736   003977  4E                 	db	78
   737   003978  4E                 	db	78
   738   003979  4E                 	db	78
   739   00397A  4E                 	db	78
   740   00397B  4E                 	db	78
   741   00397C  4E                 	db	78
   742   00397D  4E                 	db	78
   743   00397E  4E                 	db	78
   744   00397F  4E                 	db	78
   745   003980  4D                 	db	77
   746   003981  4D                 	db	77
   747   003982  4D                 	db	77
   748   003983  4D                 	db	77
   749   003984  4D                 	db	77
   750   003985  4D                 	db	77
   751   003986  4D                 	db	77
   752   003987  4D                 	db	77
   753   003988  4D                 	db	77
   754   003989  4D                 	db	77
   755   00398A  4D                 	db	77
   756   00398B  4D                 	db	77
   757   00398C  4D                 	db	77
   758   00398D  4D                 	db	77
   759   00398E  4D                 	db	77
   760   00398F  4C                 	db	76
   761   003990  4C                 	db	76
   762   003991  4C                 	db	76
   763   003992  4C                 	db	76
   764   003993  4C                 	db	76
   765   003994  4C                 	db	76
   766   003995  4C                 	db	76
   767   003996  4C                 	db	76
   768   003997  4C                 	db	76
   769   003998  4C                 	db	76
   770   003999  4C                 	db	76
   771   00399A  4C                 	db	76
   772   00399B  4C                 	db	76
   773   00399C  4C                 	db	76
   774   00399D  4C                 	db	76
   775   00399E  4C                 	db	76
   776   00399F  4B                 	db	75
   777   0039A0  4B                 	db	75
   778   0039A1  4B                 	db	75
   779   0039A2  4B                 	db	75
   780   0039A3  4B                 	db	75
   781   0039A4  4B                 	db	75
   782   0039A5  4B                 	db	75
   783   0039A6  4B                 	db	75
   784   0039A7  4B                 	db	75
   785   0039A8  4B                 	db	75
   786   0039A9  4B                 	db	75
   787   0039AA  4B                 	db	75
   788   0039AB  4B                 	db	75
   789   0039AC  4B                 	db	75
   790   0039AD  4B                 	db	75
   791   0039AE  4A                 	db	74
   792   0039AF  4A                 	db	74
   793   0039B0  4A                 	db	74
   794   0039B1  4A                 	db	74
   795   0039B2  4A                 	db	74
   796   0039B3  4A                 	db	74
   797   0039B4  4A                 	db	74
   798   0039B5  4A                 	db	74
   799   0039B6  4A                 	db	74
   800   0039B7  4A                 	db	74
   801   0039B8  4A                 	db	74
   802   0039B9  4A                 	db	74
   803   0039BA  4A                 	db	74
   804   0039BB  4A                 	db	74
   805   0039BC  4A                 	db	74
   806   0039BD  4A                 	db	74
   807   0039BE  49                 	db	73
   808   0039BF  49                 	db	73
   809   0039C0  49                 	db	73
   810   0039C1  49                 	db	73
   811   0039C2  49                 	db	73
   812   0039C3  49                 	db	73
   813   0039C4  49                 	db	73
   814   0039C5  49                 	db	73
   815   0039C6  49                 	db	73
   816   0039C7  49                 	db	73
   817   0039C8  49                 	db	73
   818   0039C9  49                 	db	73
   819   0039CA  49                 	db	73
   820   0039CB  49                 	db	73
   821   0039CC  49                 	db	73
   822   0039CD  49                 	db	73
   823   0039CE  49                 	db	73
   824   0039CF  48                 	db	72
   825   0039D0  48                 	db	72
   826   0039D1  48                 	db	72
   827   0039D2  48                 	db	72
   828   0039D3  48                 	db	72
   829   0039D4  48                 	db	72
   830   0039D5  48                 	db	72
   831   0039D6  48                 	db	72
   832   0039D7  48                 	db	72
   833   0039D8  48                 	db	72
   834   0039D9  48                 	db	72
   835   0039DA  48                 	db	72
   836   0039DB  48                 	db	72
   837   0039DC  48                 	db	72
   838   0039DD  48                 	db	72
   839   0039DE  48                 	db	72
   840   0039DF  47                 	db	71
   841   0039E0  47                 	db	71
   842   0039E1  47                 	db	71
   843   0039E2  47                 	db	71
   844   0039E3  47                 	db	71
   845   0039E4  47                 	db	71
   846   0039E5  47                 	db	71
   847   0039E6  47                 	db	71
   848   0039E7  47                 	db	71
   849   0039E8  47                 	db	71
   850   0039E9  47                 	db	71
   851   0039EA  47                 	db	71
   852   0039EB  47                 	db	71
   853   0039EC  47                 	db	71
   854   0039ED  47                 	db	71
   855   0039EE  47                 	db	71
   856   0039EF  47                 	db	71
   857   0039F0  47                 	db	71
   858   0039F1  46                 	db	70
   859   0039F2  46                 	db	70
   860   0039F3  46                 	db	70
   861   0039F4  46                 	db	70
   862   0039F5  46                 	db	70
   863   0039F6  46                 	db	70
   864   0039F7  46                 	db	70
   865   0039F8  46                 	db	70
   866   0039F9  46                 	db	70
   867   0039FA  46                 	db	70
   868   0039FB  46                 	db	70
   869   0039FC  46                 	db	70
   870   0039FD  46                 	db	70
   871   0039FE  46                 	db	70
   872   0039FF  46                 	db	70
   873   003A00  46                 	db	70
   874   003A01  46                 	db	70
   875   003A02  45                 	db	69
   876   003A03  45                 	db	69
   877   003A04  45                 	db	69
   878   003A05  45                 	db	69
   879   003A06  45                 	db	69
   880   003A07  45                 	db	69
   881   003A08  45                 	db	69
   882   003A09  45                 	db	69
   883   003A0A  45                 	db	69
   884   003A0B  45                 	db	69
   885   003A0C  45                 	db	69
   886   003A0D  45                 	db	69
   887   003A0E  45                 	db	69
   888   003A0F  45                 	db	69
   889   003A10  45                 	db	69
   890   003A11  45                 	db	69
   891   003A12  45                 	db	69
   892   003A13  45                 	db	69
   893   003A14  45                 	db	69
   894   003A15  44                 	db	68
   895   003A16  44                 	db	68
   896   003A17  44                 	db	68
   897   003A18  44                 	db	68
   898   003A19  44                 	db	68
   899   003A1A  44                 	db	68
   900   003A1B  44                 	db	68
   901   003A1C  44                 	db	68
   902   003A1D  44                 	db	68
   903   003A1E  44                 	db	68
   904   003A1F  44                 	db	68
   905   003A20  44                 	db	68
   906   003A21  44                 	db	68
   907   003A22  44                 	db	68
   908   003A23  44                 	db	68
   909   003A24  44                 	db	68
   910   003A25  44                 	db	68
   911   003A26  44                 	db	68
   912   003A27  43                 	db	67
   913   003A28  43                 	db	67
   914   003A29  43                 	db	67
   915   003A2A  43                 	db	67
   916   003A2B  43                 	db	67
   917   003A2C  43                 	db	67
   918   003A2D  43                 	db	67
   919   003A2E  43                 	db	67
   920   003A2F  43                 	db	67
   921   003A30  43                 	db	67
   922   003A31  43                 	db	67
   923   003A32  43                 	db	67
   924   003A33  43                 	db	67
   925   003A34  43                 	db	67
   926   003A35  43                 	db	67
   927   003A36  43                 	db	67
   928   003A37  43                 	db	67
   929   003A38  43                 	db	67
   930   003A39  43                 	db	67
   931   003A3A  42                 	db	66
   932   003A3B  42                 	db	66
   933   003A3C  42                 	db	66
   934   003A3D  42                 	db	66
   935   003A3E  42                 	db	66
   936   003A3F  42                 	db	66
   937   003A40  42                 	db	66
   938   003A41  42                 	db	66
   939   003A42  42                 	db	66
   940   003A43  42                 	db	66
   941   003A44  42                 	db	66
   942   003A45  42                 	db	66
   943   003A46  42                 	db	66
   944   003A47  42                 	db	66
   945   003A48  42                 	db	66
   946   003A49  42                 	db	66
   947   003A4A  42                 	db	66
   948   003A4B  42                 	db	66
   949   003A4C  42                 	db	66
   950   003A4D  42                 	db	66
   951   003A4E  41                 	db	65
   952   003A4F  41                 	db	65
   953   003A50  41                 	db	65
   954   003A51  41                 	db	65
   955   003A52  41                 	db	65
   956   003A53  41                 	db	65
   957   003A54  41                 	db	65
   958   003A55  41                 	db	65
   959   003A56  41                 	db	65
   960   003A57  41                 	db	65
   961   003A58  41                 	db	65
   962   003A59  41                 	db	65
   963   003A5A  41                 	db	65
   964   003A5B  41                 	db	65
   965   003A5C  41                 	db	65
   966   003A5D  41                 	db	65
   967   003A5E  41                 	db	65
   968   003A5F  41                 	db	65
   969   003A60  41                 	db	65
   970   003A61  40                 	db	64
   971   003A62  40                 	db	64
   972   003A63  40                 	db	64
   973   003A64  40                 	db	64
   974   003A65  40                 	db	64
   975   003A66  40                 	db	64
   976   003A67  40                 	db	64
   977   003A68  40                 	db	64
   978   003A69  40                 	db	64
   979   003A6A  40                 	db	64
   980   003A6B  40                 	db	64
   981   003A6C  40                 	db	64
   982   003A6D  40                 	db	64
   983   003A6E  40                 	db	64
   984   003A6F  40                 	db	64
   985   003A70  40                 	db	64
   986   003A71  40                 	db	64
   987   003A72  40                 	db	64
   988   003A73  40                 	db	64
   989   003A74  40                 	db	64
   990   003A75  40                 	db	64
   991   003A76  3F                 	db	63
   992   003A77  3F                 	db	63
   993   003A78  3F                 	db	63
   994   003A79  3F                 	db	63
   995   003A7A  3F                 	db	63
   996   003A7B  3F                 	db	63
   997   003A7C  3F                 	db	63
   998   003A7D  3F                 	db	63
   999   003A7E  3F                 	db	63
  1000   003A7F  3F                 	db	63
  1001   003A80  3F                 	db	63
  1002   003A81  3F                 	db	63
  1003   003A82  3F                 	db	63
  1004   003A83  3F                 	db	63
  1005   003A84  3F                 	db	63
  1006   003A85  3F                 	db	63
  1007   003A86  3F                 	db	63
  1008   003A87  3F                 	db	63
  1009   003A88  3F                 	db	63
  1010   003A89  3F                 	db	63
  1011   003A8A  3F                 	db	63
  1012   003A8B  3E                 	db	62
  1013   003A8C  3E                 	db	62
  1014   003A8D  3E                 	db	62
  1015   003A8E  3E                 	db	62
  1016   003A8F  3E                 	db	62
  1017   003A90  3E                 	db	62
  1018   003A91  3E                 	db	62
  1019   003A92  3E                 	db	62
  1020   003A93  3E                 	db	62
  1021   003A94  3E                 	db	62
  1022   003A95  3E                 	db	62
  1023   003A96  3E                 	db	62
  1024   003A97  3E                 	db	62
  1025   003A98  3E                 	db	62
  1026   003A99  3E                 	db	62
  1027   003A9A  3E                 	db	62
  1028   003A9B  3E                 	db	62
  1029   003A9C  3E                 	db	62
  1030   003A9D  3E                 	db	62
  1031   003A9E  3E                 	db	62
  1032   003A9F  3E                 	db	62
  1033   003AA0  3D                 	db	61
  1034   003AA1  3D                 	db	61
  1035   003AA2  3D                 	db	61
  1036   003AA3  3D                 	db	61
  1037   003AA4  3D                 	db	61
  1038   003AA5  3D                 	db	61
  1039   003AA6  3D                 	db	61
  1040   003AA7  3D                 	db	61
  1041   003AA8  3D                 	db	61
  1042   003AA9  3D                 	db	61
  1043   003AAA  3D                 	db	61
  1044   003AAB  3D                 	db	61
  1045   003AAC  3D                 	db	61
  1046   003AAD  3D                 	db	61
  1047   003AAE  3D                 	db	61
  1048   003AAF  3D                 	db	61
  1049   003AB0  3D                 	db	61
  1050   003AB1  3D                 	db	61
  1051   003AB2  3D                 	db	61
  1052   003AB3  3D                 	db	61
  1053   003AB4  3D                 	db	61
  1054   003AB5  3D                 	db	61
  1055   003AB6  3C                 	db	60
  1056   003AB7  3C                 	db	60
  1057   003AB8  3C                 	db	60
  1058   003AB9  3C                 	db	60
  1059   003ABA  3C                 	db	60
  1060   003ABB  3C                 	db	60
  1061   003ABC  3C                 	db	60
  1062   003ABD  3C                 	db	60
  1063   003ABE  3C                 	db	60
  1064   003ABF  3C                 	db	60
  1065   003AC0  3C                 	db	60
  1066   003AC1  3C                 	db	60
  1067   003AC2  3C                 	db	60
  1068   003AC3  3C                 	db	60
  1069   003AC4  3C                 	db	60
  1070   003AC5  3C                 	db	60
  1071   003AC6  3C                 	db	60
  1072   003AC7  3C                 	db	60
  1073   003AC8  3C                 	db	60
  1074   003AC9  3C                 	db	60
  1075   003ACA  3C                 	db	60
  1076   003ACB  3C                 	db	60
  1077   003ACC  3B                 	db	59
  1078   003ACD  3B                 	db	59
  1079   003ACE  3B                 	db	59
  1080   003ACF  3B                 	db	59
  1081   003AD0  3B                 	db	59
  1082   003AD1  3B                 	db	59
  1083   003AD2  3B                 	db	59
  1084   003AD3  3B                 	db	59
  1085   003AD4  3B                 	db	59
  1086   003AD5  3B                 	db	59
  1087   003AD6  3B                 	db	59
  1088   003AD7  3B                 	db	59
  1089   003AD8  3B                 	db	59
  1090   003AD9  3B                 	db	59
  1091   003ADA  3B                 	db	59
  1092   003ADB  3B                 	db	59
  1093   003ADC  3B                 	db	59
  1094   003ADD  3B                 	db	59
  1095   003ADE  3B                 	db	59
  1096   003ADF  3B                 	db	59
  1097   003AE0  3B                 	db	59
  1098   003AE1  3B                 	db	59
  1099   003AE2  3B                 	db	59
  1100   003AE3  3A                 	db	58
  1101   003AE4  3A                 	db	58
  1102   003AE5  3A                 	db	58
  1103   003AE6  3A                 	db	58
  1104   003AE7  3A                 	db	58
  1105   003AE8  3A                 	db	58
  1106   003AE9  3A                 	db	58
  1107   003AEA  3A                 	db	58
  1108   003AEB  3A                 	db	58
  1109   003AEC  3A                 	db	58
  1110   003AED  3A                 	db	58
  1111   003AEE  3A                 	db	58
  1112   003AEF  3A                 	db	58
  1113   003AF0  3A                 	db	58
  1114   003AF1  3A                 	db	58
  1115   003AF2  3A                 	db	58
  1116   003AF3  3A                 	db	58
  1117   003AF4  3A                 	db	58
  1118   003AF5  3A                 	db	58
  1119   003AF6  3A                 	db	58
  1120   003AF7  3A                 	db	58
  1121   003AF8  3A                 	db	58
  1122   003AF9  3A                 	db	58
  1123   003AFA  3A                 	db	58
  1124   003AFB  39                 	db	57
  1125   003AFC  39                 	db	57
  1126   003AFD  39                 	db	57
  1127   003AFE  39                 	db	57
  1128   003AFF  39                 	db	57
  1129   003B00  39                 	db	57
  1130   003B01  39                 	db	57
  1131   003B02  39                 	db	57
  1132   003B03  39                 	db	57
  1133   003B04  39                 	db	57
  1134   003B05  39                 	db	57
  1135   003B06  39                 	db	57
  1136   003B07  39                 	db	57
  1137   003B08  39                 	db	57
  1138   003B09  39                 	db	57
  1139   003B0A  39                 	db	57
  1140   003B0B  39                 	db	57
  1141   003B0C  39                 	db	57
  1142   003B0D  39                 	db	57
  1143   003B0E  39                 	db	57
  1144   003B0F  39                 	db	57
  1145   003B10  39                 	db	57
  1146   003B11  39                 	db	57
  1147   003B12  39                 	db	57
  1148   003B13  38                 	db	56
  1149   003B14  38                 	db	56
  1150   003B15  38                 	db	56
  1151   003B16  38                 	db	56
  1152   003B17  38                 	db	56
  1153   003B18  38                 	db	56
  1154   003B19  38                 	db	56
  1155   003B1A  38                 	db	56
  1156   003B1B  38                 	db	56
  1157   003B1C  38                 	db	56
  1158   003B1D  38                 	db	56
  1159   003B1E  38                 	db	56
  1160   003B1F  38                 	db	56
  1161   003B20  38                 	db	56
  1162   003B21  38                 	db	56
  1163   003B22  38                 	db	56
  1164   003B23  38                 	db	56
  1165   003B24  38                 	db	56
  1166   003B25  38                 	db	56
  1167   003B26  38                 	db	56
  1168   003B27  38                 	db	56
  1169   003B28  38                 	db	56
  1170   003B29  38                 	db	56
  1171   003B2A  38                 	db	56
  1172   003B2B  37                 	db	55
  1173   003B2C  37                 	db	55
  1174   003B2D  37                 	db	55
  1175   003B2E  37                 	db	55
  1176   003B2F  37                 	db	55
  1177   003B30  37                 	db	55
  1178   003B31  37                 	db	55
  1179   003B32  37                 	db	55
  1180   003B33  37                 	db	55
  1181   003B34  37                 	db	55
  1182   003B35  37                 	db	55
  1183   003B36  37                 	db	55
  1184   003B37  37                 	db	55
  1185   003B38  37                 	db	55
  1186   003B39  37                 	db	55
  1187   003B3A  37                 	db	55
  1188   003B3B  37                 	db	55
  1189   003B3C  37                 	db	55
  1190   003B3D  37                 	db	55
  1191   003B3E  37                 	db	55
  1192   003B3F  37                 	db	55
  1193   003B40  37                 	db	55
  1194   003B41  37                 	db	55
  1195   003B42  37                 	db	55
  1196   003B43  37                 	db	55
  1197   003B44  36                 	db	54
  1198   003B45  36                 	db	54
  1199   003B46  36                 	db	54
  1200   003B47  36                 	db	54
  1201   003B48  36                 	db	54
  1202   003B49  36                 	db	54
  1203   003B4A  36                 	db	54
  1204   003B4B  36                 	db	54
  1205   003B4C  36                 	db	54
  1206   003B4D  36                 	db	54
  1207   003B4E  36                 	db	54
  1208   003B4F  36                 	db	54
  1209   003B50  36                 	db	54
  1210   003B51  36                 	db	54
  1211   003B52  36                 	db	54
  1212   003B53  36                 	db	54
  1213   003B54  36                 	db	54
  1214   003B55  36                 	db	54
  1215   003B56  36                 	db	54
  1216   003B57  36                 	db	54
  1217   003B58  36                 	db	54
  1218   003B59  36                 	db	54
  1219   003B5A  36                 	db	54
  1220   003B5B  36                 	db	54
  1221   003B5C  36                 	db	54
  1222   003B5D  36                 	db	54
  1223   003B5E  35                 	db	53
  1224   003B5F  35                 	db	53
  1225   003B60  35                 	db	53
  1226   003B61  35                 	db	53
  1227   003B62  35                 	db	53
  1228   003B63  35                 	db	53
  1229   003B64  35                 	db	53
  1230   003B65  35                 	db	53
  1231   003B66  35                 	db	53
  1232   003B67  35                 	db	53
  1233   003B68  35                 	db	53
  1234   003B69  35                 	db	53
  1235   003B6A  35                 	db	53
  1236   003B6B  35                 	db	53
  1237   003B6C  35                 	db	53
  1238   003B6D  35                 	db	53
  1239   003B6E  35                 	db	53
  1240   003B6F  35                 	db	53
  1241   003B70  35                 	db	53
  1242   003B71  35                 	db	53
  1243   003B72  35                 	db	53
  1244   003B73  35                 	db	53
  1245   003B74  35                 	db	53
  1246   003B75  35                 	db	53
  1247   003B76  35                 	db	53
  1248   003B77  35                 	db	53
  1249   003B78  34                 	db	52
  1250   003B79  34                 	db	52
  1251   003B7A  34                 	db	52
  1252   003B7B  34                 	db	52
  1253   003B7C  34                 	db	52
  1254   003B7D  34                 	db	52
  1255   003B7E  34                 	db	52
  1256   003B7F  34                 	db	52
  1257   003B80  34                 	db	52
  1258   003B81  34                 	db	52
  1259   003B82  34                 	db	52
  1260   003B83  34                 	db	52
  1261   003B84  34                 	db	52
  1262   003B85  34                 	db	52
  1263   003B86  34                 	db	52
  1264   003B87  34                 	db	52
  1265   003B88  34                 	db	52
  1266   003B89  34                 	db	52
  1267   003B8A  34                 	db	52
  1268   003B8B  34                 	db	52
  1269   003B8C  34                 	db	52
  1270   003B8D  34                 	db	52
  1271   003B8E  34                 	db	52
  1272   003B8F  34                 	db	52
  1273   003B90  34                 	db	52
  1274   003B91  34                 	db	52
  1275   003B92  33                 	db	51
  1276   003B93  33                 	db	51
  1277   003B94  33                 	db	51
  1278   003B95  33                 	db	51
  1279   003B96  33                 	db	51
  1280   003B97  33                 	db	51
  1281   003B98  33                 	db	51
  1282   003B99  33                 	db	51
  1283   003B9A  33                 	db	51
  1284   003B9B  33                 	db	51
  1285   003B9C  33                 	db	51
  1286   003B9D  33                 	db	51
  1287   003B9E  33                 	db	51
  1288   003B9F  33                 	db	51
  1289   003BA0  33                 	db	51
  1290   003BA1  33                 	db	51
  1291   003BA2  33                 	db	51
  1292   003BA3  33                 	db	51
  1293   003BA4  33                 	db	51
  1294   003BA5  33                 	db	51
  1295   003BA6  33                 	db	51
  1296   003BA7  33                 	db	51
  1297   003BA8  33                 	db	51
  1298   003BA9  33                 	db	51
  1299   003BAA  33                 	db	51
  1300   003BAB  33                 	db	51
  1301   003BAC  33                 	db	51
  1302   003BAD  33                 	db	51
  1303   003BAE  32                 	db	50
  1304   003BAF  32                 	db	50
  1305   003BB0  32                 	db	50
  1306   003BB1  32                 	db	50
  1307   003BB2  32                 	db	50
  1308   003BB3  32                 	db	50
  1309   003BB4  32                 	db	50
  1310   003BB5  32                 	db	50
  1311   003BB6  32                 	db	50
  1312   003BB7  32                 	db	50
  1313   003BB8  32                 	db	50
  1314   003BB9  32                 	db	50
  1315   003BBA  32                 	db	50
  1316   003BBB  32                 	db	50
  1317   003BBC  32                 	db	50
  1318   003BBD  32                 	db	50
  1319   003BBE  32                 	db	50
  1320   003BBF  32                 	db	50
  1321   003BC0  32                 	db	50
  1322   003BC1  32                 	db	50
  1323   003BC2  32                 	db	50
  1324   003BC3  32                 	db	50
  1325   003BC4  32                 	db	50
  1326   003BC5  32                 	db	50
  1327   003BC6  32                 	db	50
  1328   003BC7  32                 	db	50
  1329   003BC8  32                 	db	50
  1330   003BC9  31                 	db	49
  1331   003BCA  31                 	db	49
  1332   003BCB  31                 	db	49
  1333   003BCC  31                 	db	49
  1334   003BCD  31                 	db	49
  1335   003BCE  31                 	db	49
  1336   003BCF  31                 	db	49
  1337   003BD0  31                 	db	49
  1338   003BD1  31                 	db	49
  1339   003BD2  31                 	db	49
  1340   003BD3  31                 	db	49
  1341   003BD4  31                 	db	49
  1342   003BD5  31                 	db	49
  1343   003BD6  31                 	db	49
  1344   003BD7  31                 	db	49
  1345   003BD8  31                 	db	49
  1346   003BD9  31                 	db	49
  1347   003BDA  31                 	db	49
  1348   003BDB  31                 	db	49
  1349   003BDC  31                 	db	49
  1350   003BDD  31                 	db	49
  1351   003BDE  31                 	db	49
  1352   003BDF  31                 	db	49
  1353   003BE0  31                 	db	49
  1354   003BE1  31                 	db	49
  1355   003BE2  31                 	db	49
  1356   003BE3  31                 	db	49
  1357   003BE4  31                 	db	49
  1358   003BE5  31                 	db	49
  1359   003BE6  30                 	db	48
  1360   003BE7  30                 	db	48
  1361   003BE8  30                 	db	48
  1362   003BE9  30                 	db	48
  1363   003BEA  30                 	db	48
  1364   003BEB  30                 	db	48
  1365   003BEC  30                 	db	48
  1366   003BED  30                 	db	48
  1367   003BEE  30                 	db	48
  1368   003BEF  30                 	db	48
  1369   003BF0  30                 	db	48
  1370   003BF1  30                 	db	48
  1371   003BF2  30                 	db	48
  1372   003BF3  30                 	db	48
  1373   003BF4  30                 	db	48
  1374   003BF5  30                 	db	48
  1375   003BF6  30                 	db	48
  1376   003BF7  30                 	db	48
  1377   003BF8  30                 	db	48
  1378   003BF9  30                 	db	48
  1379   003BFA  30                 	db	48
  1380   003BFB  30                 	db	48
  1381   003BFC  30                 	db	48
  1382   003BFD  30                 	db	48
  1383   003BFE  30                 	db	48
  1384   003BFF  30                 	db	48
  1385   003C00  30                 	db	48
  1386   003C01  30                 	db	48
  1387   003C02  30                 	db	48
  1388   003C03  2F                 	db	47
  1389   003C04  2F                 	db	47
  1390   003C05  2F                 	db	47
  1391   003C06  2F                 	db	47
  1392   003C07  2F                 	db	47
  1393   003C08  2F                 	db	47
  1394   003C09  2F                 	db	47
  1395   003C0A  2F                 	db	47
  1396   003C0B  2F                 	db	47
  1397   003C0C  2F                 	db	47
  1398   003C0D  2F                 	db	47
  1399   003C0E  2F                 	db	47
  1400   003C0F  2F                 	db	47
  1401   003C10  2F                 	db	47
  1402   003C11  2F                 	db	47
  1403   003C12  2F                 	db	47
  1404   003C13  2F                 	db	47
  1405   003C14  2F                 	db	47
  1406   003C15  2F                 	db	47
  1407   003C16  2F                 	db	47
  1408   003C17  2F                 	db	47
  1409   003C18  2F                 	db	47
  1410   003C19  2F                 	db	47
  1411   003C1A  2F                 	db	47
  1412   003C1B  2F                 	db	47
  1413   003C1C  2F                 	db	47
  1414   003C1D  2F                 	db	47
  1415   003C1E  2F                 	db	47
  1416   003C1F  2F                 	db	47
  1417   003C20  2E                 	db	46
  1418   003C21  2E                 	db	46
  1419   003C22  2E                 	db	46
  1420   003C23  2E                 	db	46
  1421   003C24  2E                 	db	46
  1422   003C25  2E                 	db	46
  1423   003C26  2E                 	db	46
  1424   003C27  2E                 	db	46
  1425   003C28  2E                 	db	46
  1426   003C29  2E                 	db	46
  1427   003C2A  2E                 	db	46
  1428   003C2B  2E                 	db	46
  1429   003C2C  2E                 	db	46
  1430   003C2D  2E                 	db	46
  1431   003C2E  2E                 	db	46
  1432   003C2F  2E                 	db	46
  1433   003C30  2E                 	db	46
  1434   003C31  2E                 	db	46
  1435   003C32  2E                 	db	46
  1436   003C33  2E                 	db	46
  1437   003C34  2E                 	db	46
  1438   003C35  2E                 	db	46
  1439   003C36  2E                 	db	46
  1440   003C37  2E                 	db	46
  1441   003C38  2E                 	db	46
  1442   003C39  2E                 	db	46
  1443   003C3A  2E                 	db	46
  1444   003C3B  2E                 	db	46
  1445   003C3C  2E                 	db	46
  1446   003C3D  2E                 	db	46
  1447   003C3E  2D                 	db	45
  1448   003C3F  2D                 	db	45
  1449   003C40  2D                 	db	45
  1450   003C41  2D                 	db	45
  1451   003C42  2D                 	db	45
  1452   003C43  2D                 	db	45
  1453   003C44  2D                 	db	45
  1454   003C45  2D                 	db	45
  1455   003C46  2D                 	db	45
  1456   003C47  2D                 	db	45
  1457   003C48  2D                 	db	45
  1458   003C49  2D                 	db	45
  1459   003C4A  2D                 	db	45
  1460   003C4B  2D                 	db	45
  1461   003C4C  2D                 	db	45
  1462   003C4D  2D                 	db	45
  1463   003C4E  2D                 	db	45
  1464   003C4F  2D                 	db	45
  1465   003C50  2D                 	db	45
  1466   003C51  2D                 	db	45
  1467   003C52  2D                 	db	45
  1468   003C53  2D                 	db	45
  1469   003C54  2D                 	db	45
  1470   003C55  2D                 	db	45
  1471   003C56  2D                 	db	45
  1472   003C57  2D                 	db	45
  1473   003C58  2D                 	db	45
  1474   003C59  2D                 	db	45
  1475   003C5A  2D                 	db	45
  1476   003C5B  2D                 	db	45
  1477   003C5C  2C                 	db	44
  1478   003C5D  2C                 	db	44
  1479   003C5E  2C                 	db	44
  1480   003C5F  2C                 	db	44
  1481   003C60  2C                 	db	44
  1482   003C61  2C                 	db	44
  1483   003C62  2C                 	db	44
  1484   003C63  2C                 	db	44
  1485   003C64  2C                 	db	44
  1486   003C65  2C                 	db	44
  1487   003C66  2C                 	db	44
  1488   003C67  2C                 	db	44
  1489   003C68  2C                 	db	44
  1490   003C69  2C                 	db	44
  1491   003C6A  2C                 	db	44
  1492   003C6B  2C                 	db	44
  1493   003C6C  2C                 	db	44
  1494   003C6D  2C                 	db	44
  1495   003C6E  2C                 	db	44
  1496   003C6F  2C                 	db	44
  1497   003C70  2C                 	db	44
  1498   003C71  2C                 	db	44
  1499   003C72  2C                 	db	44
  1500   003C73  2C                 	db	44
  1501   003C74  2C                 	db	44
  1502   003C75  2C                 	db	44
  1503   003C76  2C                 	db	44
  1504   003C77  2C                 	db	44
  1505   003C78  2C                 	db	44
  1506   003C79  2C                 	db	44
  1507   003C7A  2C                 	db	44
  1508   003C7B  2B                 	db	43
  1509   003C7C  2B                 	db	43
  1510   003C7D  2B                 	db	43
  1511   003C7E  2B                 	db	43
  1512   003C7F  2B                 	db	43
  1513   003C80  2B                 	db	43
  1514   003C81  2B                 	db	43
  1515   003C82  2B                 	db	43
  1516   003C83  2B                 	db	43
  1517   003C84  2B                 	db	43
  1518   003C85  2B                 	db	43
  1519   003C86  2B                 	db	43
  1520   003C87  2B                 	db	43
  1521   003C88  2B                 	db	43
  1522   003C89  2B                 	db	43
  1523   003C8A  2B                 	db	43
  1524   003C8B  2B                 	db	43
  1525   003C8C  2B                 	db	43
  1526   003C8D  2B                 	db	43
  1527   003C8E  2B                 	db	43
  1528   003C8F  2B                 	db	43
  1529   003C90  2B                 	db	43
  1530   003C91  2B                 	db	43
  1531   003C92  2B                 	db	43
  1532   003C93  2B                 	db	43
  1533   003C94  2B                 	db	43
  1534   003C95  2B                 	db	43
  1535   003C96  2B                 	db	43
  1536   003C97  2B                 	db	43
  1537   003C98  2B                 	db	43
  1538   003C99  2B                 	db	43
  1539   003C9A  2B                 	db	43
  1540   003C9B  2A                 	db	42
  1541   003C9C  2A                 	db	42
  1542   003C9D  2A                 	db	42
  1543   003C9E  2A                 	db	42
  1544   003C9F  2A                 	db	42
  1545   003CA0  2A                 	db	42
  1546   003CA1  2A                 	db	42
  1547   003CA2  2A                 	db	42
  1548   003CA3  2A                 	db	42
  1549   003CA4  2A                 	db	42
  1550   003CA5  2A                 	db	42
  1551   003CA6  2A                 	db	42
  1552   003CA7  2A                 	db	42
  1553   003CA8  2A                 	db	42
  1554   003CA9  2A                 	db	42
  1555   003CAA  2A                 	db	42
  1556   003CAB  2A                 	db	42
  1557   003CAC  2A                 	db	42
  1558   003CAD  2A                 	db	42
  1559   003CAE  2A                 	db	42
  1560   003CAF  2A                 	db	42
  1561   003CB0  2A                 	db	42
  1562   003CB1  2A                 	db	42
  1563   003CB2  2A                 	db	42
  1564   003CB3  2A                 	db	42
  1565   003CB4  2A                 	db	42
  1566   003CB5  2A                 	db	42
  1567   003CB6  2A                 	db	42
  1568   003CB7  2A                 	db	42
  1569   003CB8  2A                 	db	42
  1570   003CB9  2A                 	db	42
  1571   003CBA  2A                 	db	42
  1572   003CBB  29                 	db	41
  1573   003CBC  29                 	db	41
  1574   003CBD  29                 	db	41
  1575   003CBE  29                 	db	41
  1576   003CBF  29                 	db	41
  1577   003CC0  29                 	db	41
  1578   003CC1  29                 	db	41
  1579   003CC2  29                 	db	41
  1580   003CC3  29                 	db	41
  1581   003CC4  29                 	db	41
  1582   003CC5  29                 	db	41
  1583   003CC6  29                 	db	41
  1584   003CC7  29                 	db	41
  1585   003CC8  29                 	db	41
  1586   003CC9  29                 	db	41
  1587   003CCA  29                 	db	41
  1588   003CCB  29                 	db	41
  1589   003CCC  29                 	db	41
  1590   003CCD  29                 	db	41
  1591   003CCE  29                 	db	41
  1592   003CCF  29                 	db	41
  1593   003CD0  29                 	db	41
  1594   003CD1  29                 	db	41
  1595   003CD2  29                 	db	41
  1596   003CD3  29                 	db	41
  1597   003CD4  29                 	db	41
  1598   003CD5  29                 	db	41
  1599   003CD6  29                 	db	41
  1600   003CD7  29                 	db	41
  1601   003CD8  29                 	db	41
  1602   003CD9  29                 	db	41
  1603   003CDA  29                 	db	41
  1604   003CDB  29                 	db	41
  1605   003CDC  28                 	db	40
  1606   003CDD  28                 	db	40
  1607   003CDE  28                 	db	40
  1608   003CDF  28                 	db	40
  1609   003CE0  28                 	db	40
  1610   003CE1  28                 	db	40
  1611   003CE2  28                 	db	40
  1612   003CE3  28                 	db	40
  1613   003CE4  28                 	db	40
  1614   003CE5  28                 	db	40
  1615   003CE6  28                 	db	40
  1616   003CE7  28                 	db	40
  1617   003CE8  28                 	db	40
  1618   003CE9  28                 	db	40
  1619   003CEA  28                 	db	40
  1620   003CEB  28                 	db	40
  1621   003CEC  28                 	db	40
  1622   003CED  28                 	db	40
  1623   003CEE  28                 	db	40
  1624   003CEF  28                 	db	40
  1625   003CF0  28                 	db	40
  1626   003CF1  28                 	db	40
  1627   003CF2  28                 	db	40
  1628   003CF3  28                 	db	40
  1629   003CF4  28                 	db	40
  1630   003CF5  28                 	db	40
  1631   003CF6  28                 	db	40
  1632   003CF7  28                 	db	40
  1633   003CF8  28                 	db	40
  1634   003CF9  28                 	db	40
  1635   003CFA  28                 	db	40
  1636   003CFB  28                 	db	40
  1637   003CFC  28                 	db	40
  1638   003CFD  27                 	db	39
  1639   003CFE  27                 	db	39
  1640   003CFF  27                 	db	39
  1641   003D00  27                 	db	39
  1642   003D01  27                 	db	39
  1643   003D02  27                 	db	39
  1644   003D03  27                 	db	39
  1645   003D04  27                 	db	39
  1646   003D05  27                 	db	39
  1647   003D06  27                 	db	39
  1648   003D07  27                 	db	39
  1649   003D08  27                 	db	39
  1650   003D09  27                 	db	39
  1651   003D0A  27                 	db	39
  1652   003D0B  27                 	db	39
  1653   003D0C  27                 	db	39
  1654   003D0D  27                 	db	39
  1655   003D0E  27                 	db	39
  1656   003D0F  27                 	db	39
  1657   003D10  27                 	db	39
  1658   003D11  27                 	db	39
  1659   003D12  27                 	db	39
  1660   003D13  27                 	db	39
  1661   003D14  27                 	db	39
  1662   003D15  27                 	db	39
  1663   003D16  27                 	db	39
  1664   003D17  27                 	db	39
  1665   003D18  27                 	db	39
  1666   003D19  27                 	db	39
  1667   003D1A  27                 	db	39
  1668   003D1B  27                 	db	39
  1669   003D1C  27                 	db	39
  1670   003D1D  27                 	db	39
  1671   003D1E  27                 	db	39
  1672   003D1F  26                 	db	38
  1673   003D20  26                 	db	38
  1674   003D21  26                 	db	38
  1675   003D22  26                 	db	38
  1676   003D23  26                 	db	38
  1677   003D24  26                 	db	38
  1678   003D25  26                 	db	38
  1679   003D26  26                 	db	38
  1680   003D27  26                 	db	38
  1681   003D28  26                 	db	38
  1682   003D29  26                 	db	38
  1683   003D2A  26                 	db	38
  1684   003D2B  26                 	db	38
  1685   003D2C  26                 	db	38
  1686   003D2D  26                 	db	38
  1687   003D2E  26                 	db	38
  1688   003D2F  26                 	db	38
  1689   003D30  26                 	db	38
  1690   003D31  26                 	db	38
  1691   003D32  26                 	db	38
  1692   003D33  26                 	db	38
  1693   003D34  26                 	db	38
  1694   003D35  26                 	db	38
  1695   003D36  26                 	db	38
  1696   003D37  26                 	db	38
  1697   003D38  26                 	db	38
  1698   003D39  26                 	db	38
  1699   003D3A  26                 	db	38
  1700   003D3B  26                 	db	38
  1701   003D3C  26                 	db	38
  1702   003D3D  26                 	db	38
  1703   003D3E  26                 	db	38
  1704   003D3F  26                 	db	38
  1705   003D40  26                 	db	38
  1706   003D41  25                 	db	37
  1707   003D42  25                 	db	37
  1708   003D43  25                 	db	37
  1709   003D44  25                 	db	37
  1710   003D45  25                 	db	37
  1711   003D46  25                 	db	37
  1712   003D47  25                 	db	37
  1713   003D48  25                 	db	37
  1714   003D49  25                 	db	37
  1715   003D4A  25                 	db	37
  1716   003D4B  25                 	db	37
  1717   003D4C  25                 	db	37
  1718   003D4D  25                 	db	37
  1719   003D4E  25                 	db	37
  1720   003D4F  25                 	db	37
  1721   003D50  25                 	db	37
  1722   003D51  25                 	db	37
  1723   003D52  25                 	db	37
  1724   003D53  25                 	db	37
  1725   003D54  25                 	db	37
  1726   003D55  25                 	db	37
  1727   003D56  25                 	db	37
  1728   003D57  25                 	db	37
  1729   003D58  25                 	db	37
  1730   003D59  25                 	db	37
  1731   003D5A  25                 	db	37
  1732   003D5B  25                 	db	37
  1733   003D5C  25                 	db	37
  1734   003D5D  25                 	db	37
  1735   003D5E  25                 	db	37
  1736   003D5F  25                 	db	37
  1737   003D60  25                 	db	37
  1738   003D61  25                 	db	37
  1739   003D62  25                 	db	37
  1740   003D63  25                 	db	37
  1741   003D64  24                 	db	36
  1742   003D65  24                 	db	36
  1743   003D66  24                 	db	36
  1744   003D67  24                 	db	36
  1745   003D68  24                 	db	36
  1746   003D69  24                 	db	36
  1747   003D6A  24                 	db	36
  1748   003D6B  24                 	db	36
  1749   003D6C  24                 	db	36
  1750   003D6D  24                 	db	36
  1751   003D6E  24                 	db	36
  1752   003D6F  24                 	db	36
  1753   003D70  24                 	db	36
  1754   003D71  24                 	db	36
  1755   003D72  24                 	db	36
  1756   003D73  24                 	db	36
  1757   003D74  24                 	db	36
  1758   003D75  24                 	db	36
  1759   003D76  24                 	db	36
  1760   003D77  24                 	db	36
  1761   003D78  24                 	db	36
  1762   003D79  24                 	db	36
  1763   003D7A  24                 	db	36
  1764   003D7B  24                 	db	36
  1765   003D7C  24                 	db	36
  1766   003D7D  24                 	db	36
  1767   003D7E  24                 	db	36
  1768   003D7F  24                 	db	36
  1769   003D80  24                 	db	36
  1770   003D81  24                 	db	36
  1771   003D82  24                 	db	36
  1772   003D83  24                 	db	36
  1773   003D84  24                 	db	36
  1774   003D85  24                 	db	36
  1775   003D86  24                 	db	36
  1776   003D87  23                 	db	35
  1777   003D88  23                 	db	35
  1778   003D89  23                 	db	35
  1779   003D8A  23                 	db	35
  1780   003D8B  23                 	db	35
  1781   003D8C  23                 	db	35
  1782   003D8D  23                 	db	35
  1783   003D8E  23                 	db	35
  1784   003D8F  23                 	db	35
  1785   003D90  23                 	db	35
  1786   003D91  23                 	db	35
  1787   003D92  23                 	db	35
  1788   003D93  23                 	db	35
  1789   003D94  23                 	db	35
  1790   003D95  23                 	db	35
  1791   003D96  23                 	db	35
  1792   003D97  23                 	db	35
  1793   003D98  23                 	db	35
  1794   003D99  23                 	db	35
  1795   003D9A  23                 	db	35
  1796   003D9B  23                 	db	35
  1797   003D9C  23                 	db	35
  1798   003D9D  23                 	db	35
  1799   003D9E  23                 	db	35
  1800   003D9F  23                 	db	35
  1801   003DA0  23                 	db	35
  1802   003DA1  23                 	db	35
  1803   003DA2  23                 	db	35
  1804   003DA3  23                 	db	35
  1805   003DA4  23                 	db	35
  1806   003DA5  23                 	db	35
  1807   003DA6  23                 	db	35
  1808   003DA7  23                 	db	35
  1809   003DA8  23                 	db	35
  1810   003DA9  23                 	db	35
  1811   003DAA  23                 	db	35
  1812   003DAB  22                 	db	34
  1813   003DAC  22                 	db	34
  1814   003DAD  22                 	db	34
  1815   003DAE  22                 	db	34
  1816   003DAF  22                 	db	34
  1817   003DB0  22                 	db	34
  1818   003DB1  22                 	db	34
  1819   003DB2  22                 	db	34
  1820   003DB3  22                 	db	34
  1821   003DB4  22                 	db	34
  1822   003DB5  22                 	db	34
  1823   003DB6  22                 	db	34
  1824   003DB7  22                 	db	34
  1825   003DB8  22                 	db	34
  1826   003DB9  22                 	db	34
  1827   003DBA  22                 	db	34
  1828   003DBB  22                 	db	34
  1829   003DBC  22                 	db	34
  1830   003DBD  22                 	db	34
  1831   003DBE  22                 	db	34
  1832   003DBF  22                 	db	34
  1833   003DC0  22                 	db	34
  1834   003DC1  22                 	db	34
  1835   003DC2  22                 	db	34
  1836   003DC3  22                 	db	34
  1837   003DC4  22                 	db	34
  1838   003DC5  22                 	db	34
  1839   003DC6  22                 	db	34
  1840   003DC7  22                 	db	34
  1841   003DC8  22                 	db	34
  1842   003DC9  22                 	db	34
  1843   003DCA  22                 	db	34
  1844   003DCB  22                 	db	34
  1845   003DCC  22                 	db	34
  1846   003DCD  22                 	db	34
  1847   003DCE  22                 	db	34
  1848   003DCF  21                 	db	33
  1849   003DD0  21                 	db	33
  1850   003DD1  21                 	db	33
  1851   003DD2  21                 	db	33
  1852   003DD3  21                 	db	33
  1853   003DD4  21                 	db	33
  1854   003DD5  21                 	db	33
  1855   003DD6  21                 	db	33
  1856   003DD7  21                 	db	33
  1857   003DD8  21                 	db	33
  1858   003DD9  21                 	db	33
  1859   003DDA  21                 	db	33
  1860   003DDB  21                 	db	33
  1861   003DDC  21                 	db	33
  1862   003DDD  21                 	db	33
  1863   003DDE  21                 	db	33
  1864   003DDF  21                 	db	33
  1865   003DE0  21                 	db	33
  1866   003DE1  21                 	db	33
  1867   003DE2  21                 	db	33
  1868   003DE3  21                 	db	33
  1869   003DE4  21                 	db	33
  1870   003DE5  21                 	db	33
  1871   003DE6  21                 	db	33
  1872   003DE7  21                 	db	33
  1873   003DE8  21                 	db	33
  1874   003DE9  21                 	db	33
  1875   003DEA  21                 	db	33
  1876   003DEB  21                 	db	33
  1877   003DEC  21                 	db	33
  1878   003DED  21                 	db	33
  1879   003DEE  21                 	db	33
  1880   003DEF  21                 	db	33
  1881   003DF0  21                 	db	33
  1882   003DF1  21                 	db	33
  1883   003DF2  21                 	db	33
  1884   003DF3  20                 	db	32
  1885   003DF4  20                 	db	32
  1886   003DF5  20                 	db	32
  1887   003DF6  20                 	db	32
  1888   003DF7  20                 	db	32
  1889   003DF8  20                 	db	32
  1890   003DF9  20                 	db	32
  1891   003DFA  20                 	db	32
  1892   003DFB  20                 	db	32
  1893   003DFC  20                 	db	32
  1894   003DFD  20                 	db	32
  1895   003DFE  20                 	db	32
  1896   003DFF  20                 	db	32
  1897   003E00  20                 	db	32
  1898   003E01  20                 	db	32
  1899   003E02  20                 	db	32
  1900   003E03  20                 	db	32
  1901   003E04  20                 	db	32
  1902   003E05  20                 	db	32
  1903   003E06  20                 	db	32
  1904   003E07  20                 	db	32
  1905   003E08  20                 	db	32
  1906   003E09  20                 	db	32
  1907   003E0A  20                 	db	32
  1908   003E0B  20                 	db	32
  1909   003E0C  20                 	db	32
  1910   003E0D  20                 	db	32
  1911   003E0E  20                 	db	32
  1912   003E0F  20                 	db	32
  1913   003E10  20                 	db	32
  1914   003E11  20                 	db	32
  1915   003E12  20                 	db	32
  1916   003E13  20                 	db	32
  1917   003E14  20                 	db	32
  1918   003E15  20                 	db	32
  1919   003E16  20                 	db	32
  1920   003E17  20                 	db	32
  1921   003E18  1F                 	db	31
  1922   003E19  1F                 	db	31
  1923   003E1A  1F                 	db	31
  1924   003E1B  1F                 	db	31
  1925   003E1C  1F                 	db	31
  1926   003E1D  1F                 	db	31
  1927   003E1E  1F                 	db	31
  1928   003E1F  1F                 	db	31
  1929   003E20  1F                 	db	31
  1930   003E21  1F                 	db	31
  1931   003E22  1F                 	db	31
  1932   003E23  1F                 	db	31
  1933   003E24  1F                 	db	31
  1934   003E25  1F                 	db	31
  1935   003E26  1F                 	db	31
  1936   003E27  1F                 	db	31
  1937   003E28  1F                 	db	31
  1938   003E29  1F                 	db	31
  1939   003E2A  1F                 	db	31
  1940   003E2B  1F                 	db	31
  1941   003E2C  1F                 	db	31
  1942   003E2D  1F                 	db	31
  1943   003E2E  1F                 	db	31
  1944   003E2F  1F                 	db	31
  1945   003E30  1F                 	db	31
  1946   003E31  1F                 	db	31
  1947   003E32  1F                 	db	31
  1948   003E33  1F                 	db	31
  1949   003E34  1F                 	db	31
  1950   003E35  1F                 	db	31
  1951   003E36  1F                 	db	31
  1952   003E37  1F                 	db	31
  1953   003E38  1F                 	db	31
  1954   003E39  1F                 	db	31
  1955   003E3A  1F                 	db	31
  1956   003E3B  1F                 	db	31
  1957   003E3C  1F                 	db	31
  1958   003E3D  1F                 	db	31
  1959   003E3E  1E                 	db	30
  1960   003E3F  1E                 	db	30
  1961   003E40  1E                 	db	30
  1962   003E41  1E                 	db	30
  1963   003E42  1E                 	db	30
  1964   003E43  1E                 	db	30
  1965   003E44  1E                 	db	30
  1966   003E45  1E                 	db	30
  1967   003E46  1E                 	db	30
  1968   003E47  1E                 	db	30
  1969   003E48  1E                 	db	30
  1970   003E49  1E                 	db	30
  1971   003E4A  1E                 	db	30
  1972   003E4B  1E                 	db	30
  1973   003E4C  1E                 	db	30
  1974   003E4D  1E                 	db	30
  1975   003E4E  1E                 	db	30
  1976   003E4F  1E                 	db	30
  1977   003E50  1E                 	db	30
  1978   003E51  1E                 	db	30
  1979   003E52  1E                 	db	30
  1980   003E53  1E                 	db	30
  1981   003E54  1E                 	db	30
  1982   003E55  1E                 	db	30
  1983   003E56  1E                 	db	30
  1984   003E57  1E                 	db	30
  1985   003E58  1E                 	db	30
  1986   003E59  1E                 	db	30
  1987   003E5A  1E                 	db	30
  1988   003E5B  1E                 	db	30
  1989   003E5C  1E                 	db	30
  1990   003E5D  1E                 	db	30
  1991   003E5E  1E                 	db	30
  1992   003E5F  1E                 	db	30
  1993   003E60  1E                 	db	30
  1994   003E61  1E                 	db	30
  1995   003E62  1E                 	db	30
  1996   003E63  1E                 	db	30
  1997   003E64  1D                 	db	29
  1998   003E65  1D                 	db	29
  1999   003E66  1D                 	db	29
  2000   003E67  1D                 	db	29
  2001   003E68  1D                 	db	29
  2002   003E69  1D                 	db	29
  2003   003E6A  1D                 	db	29
  2004   003E6B  1D                 	db	29
  2005   003E6C  1D                 	db	29
  2006   003E6D  1D                 	db	29
  2007   003E6E  1D                 	db	29
  2008   003E6F  1D                 	db	29
  2009   003E70  1D                 	db	29
  2010   003E71  1D                 	db	29
  2011   003E72  1D                 	db	29
  2012   003E73  1D                 	db	29
  2013   003E74  1D                 	db	29
  2014   003E75  1D                 	db	29
  2015   003E76  1D                 	db	29
  2016   003E77  1D                 	db	29
  2017   003E78  1D                 	db	29
  2018   003E79  1D                 	db	29
  2019   003E7A  1D                 	db	29
  2020   003E7B  1D                 	db	29
  2021   003E7C  1D                 	db	29
  2022   003E7D  1D                 	db	29
  2023   003E7E  1D                 	db	29
  2024   003E7F  1D                 	db	29
  2025   003E80  1D                 	db	29
  2026   003E81  1D                 	db	29
  2027   003E82  1D                 	db	29
  2028   003E83  1D                 	db	29
  2029   003E84  1D                 	db	29
  2030   003E85  1D                 	db	29
  2031   003E86  1D                 	db	29
  2032   003E87  1D                 	db	29
  2033   003E88  1D                 	db	29
  2034   003E89  1D                 	db	29
  2035   003E8A  1C                 	db	28
  2036   003E8B  1C                 	db	28
  2037   003E8C  1C                 	db	28
  2038   003E8D  1C                 	db	28
  2039   003E8E  1C                 	db	28
  2040   003E8F  1C                 	db	28
  2041   003E90  1C                 	db	28
  2042   003E91  1C                 	db	28
  2043   003E92  1C                 	db	28
  2044   003E93  1C                 	db	28
  2045   003E94  1C                 	db	28
  2046   003E95  1C                 	db	28
  2047   003E96  1C                 	db	28
  2048   003E97  1C                 	db	28
  2049   003E98  1C                 	db	28
  2050   003E99  1C                 	db	28
  2051   003E9A  1C                 	db	28
  2052   003E9B  1C                 	db	28
  2053   003E9C  1C                 	db	28
  2054   003E9D  1C                 	db	28
  2055   003E9E  1C                 	db	28
  2056   003E9F  1C                 	db	28
  2057   003EA0  1C                 	db	28
  2058   003EA1  1C                 	db	28
  2059   003EA2  1C                 	db	28
  2060   003EA3  1C                 	db	28
  2061   003EA4  1C                 	db	28
  2062   003EA5  1C                 	db	28
  2063   003EA6  1C                 	db	28
  2064   003EA7  1C                 	db	28
  2065   003EA8  1C                 	db	28
  2066   003EA9  1C                 	db	28
  2067   003EAA  1C                 	db	28
  2068   003EAB  1C                 	db	28
  2069   003EAC  1C                 	db	28
  2070   003EAD  1C                 	db	28
  2071   003EAE  1C                 	db	28
  2072   003EAF  1C                 	db	28
  2073   003EB0  1C                 	db	28
  2074   003EB1  1B                 	db	27
  2075   003EB2  1B                 	db	27
  2076   003EB3  1B                 	db	27
  2077   003EB4  1B                 	db	27
  2078   003EB5  1B                 	db	27
  2079   003EB6  1B                 	db	27
  2080   003EB7  1B                 	db	27
  2081   003EB8  1B                 	db	27
  2082   003EB9  1B                 	db	27
  2083   003EBA  1B                 	db	27
  2084   003EBB  1B                 	db	27
  2085   003EBC  1B                 	db	27
  2086   003EBD  1B                 	db	27
  2087   003EBE  1B                 	db	27
  2088   003EBF  1B                 	db	27
  2089   003EC0  1B                 	db	27
  2090   003EC1  1B                 	db	27
  2091   003EC2  1B                 	db	27
  2092   003EC3  1B                 	db	27
  2093   003EC4  1B                 	db	27
  2094   003EC5  1B                 	db	27
  2095   003EC6  1B                 	db	27
  2096   003EC7  1B                 	db	27
  2097   003EC8  1B                 	db	27
  2098   003EC9  1B                 	db	27
  2099   003ECA  1B                 	db	27
  2100   003ECB  1B                 	db	27
  2101   003ECC  1B                 	db	27
  2102   003ECD  1B                 	db	27
  2103   003ECE  1B                 	db	27
  2104   003ECF  1B                 	db	27
  2105   003ED0  1B                 	db	27
  2106   003ED1  1B                 	db	27
  2107   003ED2  1B                 	db	27
  2108   003ED3  1B                 	db	27
  2109   003ED4  1B                 	db	27
  2110   003ED5  1B                 	db	27
  2111   003ED6  1B                 	db	27
  2112   003ED7  1B                 	db	27
  2113   003ED8  1A                 	db	26
  2114   003ED9  1A                 	db	26
  2115   003EDA  1A                 	db	26
  2116   003EDB  1A                 	db	26
  2117   003EDC  1A                 	db	26
  2118   003EDD  1A                 	db	26
  2119   003EDE  1A                 	db	26
  2120   003EDF  1A                 	db	26
  2121   003EE0  1A                 	db	26
  2122   003EE1  1A                 	db	26
  2123   003EE2  1A                 	db	26
  2124   003EE3  1A                 	db	26
  2125   003EE4  1A                 	db	26
  2126   003EE5  1A                 	db	26
  2127   003EE6  1A                 	db	26
  2128   003EE7  1A                 	db	26
  2129   003EE8  1A                 	db	26
  2130   003EE9  1A                 	db	26
  2131   003EEA  1A                 	db	26
  2132   003EEB  1A                 	db	26
  2133   003EEC  1A                 	db	26
  2134   003EED  1A                 	db	26
  2135   003EEE  1A                 	db	26
  2136   003EEF  1A                 	db	26
  2137   003EF0  1A                 	db	26
  2138   003EF1  1A                 	db	26
  2139   003EF2  1A                 	db	26
  2140   003EF3  1A                 	db	26
  2141   003EF4  1A                 	db	26
  2142   003EF5  1A                 	db	26
  2143   003EF6  1A                 	db	26
  2144   003EF7  1A                 	db	26
  2145   003EF8  1A                 	db	26
  2146   003EF9  1A                 	db	26
  2147   003EFA  1A                 	db	26
  2148   003EFB  1A                 	db	26
  2149   003EFC  1A                 	db	26
  2150   003EFD  1A                 	db	26
  2151   003EFE  1A                 	db	26
  2152   003EFF  19                 	db	25
  2153   003F00  19                 	db	25
  2154   003F01  19                 	db	25
  2155   003F02  19                 	db	25
  2156   003F03  19                 	db	25
  2157   003F04  19                 	db	25
  2158   003F05  19                 	db	25
  2159   003F06  19                 	db	25
  2160   003F07  19                 	db	25
  2161   003F08  19                 	db	25
  2162   003F09  19                 	db	25
  2163   003F0A  19                 	db	25
  2164   003F0B  19                 	db	25
  2165   003F0C  19                 	db	25
  2166   003F0D  19                 	db	25
  2167   003F0E  19                 	db	25
  2168   003F0F  19                 	db	25
  2169   003F10  19                 	db	25
  2170   003F11  19                 	db	25
  2171   003F12  19                 	db	25
  2172   003F13  19                 	db	25
  2173   003F14  19                 	db	25
  2174   003F15  19                 	db	25
  2175   003F16  19                 	db	25
  2176   003F17  19                 	db	25
  2177   003F18  19                 	db	25
  2178   003F19  19                 	db	25
  2179   003F1A  19                 	db	25
  2180   003F1B  19                 	db	25
  2181   003F1C  19                 	db	25
  2182   003F1D  19                 	db	25
  2183   003F1E  19                 	db	25
  2184   003F1F  19                 	db	25
  2185   003F20  19                 	db	25
  2186   003F21  19                 	db	25
  2187   003F22  19                 	db	25
  2188   003F23  19                 	db	25
  2189   003F24  19                 	db	25
  2190   003F25  19                 	db	25
  2191   003F26  18                 	db	24
  2192   003F27  18                 	db	24
  2193   003F28  18                 	db	24
  2194   003F29  18                 	db	24
  2195   003F2A  18                 	db	24
  2196   003F2B  18                 	db	24
  2197   003F2C  18                 	db	24
  2198   003F2D  18                 	db	24
  2199   003F2E  18                 	db	24
  2200   003F2F  18                 	db	24
  2201   003F30  18                 	db	24
  2202   003F31  18                 	db	24
  2203   003F32  18                 	db	24
  2204   003F33  18                 	db	24
  2205   003F34  18                 	db	24
  2206   003F35  18                 	db	24
  2207   003F36  18                 	db	24
  2208   003F37  18                 	db	24
  2209   003F38  18                 	db	24
  2210   003F39  18                 	db	24
  2211   003F3A  18                 	db	24
  2212   003F3B  18                 	db	24
  2213   003F3C  18                 	db	24
  2214   003F3D  18                 	db	24
  2215   003F3E  18                 	db	24
  2216   003F3F  18                 	db	24
  2217   003F40  18                 	db	24
  2218   003F41  18                 	db	24
  2219   003F42  18                 	db	24
  2220   003F43  18                 	db	24
  2221   003F44  18                 	db	24
  2222   003F45  18                 	db	24
  2223   003F46  18                 	db	24
  2224   003F47  18                 	db	24
  2225   003F48  18                 	db	24
  2226   003F49  18                 	db	24
  2227   003F4A  18                 	db	24
  2228   003F4B  18                 	db	24
  2229   003F4C  18                 	db	24
  2230   003F4D  18                 	db	24
  2231   003F4E  17                 	db	23
  2232   003F4F  17                 	db	23
  2233   003F50  17                 	db	23
  2234   003F51  17                 	db	23
  2235   003F52  17                 	db	23
  2236   003F53  17                 	db	23
  2237   003F54  17                 	db	23
  2238   003F55  17                 	db	23
  2239   003F56  17                 	db	23
  2240   003F57  17                 	db	23
  2241   003F58  17                 	db	23
  2242   003F59  17                 	db	23
  2243   003F5A  17                 	db	23
  2244   003F5B  17                 	db	23
  2245   003F5C  17                 	db	23
  2246   003F5D  17                 	db	23
  2247   003F5E  17                 	db	23
  2248   003F5F  17                 	db	23
  2249   003F60  17                 	db	23
  2250   003F61  17                 	db	23
  2251   003F62  17                 	db	23
  2252   003F63  17                 	db	23
  2253   003F64  17                 	db	23
  2254   003F65  17                 	db	23
  2255   003F66  17                 	db	23
  2256   003F67  17                 	db	23
  2257   003F68  17                 	db	23
  2258   003F69  17                 	db	23
  2259   003F6A  17                 	db	23
  2260   003F6B  17                 	db	23
  2261   003F6C  17                 	db	23
  2262   003F6D  17                 	db	23
  2263   003F6E  17                 	db	23
  2264   003F6F  17                 	db	23
  2265   003F70  17                 	db	23
  2266   003F71  17                 	db	23
  2267   003F72  17                 	db	23
  2268   003F73  17                 	db	23
  2269   003F74  17                 	db	23
  2270   003F75  17                 	db	23
  2271   003F76  16                 	db	22
  2272   003F77  16                 	db	22
  2273   003F78  16                 	db	22
  2274   003F79  16                 	db	22
  2275   003F7A  16                 	db	22
  2276   003F7B  16                 	db	22
  2277   003F7C  16                 	db	22
  2278   003F7D  16                 	db	22
  2279   003F7E  16                 	db	22
  2280   003F7F  16                 	db	22
  2281   003F80  16                 	db	22
  2282   003F81  16                 	db	22
  2283   003F82  16                 	db	22
  2284   003F83  16                 	db	22
  2285   003F84  16                 	db	22
  2286   003F85  16                 	db	22
  2287   003F86  16                 	db	22
  2288   003F87  16                 	db	22
  2289   003F88  16                 	db	22
  2290   003F89  16                 	db	22
  2291   003F8A  16                 	db	22
  2292   003F8B  16                 	db	22
  2293   003F8C  16                 	db	22
  2294   003F8D  16                 	db	22
  2295   003F8E  16                 	db	22
  2296   003F8F  16                 	db	22
  2297   003F90  16                 	db	22
  2298   003F91  16                 	db	22
  2299   003F92  16                 	db	22
  2300   003F93  16                 	db	22
  2301   003F94  16                 	db	22
  2302   003F95  16                 	db	22
  2303   003F96  16                 	db	22
  2304   003F97  16                 	db	22
  2305   003F98  16                 	db	22
  2306   003F99  16                 	db	22
  2307   003F9A  16                 	db	22
  2308   003F9B  16                 	db	22
  2309   003F9C  16                 	db	22
  2310   003F9D  16                 	db	22
  2311   003F9E  15                 	db	21
  2312   003F9F  15                 	db	21
  2313   003FA0  15                 	db	21
  2314   003FA1  15                 	db	21
  2315   003FA2  15                 	db	21
  2316   003FA3  15                 	db	21
  2317   003FA4  15                 	db	21
  2318   003FA5  15                 	db	21
  2319   003FA6  15                 	db	21
  2320   003FA7  15                 	db	21
  2321   003FA8  15                 	db	21
  2322   003FA9  15                 	db	21
  2323   003FAA  15                 	db	21
  2324   003FAB  15                 	db	21
  2325   003FAC  15                 	db	21
  2326   003FAD  15                 	db	21
  2327   003FAE  15                 	db	21
  2328   003FAF  15                 	db	21
  2329   003FB0  15                 	db	21
  2330   003FB1  15                 	db	21
  2331   003FB2  15                 	db	21
  2332   003FB3  15                 	db	21
  2333   003FB4  15                 	db	21
  2334   003FB5  15                 	db	21
  2335   003FB6  15                 	db	21
  2336   003FB7  15                 	db	21
  2337   003FB8  15                 	db	21
  2338   003FB9  15                 	db	21
  2339   003FBA  15                 	db	21
  2340   003FBB  15                 	db	21
  2341   003FBC  15                 	db	21
  2342   003FBD  15                 	db	21
  2343   003FBE  15                 	db	21
  2344   003FBF  15                 	db	21
  2345   003FC0  15                 	db	21
  2346   003FC1  15                 	db	21
  2347   003FC2  15                 	db	21
  2348   003FC3  15                 	db	21
  2349   003FC4  15                 	db	21
  2350   003FC5  15                 	db	21
  2351   003FC6  15                 	db	21
  2352   003FC7  14                 	db	20
  2353   003FC8  14                 	db	20
  2354   003FC9  14                 	db	20
  2355   003FCA  14                 	db	20
  2356   003FCB  14                 	db	20
  2357   003FCC  14                 	db	20
  2358   003FCD  14                 	db	20
  2359   003FCE  14                 	db	20
  2360   003FCF  14                 	db	20
  2361   003FD0  14                 	db	20
  2362   003FD1  14                 	db	20
  2363   003FD2  14                 	db	20
  2364   003FD3  14                 	db	20
  2365   003FD4  14                 	db	20
  2366   003FD5  14                 	db	20
  2367   003FD6  14                 	db	20
  2368   003FD7  14                 	db	20
  2369   003FD8  14                 	db	20
  2370   003FD9  14                 	db	20
  2371   003FDA  14                 	db	20
  2372   003FDB  14                 	db	20
  2373   003FDC  14                 	db	20
  2374   003FDD  14                 	db	20
  2375   003FDE  14                 	db	20
  2376   003FDF  14                 	db	20
  2377   003FE0  14                 	db	20
  2378   003FE1  14                 	db	20
  2379   003FE2  14                 	db	20
  2380   003FE3  14                 	db	20
  2381   003FE4  14                 	db	20
  2382   003FE5  14                 	db	20
  2383   003FE6  14                 	db	20
  2384   003FE7  14                 	db	20
  2385   003FE8  14                 	db	20
  2386   003FE9  14                 	db	20
  2387   003FEA  14                 	db	20
  2388   003FEB  14                 	db	20
  2389   003FEC  14                 	db	20
  2390   003FED  14                 	db	20
  2391   003FEE  14                 	db	20
  2392   003FEF  13                 	db	19
  2393   003FF0  13                 	db	19
  2394   003FF1  13                 	db	19
  2395   003FF2  13                 	db	19
  2396   003FF3  13                 	db	19
  2397   003FF4  13                 	db	19
  2398   003FF5  13                 	db	19
  2399   003FF6  13                 	db	19
  2400   003FF7  13                 	db	19
  2401   003FF8  13                 	db	19
  2402   003FF9  13                 	db	19
  2403   003FFA  13                 	db	19
  2404   003FFB  13                 	db	19
  2405   003FFC  13                 	db	19
  2406   003FFD  13                 	db	19
  2407   003FFE  13                 	db	19
  2408   003FFF  13                 	db	19
  2409   004000  13                 	db	19
  2410   004001  13                 	db	19
  2411   004002  13                 	db	19
  2412   004003  13                 	db	19
  2413   004004  13                 	db	19
  2414   004005  13                 	db	19
  2415   004006  13                 	db	19
  2416   004007  13                 	db	19
  2417   004008  13                 	db	19
  2418   004009  13                 	db	19
  2419   00400A  13                 	db	19
  2420   00400B  13                 	db	19
  2421   00400C  13                 	db	19
  2422   00400D  13                 	db	19
  2423   00400E  13                 	db	19
  2424   00400F  13                 	db	19
  2425   004010  13                 	db	19
  2426   004011  13                 	db	19
  2427   004012  13                 	db	19
  2428   004013  13                 	db	19
  2429   004014  13                 	db	19
  2430   004015  13                 	db	19
  2431   004016  13                 	db	19
  2432   004017  13                 	db	19
  2433   004018  12                 	db	18
  2434   004019  12                 	db	18
  2435   00401A  12                 	db	18
  2436   00401B  12                 	db	18
  2437   00401C  12                 	db	18
  2438   00401D  12                 	db	18
  2439   00401E  12                 	db	18
  2440   00401F  12                 	db	18
  2441   004020  12                 	db	18
  2442   004021  12                 	db	18
  2443   004022  12                 	db	18
  2444   004023  12                 	db	18
  2445   004024  12                 	db	18
  2446   004025  12                 	db	18
  2447   004026  12                 	db	18
  2448   004027  12                 	db	18
  2449   004028  12                 	db	18
  2450   004029  12                 	db	18
  2451   00402A  12                 	db	18
  2452   00402B  12                 	db	18
  2453   00402C  12                 	db	18
  2454   00402D  12                 	db	18
  2455   00402E  12                 	db	18
  2456   00402F  12                 	db	18
  2457   004030  12                 	db	18
  2458   004031  12                 	db	18
  2459   004032  12                 	db	18
  2460   004033  12                 	db	18
  2461   004034  12                 	db	18
  2462   004035  12                 	db	18
  2463   004036  12                 	db	18
  2464   004037  12                 	db	18
  2465   004038  12                 	db	18
  2466   004039  12                 	db	18
  2467   00403A  12                 	db	18
  2468   00403B  12                 	db	18
  2469   00403C  12                 	db	18
  2470   00403D  12                 	db	18
  2471   00403E  12                 	db	18
  2472   00403F  12                 	db	18
  2473   004040  11                 	db	17
  2474   004041  11                 	db	17
  2475   004042  11                 	db	17
  2476   004043  11                 	db	17
  2477   004044  11                 	db	17
  2478   004045  11                 	db	17
  2479   004046  11                 	db	17
  2480   004047  11                 	db	17
  2481   004048  11                 	db	17
  2482   004049  11                 	db	17
  2483   00404A  11                 	db	17
  2484   00404B  11                 	db	17
  2485   00404C  11                 	db	17
  2486   00404D  11                 	db	17
  2487   00404E  11                 	db	17
  2488   00404F  11                 	db	17
  2489   004050  11                 	db	17
  2490   004051  11                 	db	17
  2491   004052  11                 	db	17
  2492   004053  11                 	db	17
  2493   004054  11                 	db	17
  2494   004055  11                 	db	17
  2495   004056  11                 	db	17
  2496   004057  11                 	db	17
  2497   004058  11                 	db	17
  2498   004059  11                 	db	17
  2499   00405A  11                 	db	17
  2500   00405B  11                 	db	17
  2501   00405C  11                 	db	17
  2502   00405D  11                 	db	17
  2503   00405E  11                 	db	17
  2504   00405F  11                 	db	17
  2505   004060  11                 	db	17
  2506   004061  11                 	db	17
  2507   004062  11                 	db	17
  2508   004063  11                 	db	17
  2509   004064  11                 	db	17
  2510   004065  11                 	db	17
  2511   004066  11                 	db	17
  2512   004067  11                 	db	17
  2513   004068  11                 	db	17
  2514   004069  10                 	db	16
  2515   00406A  10                 	db	16
  2516   00406B  10                 	db	16
  2517   00406C  10                 	db	16
  2518   00406D  10                 	db	16
  2519   00406E  10                 	db	16
  2520   00406F  10                 	db	16
  2521   004070  10                 	db	16
  2522   004071  10                 	db	16
  2523   004072  10                 	db	16
  2524   004073  10                 	db	16
  2525   004074  10                 	db	16
  2526   004075  10                 	db	16
  2527   004076  10                 	db	16
  2528   004077  10                 	db	16
  2529   004078  10                 	db	16
  2530   004079  10                 	db	16
  2531   00407A  10                 	db	16
  2532   00407B  10                 	db	16
  2533   00407C  10                 	db	16
  2534   00407D  10                 	db	16
  2535   00407E  10                 	db	16
  2536   00407F  10                 	db	16
  2537   004080  10                 	db	16
  2538   004081  10                 	db	16
  2539   004082  10                 	db	16
  2540   004083  10                 	db	16
  2541   004084  10                 	db	16
  2542   004085  10                 	db	16
  2543   004086  10                 	db	16
  2544   004087  10                 	db	16
  2545   004088  10                 	db	16
  2546   004089  10                 	db	16
  2547   00408A  10                 	db	16
  2548   00408B  10                 	db	16
  2549   00408C  10                 	db	16
  2550   00408D  10                 	db	16
  2551   00408E  10                 	db	16
  2552   00408F  10                 	db	16
  2553   004090  10                 	db	16
  2554   004091  10                 	db	16
  2555   004092  0F                 	db	15
  2556   004093  0F                 	db	15
  2557   004094  0F                 	db	15
  2558   004095  0F                 	db	15
  2559   004096  0F                 	db	15
  2560   004097  0F                 	db	15
  2561   004098  0F                 	db	15
  2562   004099  0F                 	db	15
  2563   00409A  0F                 	db	15
  2564   00409B  0F                 	db	15
  2565   00409C  0F                 	db	15
  2566   00409D  0F                 	db	15
  2567   00409E  0F                 	db	15
  2568   00409F  0F                 	db	15
  2569   0040A0  0F                 	db	15
  2570   0040A1  0F                 	db	15
  2571   0040A2  0F                 	db	15
  2572   0040A3  0F                 	db	15
  2573   0040A4  0F                 	db	15
  2574   0040A5  0F                 	db	15
  2575   0040A6  0F                 	db	15
  2576   0040A7  0F                 	db	15
  2577   0040A8  0F                 	db	15
  2578   0040A9  0F                 	db	15
  2579   0040AA  0F                 	db	15
  2580   0040AB  0F                 	db	15
  2581   0040AC  0F                 	db	15
  2582   0040AD  0F                 	db	15
  2583   0040AE  0F                 	db	15
  2584   0040AF  0F                 	db	15
  2585   0040B0  0F                 	db	15
  2586   0040B1  0F                 	db	15
  2587   0040B2  0F                 	db	15
  2588   0040B3  0F                 	db	15
  2589   0040B4  0F                 	db	15
  2590   0040B5  0F                 	db	15
  2591   0040B6  0F                 	db	15
  2592   0040B7  0F                 	db	15
  2593   0040B8  0F                 	db	15
  2594   0040B9  0F                 	db	15
  2595   0040BA  0E                 	db	14
  2596   0040BB  0E                 	db	14
  2597   0040BC  0E                 	db	14
  2598   0040BD  0E                 	db	14
  2599   0040BE  0E                 	db	14
  2600   0040BF  0E                 	db	14
  2601   0040C0  0E                 	db	14
  2602   0040C1  0E                 	db	14
  2603   0040C2  0E                 	db	14
  2604   0040C3  0E                 	db	14
  2605   0040C4  0E                 	db	14
  2606   0040C5  0E                 	db	14
  2607   0040C6  0E                 	db	14
  2608   0040C7  0E                 	db	14
  2609   0040C8  0E                 	db	14
  2610   0040C9  0E                 	db	14
  2611   0040CA  0E                 	db	14
  2612   0040CB  0E                 	db	14
  2613   0040CC  0E                 	db	14
  2614   0040CD  0E                 	db	14
  2615   0040CE  0E                 	db	14
  2616   0040CF  0E                 	db	14
  2617   0040D0  0E                 	db	14
  2618   0040D1  0E                 	db	14
  2619   0040D2  0E                 	db	14
  2620   0040D3  0E                 	db	14
  2621   0040D4  0E                 	db	14
  2622   0040D5  0E                 	db	14
  2623   0040D6  0E                 	db	14
  2624   0040D7  0E                 	db	14
  2625   0040D8  0E                 	db	14
  2626   0040D9  0E                 	db	14
  2627   0040DA  0E                 	db	14
  2628   0040DB  0E                 	db	14
  2629   0040DC  0E                 	db	14
  2630   0040DD  0E                 	db	14
  2631   0040DE  0E                 	db	14
  2632   0040DF  0E                 	db	14
  2633   0040E0  0E                 	db	14
  2634   0040E1  0E                 	db	14
  2635   0040E2  0E                 	db	14
  2636   0040E3  0D                 	db	13
  2637   0040E4  0D                 	db	13
  2638   0040E5  0D                 	db	13
  2639   0040E6  0D                 	db	13
  2640   0040E7  0D                 	db	13
  2641   0040E8  0D                 	db	13
  2642   0040E9  0D                 	db	13
  2643   0040EA  0D                 	db	13
  2644   0040EB  0D                 	db	13
  2645   0040EC  0D                 	db	13
  2646   0040ED  0D                 	db	13
  2647   0040EE  0D                 	db	13
  2648   0040EF  0D                 	db	13
  2649   0040F0  0D                 	db	13
  2650   0040F1  0D                 	db	13
  2651   0040F2  0D                 	db	13
  2652   0040F3  0D                 	db	13
  2653   0040F4  0D                 	db	13
  2654   0040F5  0D                 	db	13
  2655   0040F6  0D                 	db	13
  2656   0040F7  0D                 	db	13
  2657   0040F8  0D                 	db	13
  2658   0040F9  0D                 	db	13
  2659   0040FA  0D                 	db	13
  2660   0040FB  0D                 	db	13
  2661   0040FC  0D                 	db	13
  2662   0040FD  0D                 	db	13
  2663   0040FE  0D                 	db	13
  2664   0040FF  0D                 	db	13
  2665   004100  0D                 	db	13
  2666   004101  0D                 	db	13
  2667   004102  0D                 	db	13
  2668   004103  0D                 	db	13
  2669   004104  0D                 	db	13
  2670   004105  0D                 	db	13
  2671   004106  0D                 	db	13
  2672   004107  0D                 	db	13
  2673   004108  0D                 	db	13
  2674   004109  0D                 	db	13
  2675   00410A  0D                 	db	13
  2676   00410B  0C                 	db	12
  2677   00410C  0C                 	db	12
  2678   00410D  0C                 	db	12
  2679   00410E  0C                 	db	12
  2680   00410F  0C                 	db	12
  2681   004110  0C                 	db	12
  2682   004111  0C                 	db	12
  2683   004112  0C                 	db	12
  2684   004113  0C                 	db	12
  2685   004114  0C                 	db	12
  2686   004115  0C                 	db	12
  2687   004116  0C                 	db	12
  2688   004117  0C                 	db	12
  2689   004118  0C                 	db	12
  2690   004119  0C                 	db	12
  2691   00411A  0C                 	db	12
  2692   00411B  0C                 	db	12
  2693   00411C  0C                 	db	12
  2694   00411D  0C                 	db	12
  2695   00411E  0C                 	db	12
  2696   00411F  0C                 	db	12
  2697   004120  0C                 	db	12
  2698   004121  0C                 	db	12
  2699   004122  0C                 	db	12
  2700   004123  0C                 	db	12
  2701   004124  0C                 	db	12
  2702   004125  0C                 	db	12
  2703   004126  0C                 	db	12
  2704   004127  0C                 	db	12
  2705   004128  0C                 	db	12
  2706   004129  0C                 	db	12
  2707   00412A  0C                 	db	12
  2708   00412B  0C                 	db	12
  2709   00412C  0C                 	db	12
  2710   00412D  0C                 	db	12
  2711   00412E  0C                 	db	12
  2712   00412F  0C                 	db	12
  2713   004130  0C                 	db	12
  2714   004131  0C                 	db	12
  2715   004132  0C                 	db	12
  2716   004133  0C                 	db	12
  2717   004134  0B                 	db	11
  2718   004135  0B                 	db	11
  2719   004136  0B                 	db	11
  2720   004137  0B                 	db	11
  2721   004138  0B                 	db	11
  2722   004139  0B                 	db	11
  2723   00413A  0B                 	db	11
  2724   00413B  0B                 	db	11
  2725   00413C  0B                 	db	11
  2726   00413D  0B                 	db	11
  2727   00413E  0B                 	db	11
  2728   00413F  0B                 	db	11
  2729   004140  0B                 	db	11
  2730   004141  0B                 	db	11
  2731   004142  0B                 	db	11
  2732   004143  0B                 	db	11
  2733   004144  0B                 	db	11
  2734   004145  0B                 	db	11
  2735   004146  0B                 	db	11
  2736   004147  0B                 	db	11
  2737   004148  0B                 	db	11
  2738   004149  0B                 	db	11
  2739   00414A  0B                 	db	11
  2740   00414B  0B                 	db	11
  2741   00414C  0B                 	db	11
  2742   00414D  0B                 	db	11
  2743   00414E  0B                 	db	11
  2744   00414F  0B                 	db	11
  2745   004150  0B                 	db	11
  2746   004151  0B                 	db	11
  2747   004152  0B                 	db	11
  2748   004153  0B                 	db	11
  2749   004154  0B                 	db	11
  2750   004155  0B                 	db	11
  2751   004156  0B                 	db	11
  2752   004157  0B                 	db	11
  2753   004158  0B                 	db	11
  2754   004159  0B                 	db	11
  2755   00415A  0B                 	db	11
  2756   00415B  0B                 	db	11
  2757   00415C  0A                 	db	10
  2758   00415D  0A                 	db	10
  2759   00415E  0A                 	db	10
  2760   00415F  0A                 	db	10
  2761   004160  0A                 	db	10
  2762   004161  0A                 	db	10
  2763   004162  0A                 	db	10
  2764   004163  0A                 	db	10
  2765   004164  0A                 	db	10
  2766   004165  0A                 	db	10
  2767   004166  0A                 	db	10
  2768   004167  0A                 	db	10
  2769   004168  0A                 	db	10
  2770   004169  0A                 	db	10
  2771   00416A  0A                 	db	10
  2772   00416B  0A                 	db	10
  2773   00416C  0A                 	db	10
  2774   00416D  0A                 	db	10
  2775   00416E  0A                 	db	10
  2776   00416F  0A                 	db	10
  2777   004170  0A                 	db	10
  2778   004171  0A                 	db	10
  2779   004172  0A                 	db	10
  2780   004173  0A                 	db	10
  2781   004174  0A                 	db	10
  2782   004175  0A                 	db	10
  2783   004176  0A                 	db	10
  2784   004177  0A                 	db	10
  2785   004178  0A                 	db	10
  2786   004179  0A                 	db	10
  2787   00417A  0A                 	db	10
  2788   00417B  0A                 	db	10
  2789   00417C  0A                 	db	10
  2790   00417D  0A                 	db	10
  2791   00417E  0A                 	db	10
  2792   00417F  0A                 	db	10
  2793   004180  0A                 	db	10
  2794   004181  0A                 	db	10
  2795   004182  0A                 	db	10
  2796   004183  0A                 	db	10
  2797   004184  09                 	db	9
  2798   004185  09                 	db	9
  2799   004186  09                 	db	9
  2800   004187  09                 	db	9
  2801   004188  09                 	db	9
  2802   004189  09                 	db	9
  2803   00418A  09                 	db	9
  2804   00418B  09                 	db	9
  2805   00418C  09                 	db	9
  2806   00418D  09                 	db	9
  2807   00418E  09                 	db	9
  2808   00418F  09                 	db	9
  2809   004190  09                 	db	9
  2810   004191  09                 	db	9
  2811   004192  09                 	db	9
  2812   004193  09                 	db	9
  2813   004194  09                 	db	9
  2814   004195  09                 	db	9
  2815   004196  09                 	db	9
  2816   004197  09                 	db	9
  2817   004198  09                 	db	9
  2818   004199  09                 	db	9
  2819   00419A  09                 	db	9
  2820   00419B  09                 	db	9
  2821   00419C  09                 	db	9
  2822   00419D  09                 	db	9
  2823   00419E  09                 	db	9
  2824   00419F  09                 	db	9
  2825   0041A0  09                 	db	9
  2826   0041A1  09                 	db	9
  2827   0041A2  09                 	db	9
  2828   0041A3  09                 	db	9
  2829   0041A4  09                 	db	9
  2830   0041A5  09                 	db	9
  2831   0041A6  09                 	db	9
  2832   0041A7  09                 	db	9
  2833   0041A8  09                 	db	9
  2834   0041A9  09                 	db	9
  2835   0041AA  09                 	db	9
  2836   0041AB  09                 	db	9
  2837   0041AC  08                 	db	8
  2838   0041AD  08                 	db	8
  2839   0041AE  08                 	db	8
  2840   0041AF  08                 	db	8
  2841   0041B0  08                 	db	8
  2842   0041B1  08                 	db	8
  2843   0041B2  08                 	db	8
  2844   0041B3  08                 	db	8
  2845   0041B4  08                 	db	8
  2846   0041B5  08                 	db	8
  2847   0041B6  08                 	db	8
  2848   0041B7  08                 	db	8
  2849   0041B8  08                 	db	8
  2850   0041B9  08                 	db	8
  2851   0041BA  08                 	db	8
  2852   0041BB  08                 	db	8
  2853   0041BC  08                 	db	8
  2854   0041BD  08                 	db	8
  2855   0041BE  08                 	db	8
  2856   0041BF  08                 	db	8
  2857   0041C0  08                 	db	8
  2858   0041C1  08                 	db	8
  2859   0041C2  08                 	db	8
  2860   0041C3  08                 	db	8
  2861   0041C4  08                 	db	8
  2862   0041C5  08                 	db	8
  2863   0041C6  08                 	db	8
  2864   0041C7  08                 	db	8
  2865   0041C8  08                 	db	8
  2866   0041C9  08                 	db	8
  2867   0041CA  08                 	db	8
  2868   0041CB  08                 	db	8
  2869   0041CC  08                 	db	8
  2870   0041CD  08                 	db	8
  2871   0041CE  08                 	db	8
  2872   0041CF  08                 	db	8
  2873   0041D0  08                 	db	8
  2874   0041D1  08                 	db	8
  2875   0041D2  08                 	db	8
  2876   0041D3  07                 	db	7
  2877   0041D4  07                 	db	7
  2878   0041D5  07                 	db	7
  2879   0041D6  07                 	db	7
  2880   0041D7  07                 	db	7
  2881   0041D8  07                 	db	7
  2882   0041D9  07                 	db	7
  2883   0041DA  07                 	db	7
  2884   0041DB  07                 	db	7
  2885   0041DC  07                 	db	7
  2886   0041DD  07                 	db	7
  2887   0041DE  07                 	db	7
  2888   0041DF  07                 	db	7
  2889   0041E0  07                 	db	7
  2890   0041E1  07                 	db	7
  2891   0041E2  07                 	db	7
  2892   0041E3  07                 	db	7
  2893   0041E4  07                 	db	7
  2894   0041E5  07                 	db	7
  2895   0041E6  07                 	db	7
  2896   0041E7  07                 	db	7
  2897   0041E8  07                 	db	7
  2898   0041E9  07                 	db	7
  2899   0041EA  07                 	db	7
  2900   0041EB  07                 	db	7
  2901   0041EC  07                 	db	7
  2902   0041ED  07                 	db	7
  2903   0041EE  07                 	db	7
  2904   0041EF  07                 	db	7
  2905   0041F0  07                 	db	7
  2906   0041F1  07                 	db	7
  2907   0041F2  07                 	db	7
  2908   0041F3  07                 	db	7
  2909   0041F4  07                 	db	7
  2910   0041F5  07                 	db	7
  2911   0041F6  07                 	db	7
  2912   0041F7  07                 	db	7
  2913   0041F8  07                 	db	7
  2914   0041F9  07                 	db	7
  2915   0041FA  06                 	db	6
  2916   0041FB  06                 	db	6
  2917   0041FC  06                 	db	6
  2918   0041FD  06                 	db	6
  2919   0041FE  06                 	db	6
  2920   0041FF  06                 	db	6
  2921   004200  06                 	db	6
  2922   004201  06                 	db	6
  2923   004202  06                 	db	6
  2924   004203  06                 	db	6
  2925   004204  06                 	db	6
  2926   004205  06                 	db	6
  2927   004206  06                 	db	6
  2928   004207  06                 	db	6
  2929   004208  06                 	db	6
  2930   004209  06                 	db	6
  2931   00420A  06                 	db	6
  2932   00420B  06                 	db	6
  2933   00420C  06                 	db	6
  2934   00420D  06                 	db	6
  2935   00420E  06                 	db	6
  2936   00420F  06                 	db	6
  2937   004210  06                 	db	6
  2938   004211  06                 	db	6
  2939   004212  06                 	db	6
  2940   004213  06                 	db	6
  2941   004214  06                 	db	6
  2942   004215  06                 	db	6
  2943   004216  06                 	db	6
  2944   004217  06                 	db	6
  2945   004218  06                 	db	6
  2946   004219  06                 	db	6
  2947   00421A  06                 	db	6
  2948   00421B  06                 	db	6
  2949   00421C  06                 	db	6
  2950   00421D  06                 	db	6
  2951   00421E  06                 	db	6
  2952   00421F  06                 	db	6
  2953   004220  06                 	db	6
  2954   004221  05                 	db	5
  2955   004222  05                 	db	5
  2956   004223  05                 	db	5
  2957   004224  05                 	db	5
  2958   004225  05                 	db	5
  2959   004226  05                 	db	5
  2960   004227  05                 	db	5
  2961   004228  05                 	db	5
  2962   004229  05                 	db	5
  2963   00422A  05                 	db	5
  2964   00422B  05                 	db	5
  2965   00422C  05                 	db	5
  2966   00422D  05                 	db	5
  2967   00422E  05                 	db	5
  2968   00422F  05                 	db	5
  2969   004230  05                 	db	5
  2970   004231  05                 	db	5
  2971   004232  05                 	db	5
  2972   004233  05                 	db	5
  2973   004234  05                 	db	5
  2974   004235  05                 	db	5
  2975   004236  05                 	db	5
  2976   004237  05                 	db	5
  2977   004238  05                 	db	5
  2978   004239  05                 	db	5
  2979   00423A  05                 	db	5
  2980   00423B  05                 	db	5
  2981   00423C  05                 	db	5
  2982   00423D  05                 	db	5
  2983   00423E  05                 	db	5
  2984   00423F  05                 	db	5
  2985   004240  05                 	db	5
  2986   004241  05                 	db	5
  2987   004242  05                 	db	5
  2988   004243  05                 	db	5
  2989   004244  05                 	db	5
  2990   004245  05                 	db	5
  2991   004246  05                 	db	5
  2992   004247  05                 	db	5
  2993   004248  04                 	db	4
  2994   004249  04                 	db	4
  2995   00424A  04                 	db	4
  2996   00424B  04                 	db	4
  2997   00424C  04                 	db	4
  2998   00424D  04                 	db	4
  2999   00424E  04                 	db	4
  3000   00424F  04                 	db	4
  3001   004250  04                 	db	4
  3002   004251  04                 	db	4
  3003   004252  04                 	db	4
  3004   004253  04                 	db	4
  3005   004254  04                 	db	4
  3006   004255  04                 	db	4
  3007   004256  04                 	db	4
  3008   004257  04                 	db	4
  3009   004258  04                 	db	4
  3010   004259  04                 	db	4
  3011   00425A  04                 	db	4
  3012   00425B  04                 	db	4
  3013   00425C  04                 	db	4
  3014   00425D  04                 	db	4
  3015   00425E  04                 	db	4
  3016   00425F  04                 	db	4
  3017   004260  04                 	db	4
  3018   004261  04                 	db	4
  3019   004262  04                 	db	4
  3020   004263  04                 	db	4
  3021   004264  04                 	db	4
  3022   004265  04                 	db	4
  3023   004266  04                 	db	4
  3024   004267  04                 	db	4
  3025   004268  04                 	db	4
  3026   004269  04                 	db	4
  3027   00426A  04                 	db	4
  3028   00426B  04                 	db	4
  3029   00426C  04                 	db	4
  3030   00426D  04                 	db	4
  3031   00426E  03                 	db	3
  3032   00426F  03                 	db	3
  3033   004270  03                 	db	3
  3034   004271  03                 	db	3
  3035   004272  03                 	db	3
  3036   004273  03                 	db	3
  3037   004274  03                 	db	3
  3038   004275  03                 	db	3
  3039   004276  03                 	db	3
  3040   004277  03                 	db	3
  3041   004278  03                 	db	3
  3042   004279  03                 	db	3
  3043   00427A  03                 	db	3
  3044   00427B  03                 	db	3
  3045   00427C  03                 	db	3
  3046   00427D  03                 	db	3
  3047   00427E  03                 	db	3
  3048   00427F  03                 	db	3
  3049   004280  03                 	db	3
  3050   004281  03                 	db	3
  3051   004282  03                 	db	3
  3052   004283  03                 	db	3
  3053   004284  03                 	db	3
  3054   004285  03                 	db	3
  3055   004286  03                 	db	3
  3056   004287  03                 	db	3
  3057   004288  03                 	db	3
  3058   004289  03                 	db	3
  3059   00428A  03                 	db	3
  3060   00428B  03                 	db	3
  3061   00428C  03                 	db	3
  3062   00428D  03                 	db	3
  3063   00428E  03                 	db	3
  3064   00428F  03                 	db	3
  3065   004290  03                 	db	3
  3066   004291  03                 	db	3
  3067   004292  03                 	db	3
  3068   004293  02                 	db	2
  3069   004294  02                 	db	2
  3070   004295  02                 	db	2
  3071   004296  02                 	db	2
  3072   004297  02                 	db	2
  3073   004298  02                 	db	2
  3074   004299  02                 	db	2
  3075   00429A  02                 	db	2
  3076   00429B  02                 	db	2
  3077   00429C  02                 	db	2
  3078   00429D  02                 	db	2
  3079   00429E  02                 	db	2
  3080   00429F  02                 	db	2
  3081   0042A0  02                 	db	2
  3082   0042A1  02                 	db	2
  3083   0042A2  02                 	db	2
  3084   0042A3  02                 	db	2
  3085   0042A4  02                 	db	2
  3086   0042A5  02                 	db	2
  3087   0042A6  02                 	db	2
  3088   0042A7  02                 	db	2
  3089   0042A8  02                 	db	2
  3090   0042A9  02                 	db	2
  3091   0042AA  02                 	db	2
  3092   0042AB  02                 	db	2
  3093   0042AC  02                 	db	2
  3094   0042AD  02                 	db	2
  3095   0042AE  02                 	db	2
  3096   0042AF  02                 	db	2
  3097   0042B0  02                 	db	2
  3098   0042B1  02                 	db	2
  3099   0042B2  02                 	db	2
  3100   0042B3  02                 	db	2
  3101   0042B4  02                 	db	2
  3102   0042B5  02                 	db	2
  3103   0042B6  02                 	db	2
  3104   0042B7  02                 	db	2
  3105   0042B8  02                 	db	2
  3106   0042B9  01                 	db	1
  3107   0042BA  01                 	db	1
  3108   0042BB  01                 	db	1
  3109   0042BC  01                 	db	1
  3110   0042BD  01                 	db	1
  3111   0042BE  01                 	db	1
  3112   0042BF  01                 	db	1
  3113   0042C0  01                 	db	1
  3114   0042C1  01                 	db	1
  3115   0042C2  01                 	db	1
  3116   0042C3  01                 	db	1
  3117   0042C4  01                 	db	1
  3118   0042C5  01                 	db	1
  3119   0042C6  01                 	db	1
  3120   0042C7  01                 	db	1
  3121   0042C8  01                 	db	1
  3122   0042C9  01                 	db	1
  3123   0042CA  01                 	db	1
  3124   0042CB  01                 	db	1
  3125   0042CC  01                 	db	1
  3126   0042CD  01                 	db	1
  3127   0042CE  01                 	db	1
  3128   0042CF  01                 	db	1
  3129   0042D0  01                 	db	1
  3130   0042D1  01                 	db	1
  3131   0042D2  01                 	db	1
  3132   0042D3  01                 	db	1
  3133   0042D4  01                 	db	1
  3134   0042D5  01                 	db	1
  3135   0042D6  01                 	db	1
  3136   0042D7  01                 	db	1
  3137   0042D8  01                 	db	1
  3138   0042D9  01                 	db	1
  3139   0042DA  01                 	db	1
  3140   0042DB  01                 	db	1
  3141   0042DC  01                 	db	1
  3142   0042DD  00                 	db	0
  3143   0042DE  00                 	db	0
  3144   0042DF  00                 	db	0
  3145   0042E0  00                 	db	0
  3146   0042E1  00                 	db	0
  3147   0042E2  00                 	db	0
  3148   0042E3  00                 	db	0
  3149   0042E4  00                 	db	0
  3150   0042E5  00                 	db	0
  3151   0042E6  00                 	db	0
  3152   0042E7  00                 	db	0
  3153   0042E8  00                 	db	0
  3154   0042E9  00                 	db	0
  3155   0042EA  00                 	db	0
  3156   0042EB  00                 	db	0
  3157   0042EC  00                 	db	0
  3158   0042ED  00                 	db	0
  3159   0042EE  00                 	db	0
  3160   0042EF  00                 	db	0
  3161   0042F0  00                 	db	0
  3162   0042F1  00                 	db	0
  3163   0042F2  00                 	db	0
  3164   0042F3  00                 	db	0
  3165   0042F4  00                 	db	0
  3166   0042F5  00                 	db	0
  3167   0042F6  00                 	db	0
  3168   0042F7  00                 	db	0
  3169   0042F8  00                 	db	0
  3170   0042F9  00                 	db	0
  3171   0042FA  00                 	db	0
  3172   0042FB  00                 	db	0
  3173   0042FC  00                 	db	0
  3174   0042FD  00                 	db	0
  3175   0042FE  00                 	db	0
  3176   0042FF  00                 	db	0
  3177   004300  00                 	db	0
  3178   004301  FF                 	db	255
  3179   004302  FF                 	db	255
  3180   004303  FF                 	db	255
  3181   004304  FF                 	db	255
  3182   004305  FF                 	db	255
  3183   004306  FF                 	db	255
  3184   004307  FF                 	db	255
  3185   004308  FF                 	db	255
  3186   004309  FF                 	db	255
  3187   00430A  FF                 	db	255
  3188   00430B  FF                 	db	255
  3189   00430C  FF                 	db	255
  3190   00430D  FF                 	db	255
  3191   00430E  FF                 	db	255
  3192   00430F  FF                 	db	255
  3193   004310  FF                 	db	255
  3194   004311  FF                 	db	255
  3195   004312  FF                 	db	255
  3196   004313  FF                 	db	255
  3197   004314  FF                 	db	255
  3198   004315  FF                 	db	255
  3199   004316  FF                 	db	255
  3200   004317  FF                 	db	255
  3201   004318  FF                 	db	255
  3202   004319  FF                 	db	255
  3203   00431A  FF                 	db	255
  3204   00431B  FF                 	db	255
  3205   00431C  FF                 	db	255
  3206   00431D  FF                 	db	255
  3207   00431E  FF                 	db	255
  3208   00431F  FF                 	db	255
  3209   004320  FF                 	db	255
  3210   004321  FF                 	db	255
  3211   004322  FF                 	db	255
  3212   004323  FF                 	db	255
  3213   004324  FF                 	db	255
  3214   004325  FE                 	db	254
  3215   004326  FE                 	db	254
  3216   004327  FE                 	db	254
  3217   004328  FE                 	db	254
  3218   004329  FE                 	db	254
  3219   00432A  FE                 	db	254
  3220   00432B  FE                 	db	254
  3221   00432C  FE                 	db	254
  3222   00432D  FE                 	db	254
  3223   00432E  FE                 	db	254
  3224   00432F  FE                 	db	254
  3225   004330  FE                 	db	254
  3226   004331  FE                 	db	254
  3227   004332  FE                 	db	254
  3228   004333  FE                 	db	254
  3229   004334  FE                 	db	254
  3230   004335  FE                 	db	254
  3231   004336  FE                 	db	254
  3232   004337  FE                 	db	254
  3233   004338  FE                 	db	254
  3234   004339  FE                 	db	254
  3235   00433A  FE                 	db	254
  3236   00433B  FE                 	db	254
  3237   00433C  FE                 	db	254
  3238   00433D  FE                 	db	254
  3239   00433E  FE                 	db	254
  3240   00433F  FE                 	db	254
  3241   004340  FE                 	db	254
  3242   004341  FE                 	db	254
  3243   004342  FE                 	db	254
  3244   004343  FE                 	db	254
  3245   004344  FE                 	db	254
  3246   004345  FE                 	db	254
  3247   004346  FE                 	db	254
  3248   004347  FE                 	db	254
  3249   004348  FD                 	db	253
  3250   004349  FD                 	db	253
  3251   00434A  FD                 	db	253
  3252   00434B  FD                 	db	253
  3253   00434C  FD                 	db	253
  3254   00434D  FD                 	db	253
  3255   00434E  FD                 	db	253
  3256   00434F  FD                 	db	253
  3257   004350  FD                 	db	253
  3258   004351  FD                 	db	253
  3259   004352  FD                 	db	253
  3260   004353  FD                 	db	253
  3261   004354  FD                 	db	253
  3262   004355  FD                 	db	253
  3263   004356  FD                 	db	253
  3264   004357  FD                 	db	253
  3265   004358  FD                 	db	253
  3266   004359  FD                 	db	253
  3267   00435A  FD                 	db	253
  3268   00435B  FD                 	db	253
  3269   00435C  FD                 	db	253
  3270   00435D  FD                 	db	253
  3271   00435E  FD                 	db	253
  3272   00435F  FD                 	db	253
  3273   004360  FD                 	db	253
  3274   004361  FD                 	db	253
  3275   004362  FD                 	db	253
  3276   004363  FD                 	db	253
  3277   004364  FD                 	db	253
  3278   004365  FD                 	db	253
  3279   004366  FD                 	db	253
  3280   004367  FD                 	db	253
  3281   004368  FD                 	db	253
  3282   004369  FD                 	db	253
  3283   00436A  FC                 	db	252
  3284   00436B  FC                 	db	252
  3285   00436C  FC                 	db	252
  3286   00436D  FC                 	db	252
  3287   00436E  FC                 	db	252
  3288   00436F  FC                 	db	252
  3289   004370  FC                 	db	252
  3290   004371  FC                 	db	252
  3291   004372  FC                 	db	252
  3292   004373  FC                 	db	252
  3293   004374  FC                 	db	252
  3294   004375  FC                 	db	252
  3295   004376  FC                 	db	252
  3296   004377  FC                 	db	252
  3297   004378  FC                 	db	252
  3298   004379  FC                 	db	252
  3299   00437A  FC                 	db	252
  3300   00437B  FC                 	db	252
  3301   00437C  FC                 	db	252
  3302   00437D  FC                 	db	252
  3303   00437E  FC                 	db	252
  3304   00437F  FC                 	db	252
  3305   004380  FC                 	db	252
  3306   004381  FC                 	db	252
  3307   004382  FC                 	db	252
  3308   004383  FC                 	db	252
  3309   004384  FC                 	db	252
  3310   004385  FC                 	db	252
  3311   004386  FC                 	db	252
  3312   004387  FC                 	db	252
  3313   004388  FC                 	db	252
  3314   004389  FC                 	db	252
  3315   00438A  FC                 	db	252
  3316   00438B  FC                 	db	252
  3317   00438C  FB                 	db	251
  3318   00438D  FB                 	db	251
  3319   00438E  FB                 	db	251
  3320   00438F  FB                 	db	251
  3321   004390  FB                 	db	251
  3322   004391  FB                 	db	251
  3323   004392  FB                 	db	251
  3324   004393  FB                 	db	251
  3325   004394  FB                 	db	251
  3326   004395  FB                 	db	251
  3327   004396  FB                 	db	251
  3328   004397  FB                 	db	251
  3329   004398  FB                 	db	251
  3330   004399  FB                 	db	251
  3331   00439A  FB                 	db	251
  3332   00439B  FB                 	db	251
  3333   00439C  FB                 	db	251
  3334   00439D  FB                 	db	251
  3335   00439E  FB                 	db	251
  3336   00439F  FB                 	db	251
  3337   0043A0  FB                 	db	251
  3338   0043A1  FB                 	db	251
  3339   0043A2  FB                 	db	251
  3340   0043A3  FB                 	db	251
  3341   0043A4  FB                 	db	251
  3342   0043A5  FB                 	db	251
  3343   0043A6  FB                 	db	251
  3344   0043A7  FB                 	db	251
  3345   0043A8  FB                 	db	251
  3346   0043A9  FB                 	db	251
  3347   0043AA  FB                 	db	251
  3348   0043AB  FB                 	db	251
  3349   0043AC  FB                 	db	251
  3350   0043AD  FA                 	db	250
  3351   0043AE  FA                 	db	250
  3352   0043AF  FA                 	db	250
  3353   0043B0  FA                 	db	250
  3354   0043B1  FA                 	db	250
  3355   0043B2  FA                 	db	250
  3356   0043B3  FA                 	db	250
  3357   0043B4  FA                 	db	250
  3358   0043B5  FA                 	db	250
  3359   0043B6  FA                 	db	250
  3360   0043B7  FA                 	db	250
  3361   0043B8  FA                 	db	250
  3362   0043B9  FA                 	db	250
  3363   0043BA  FA                 	db	250
  3364   0043BB  FA                 	db	250
  3365   0043BC  FA                 	db	250
  3366   0043BD  FA                 	db	250
  3367   0043BE  FA                 	db	250
  3368   0043BF  FA                 	db	250
  3369   0043C0  FA                 	db	250
  3370   0043C1  FA                 	db	250
  3371   0043C2  FA                 	db	250
  3372   0043C3  FA                 	db	250
  3373   0043C4  FA                 	db	250
  3374   0043C5  FA                 	db	250
  3375   0043C6  FA                 	db	250
  3376   0043C7  FA                 	db	250
  3377   0043C8  FA                 	db	250
  3378   0043C9  FA                 	db	250
  3379   0043CA  FA                 	db	250
  3380   0043CB  FA                 	db	250
  3381   0043CC  FA                 	db	250
  3382   0043CD  FA                 	db	250
  3383   0043CE  F9                 	db	249
  3384   0043CF  F9                 	db	249
  3385   0043D0  F9                 	db	249
  3386   0043D1  F9                 	db	249
  3387   0043D2  F9                 	db	249
  3388   0043D3  F9                 	db	249
  3389   0043D4  F9                 	db	249
  3390   0043D5  F9                 	db	249
  3391   0043D6  F9                 	db	249
  3392   0043D7  F9                 	db	249
  3393   0043D8  F9                 	db	249
  3394   0043D9  F9                 	db	249
  3395   0043DA  F9                 	db	249
  3396   0043DB  F9                 	db	249
  3397   0043DC  F9                 	db	249
  3398   0043DD  F9                 	db	249
  3399   0043DE  F9                 	db	249
  3400   0043DF  F9                 	db	249
  3401   0043E0  F9                 	db	249
  3402   0043E1  F9                 	db	249
  3403   0043E2  F9                 	db	249
  3404   0043E3  F9                 	db	249
  3405   0043E4  F9                 	db	249
  3406   0043E5  F9                 	db	249
  3407   0043E6  F9                 	db	249
  3408   0043E7  F9                 	db	249
  3409   0043E8  F9                 	db	249
  3410   0043E9  F9                 	db	249
  3411   0043EA  F9                 	db	249
  3412   0043EB  F9                 	db	249
  3413   0043EC  F9                 	db	249
  3414   0043ED  F9                 	db	249
  3415   0043EE  F8                 	db	248
  3416   0043EF  F8                 	db	248
  3417   0043F0  F8                 	db	248
  3418   0043F1  F8                 	db	248
  3419   0043F2  F8                 	db	248
  3420   0043F3  F8                 	db	248
  3421   0043F4  F8                 	db	248
  3422   0043F5  F8                 	db	248
  3423   0043F6  F8                 	db	248
  3424   0043F7  F8                 	db	248
  3425   0043F8  F8                 	db	248
  3426   0043F9  F8                 	db	248
  3427   0043FA  F8                 	db	248
  3428   0043FB  F8                 	db	248
  3429   0043FC  F8                 	db	248
  3430   0043FD  F8                 	db	248
  3431   0043FE  F8                 	db	248
  3432   0043FF  F8                 	db	248
  3433   004400  F8                 	db	248
  3434   004401  F8                 	db	248
  3435   004402  F8                 	db	248
  3436   004403  F8                 	db	248
  3437   004404  F8                 	db	248
  3438   004405  F8                 	db	248
  3439   004406  F8                 	db	248
  3440   004407  F8                 	db	248
  3441   004408  F8                 	db	248
  3442   004409  F8                 	db	248
  3443   00440A  F8                 	db	248
  3444   00440B  F8                 	db	248
  3445   00440C  F8                 	db	248
  3446   00440D  F7                 	db	247
  3447   00440E  F7                 	db	247
  3448   00440F  F7                 	db	247
  3449   004410  F7                 	db	247
  3450   004411  F7                 	db	247
  3451   004412  F7                 	db	247
  3452   004413  F7                 	db	247
  3453   004414  F7                 	db	247
  3454   004415  F7                 	db	247
  3455   004416  F7                 	db	247
  3456   004417  F7                 	db	247
  3457   004418  F7                 	db	247
  3458   004419  F7                 	db	247
  3459   00441A  F7                 	db	247
  3460   00441B  F7                 	db	247
  3461   00441C  F7                 	db	247
  3462   00441D  F7                 	db	247
  3463   00441E  F7                 	db	247
  3464   00441F  F7                 	db	247
  3465   004420  F7                 	db	247
  3466   004421  F7                 	db	247
  3467   004422  F7                 	db	247
  3468   004423  F7                 	db	247
  3469   004424  F7                 	db	247
  3470   004425  F7                 	db	247
  3471   004426  F7                 	db	247
  3472   004427  F7                 	db	247
  3473   004428  F7                 	db	247
  3474   004429  F7                 	db	247
  3475   00442A  F7                 	db	247
  3476   00442B  F6                 	db	246
  3477   00442C  F6                 	db	246
  3478   00442D  F6                 	db	246
  3479   00442E  F6                 	db	246
  3480   00442F  F6                 	db	246
  3481   004430  F6                 	db	246
  3482   004431  F6                 	db	246
  3483   004432  F6                 	db	246
  3484   004433  F6                 	db	246
  3485   004434  F6                 	db	246
  3486   004435  F6                 	db	246
  3487   004436  F6                 	db	246
  3488   004437  F6                 	db	246
  3489   004438  F6                 	db	246
  3490   004439  F6                 	db	246
  3491   00443A  F6                 	db	246
  3492   00443B  F6                 	db	246
  3493   00443C  F6                 	db	246
  3494   00443D  F6                 	db	246
  3495   00443E  F6                 	db	246
  3496   00443F  F6                 	db	246
  3497   004440  F6                 	db	246
  3498   004441  F6                 	db	246
  3499   004442  F6                 	db	246
  3500   004443  F6                 	db	246
  3501   004444  F6                 	db	246
  3502   004445  F6                 	db	246
  3503   004446  F6                 	db	246
  3504   004447  F6                 	db	246
  3505   004448  F6                 	db	246
  3506   004449  F5                 	db	245
  3507   00444A  F5                 	db	245
  3508   00444B  F5                 	db	245
  3509   00444C  F5                 	db	245
  3510   00444D  F5                 	db	245
  3511   00444E  F5                 	db	245
  3512   00444F  F5                 	db	245
  3513   004450  F5                 	db	245
  3514   004451  F5                 	db	245
  3515   004452  F5                 	db	245
  3516   004453  F5                 	db	245
  3517   004454  F5                 	db	245
  3518   004455  F5                 	db	245
  3519   004456  F5                 	db	245
  3520   004457  F5                 	db	245
  3521   004458  F5                 	db	245
  3522   004459  F5                 	db	245
  3523   00445A  F5                 	db	245
  3524   00445B  F5                 	db	245
  3525   00445C  F5                 	db	245
  3526   00445D  F5                 	db	245
  3527   00445E  F5                 	db	245
  3528   00445F  F5                 	db	245
  3529   004460  F5                 	db	245
  3530   004461  F5                 	db	245
  3531   004462  F5                 	db	245
  3532   004463  F5                 	db	245
  3533   004464  F5                 	db	245
  3534   004465  F5                 	db	245
  3535   004466  F4                 	db	244
  3536   004467  F4                 	db	244
  3537   004468  F4                 	db	244
  3538   004469  F4                 	db	244
  3539   00446A  F4                 	db	244
  3540   00446B  F4                 	db	244
  3541   00446C  F4                 	db	244
  3542   00446D  F4                 	db	244
  3543   00446E  F4                 	db	244
  3544   00446F  F4                 	db	244
  3545   004470  F4                 	db	244
  3546   004471  F4                 	db	244
  3547   004472  F4                 	db	244
  3548   004473  F4                 	db	244
  3549   004474  F4                 	db	244
  3550   004475  F4                 	db	244
  3551   004476  F4                 	db	244
  3552   004477  F4                 	db	244
  3553   004478  F4                 	db	244
  3554   004479  F4                 	db	244
  3555   00447A  F4                 	db	244
  3556   00447B  F4                 	db	244
  3557   00447C  F4                 	db	244
  3558   00447D  F4                 	db	244
  3559   00447E  F4                 	db	244
  3560   00447F  F4                 	db	244
  3561   004480  F4                 	db	244
  3562   004481  F4                 	db	244
  3563   004482  F3                 	db	243
  3564   004483  F3                 	db	243
  3565   004484  F3                 	db	243
  3566   004485  F3                 	db	243
  3567   004486  F3                 	db	243
  3568   004487  F3                 	db	243
  3569   004488  F3                 	db	243
  3570   004489  F3                 	db	243
  3571   00448A  F3                 	db	243
  3572   00448B  F3                 	db	243
  3573   00448C  F3                 	db	243
  3574   00448D  F3                 	db	243
  3575   00448E  F3                 	db	243
  3576   00448F  F3                 	db	243
  3577   004490  F3                 	db	243
  3578   004491  F3                 	db	243
  3579   004492  F3                 	db	243
  3580   004493  F3                 	db	243
  3581   004494  F3                 	db	243
  3582   004495  F3                 	db	243
  3583   004496  F3                 	db	243
  3584   004497  F3                 	db	243
  3585   004498  F3                 	db	243
  3586   004499  F3                 	db	243
  3587   00449A  F3                 	db	243
  3588   00449B  F3                 	db	243
  3589   00449C  F3                 	db	243
  3590   00449D  F3                 	db	243
  3591   00449E  F2                 	db	242
  3592   00449F  F2                 	db	242
  3593   0044A0  F2                 	db	242
  3594   0044A1  F2                 	db	242
  3595   0044A2  F2                 	db	242
  3596   0044A3  F2                 	db	242
  3597   0044A4  F2                 	db	242
  3598   0044A5  F2                 	db	242
  3599   0044A6  F2                 	db	242
  3600   0044A7  F2                 	db	242
  3601   0044A8  F2                 	db	242
  3602   0044A9  F2                 	db	242
  3603   0044AA  F2                 	db	242
  3604   0044AB  F2                 	db	242
  3605   0044AC  F2                 	db	242
  3606   0044AD  F2                 	db	242
  3607   0044AE  F2                 	db	242
  3608   0044AF  F2                 	db	242
  3609   0044B0  F2                 	db	242
  3610   0044B1  F2                 	db	242
  3611   0044B2  F2                 	db	242
  3612   0044B3  F2                 	db	242
  3613   0044B4  F2                 	db	242
  3614   0044B5  F2                 	db	242
  3615   0044B6  F2                 	db	242
  3616   0044B7  F2                 	db	242
  3617   0044B8  F1                 	db	241
  3618   0044B9  F1                 	db	241
  3619   0044BA  F1                 	db	241
  3620   0044BB  F1                 	db	241
  3621   0044BC  F1                 	db	241
  3622   0044BD  F1                 	db	241
  3623   0044BE  F1                 	db	241
  3624   0044BF  F1                 	db	241
  3625   0044C0  F1                 	db	241
  3626   0044C1  F1                 	db	241
  3627   0044C2  F1                 	db	241
  3628   0044C3  F1                 	db	241
  3629   0044C4  F1                 	db	241
  3630   0044C5  F1                 	db	241
  3631   0044C6  F1                 	db	241
  3632   0044C7  F1                 	db	241
  3633   0044C8  F1                 	db	241
  3634   0044C9  F1                 	db	241
  3635   0044CA  F1                 	db	241
  3636   0044CB  F1                 	db	241
  3637   0044CC  F1                 	db	241
  3638   0044CD  F1                 	db	241
  3639   0044CE  F1                 	db	241
  3640   0044CF  F1                 	db	241
  3641   0044D0  F1                 	db	241
  3642   0044D1  F1                 	db	241
  3643   0044D2  F0                 	db	240
  3644   0044D3  F0                 	db	240
  3645   0044D4  F0                 	db	240
  3646   0044D5  F0                 	db	240
  3647   0044D6  F0                 	db	240
  3648   0044D7  F0                 	db	240
  3649   0044D8  F0                 	db	240
  3650   0044D9  F0                 	db	240
  3651   0044DA  F0                 	db	240
  3652   0044DB  F0                 	db	240
  3653   0044DC  F0                 	db	240
  3654   0044DD  F0                 	db	240
  3655   0044DE  F0                 	db	240
  3656   0044DF  F0                 	db	240
  3657   0044E0  F0                 	db	240
  3658   0044E1  F0                 	db	240
  3659   0044E2  F0                 	db	240
  3660   0044E3  F0                 	db	240
  3661   0044E4  F0                 	db	240
  3662   0044E5  F0                 	db	240
  3663   0044E6  F0                 	db	240
  3664   0044E7  F0                 	db	240
  3665   0044E8  F0                 	db	240
  3666   0044E9  F0                 	db	240
  3667   0044EA  F0                 	db	240
  3668   0044EB  F0                 	db	240
  3669   0044EC  EF                 	db	239
  3670   0044ED  EF                 	db	239
  3671   0044EE  EF                 	db	239
  3672   0044EF  EF                 	db	239
  3673   0044F0  EF                 	db	239
  3674   0044F1  EF                 	db	239
  3675   0044F2  EF                 	db	239
  3676   0044F3  EF                 	db	239
  3677   0044F4  EF                 	db	239
  3678   0044F5  EF                 	db	239
  3679   0044F6  EF                 	db	239
  3680   0044F7  EF                 	db	239
  3681   0044F8  EF                 	db	239
  3682   0044F9  EF                 	db	239
  3683   0044FA  EF                 	db	239
  3684   0044FB  EF                 	db	239
  3685   0044FC  EF                 	db	239
  3686   0044FD  EF                 	db	239
  3687   0044FE  EF                 	db	239
  3688   0044FF  EF                 	db	239
  3689   004500  EF                 	db	239
  3690   004501  EF                 	db	239
  3691   004502  EF                 	db	239
  3692   004503  EF                 	db	239
  3693   004504  EE                 	db	238
  3694   004505  EE                 	db	238
  3695   004506  EE                 	db	238
  3696   004507  EE                 	db	238
  3697   004508  EE                 	db	238
  3698   004509  EE                 	db	238
  3699   00450A  EE                 	db	238
  3700   00450B  EE                 	db	238
  3701   00450C  EE                 	db	238
  3702   00450D  EE                 	db	238
  3703   00450E  EE                 	db	238
  3704   00450F  EE                 	db	238
  3705   004510  EE                 	db	238
  3706   004511  EE                 	db	238
  3707   004512  EE                 	db	238
  3708   004513  EE                 	db	238
  3709   004514  EE                 	db	238
  3710   004515  EE                 	db	238
  3711   004516  EE                 	db	238
  3712   004517  EE                 	db	238
  3713   004518  EE                 	db	238
  3714   004519  EE                 	db	238
  3715   00451A  EE                 	db	238
  3716   00451B  EE                 	db	238
  3717   00451C  ED                 	db	237
  3718   00451D  ED                 	db	237
  3719   00451E  ED                 	db	237
  3720   00451F  ED                 	db	237
  3721   004520  ED                 	db	237
  3722   004521  ED                 	db	237
  3723   004522  ED                 	db	237
  3724   004523  ED                 	db	237
  3725   004524  ED                 	db	237
  3726   004525  ED                 	db	237
  3727   004526  ED                 	db	237
  3728   004527  ED                 	db	237
  3729   004528  ED                 	db	237
  3730   004529  ED                 	db	237
  3731   00452A  ED                 	db	237
  3732   00452B  ED                 	db	237
  3733   00452C  ED                 	db	237
  3734   00452D  ED                 	db	237
  3735   00452E  ED                 	db	237
  3736   00452F  ED                 	db	237
  3737   004530  ED                 	db	237
  3738   004531  ED                 	db	237
  3739   004532  ED                 	db	237
  3740   004533  EC                 	db	236
  3741   004534  EC                 	db	236
  3742   004535  EC                 	db	236
  3743   004536  EC                 	db	236
  3744   004537  EC                 	db	236
  3745   004538  EC                 	db	236
  3746   004539  EC                 	db	236
  3747   00453A  EC                 	db	236
  3748   00453B  EC                 	db	236
  3749   00453C  EC                 	db	236
  3750   00453D  EC                 	db	236
  3751   00453E  EC                 	db	236
  3752   00453F  EC                 	db	236
  3753   004540  EC                 	db	236
  3754   004541  EC                 	db	236
  3755   004542  EC                 	db	236
  3756   004543  EC                 	db	236
  3757   004544  EC                 	db	236
  3758   004545  EC                 	db	236
  3759   004546  EC                 	db	236
  3760   004547  EC                 	db	236
  3761   004548  EC                 	db	236
  3762   004549  EB                 	db	235
  3763   00454A  EB                 	db	235
  3764   00454B  EB                 	db	235
  3765   00454C  EB                 	db	235
  3766   00454D  EB                 	db	235
  3767   00454E  EB                 	db	235
  3768   00454F  EB                 	db	235
  3769   004550  EB                 	db	235
  3770   004551  EB                 	db	235
  3771   004552  EB                 	db	235
  3772   004553  EB                 	db	235
  3773   004554  EB                 	db	235
  3774   004555  EB                 	db	235
  3775   004556  EB                 	db	235
  3776   004557  EB                 	db	235
  3777   004558  EB                 	db	235
  3778   004559  EB                 	db	235
  3779   00455A  EB                 	db	235
  3780   00455B  EB                 	db	235
  3781   00455C  EB                 	db	235
  3782   00455D  EB                 	db	235
  3783   00455E  EB                 	db	235
  3784   00455F  EA                 	db	234
  3785   004560  EA                 	db	234
  3786   004561  EA                 	db	234
  3787   004562  EA                 	db	234
  3788   004563  EA                 	db	234
  3789   004564  EA                 	db	234
  3790   004565  EA                 	db	234
  3791   004566  EA                 	db	234
  3792   004567  EA                 	db	234
  3793   004568  EA                 	db	234
  3794   004569  EA                 	db	234
  3795   00456A  EA                 	db	234
  3796   00456B  EA                 	db	234
  3797   00456C  EA                 	db	234
  3798   00456D  EA                 	db	234
  3799   00456E  EA                 	db	234
  3800   00456F  EA                 	db	234
  3801   004570  EA                 	db	234
  3802   004571  EA                 	db	234
  3803   004572  EA                 	db	234
  3804   004573  EA                 	db	234
  3805   004574  E9                 	db	233
  3806   004575  E9                 	db	233
  3807   004576  E9                 	db	233
  3808   004577  E9                 	db	233
  3809   004578  E9                 	db	233
  3810   004579  E9                 	db	233
  3811   00457A  E9                 	db	233
  3812   00457B  E9                 	db	233
  3813   00457C  E9                 	db	233
  3814   00457D  E9                 	db	233
  3815   00457E  E9                 	db	233
  3816   00457F  E9                 	db	233
  3817   004580  E9                 	db	233
  3818   004581  E9                 	db	233
  3819   004582  E9                 	db	233
  3820   004583  E9                 	db	233
  3821   004584  E9                 	db	233
  3822   004585  E9                 	db	233
  3823   004586  E9                 	db	233
  3824   004587  E9                 	db	233
  3825   004588  E8                 	db	232
  3826   004589  E8                 	db	232
  3827   00458A  E8                 	db	232
  3828   00458B  E8                 	db	232
  3829   00458C  E8                 	db	232
  3830   00458D  E8                 	db	232
  3831   00458E  E8                 	db	232
  3832   00458F  E8                 	db	232
  3833   004590  E8                 	db	232
  3834   004591  E8                 	db	232
  3835   004592  E8                 	db	232
  3836   004593  E8                 	db	232
  3837   004594  E8                 	db	232
  3838   004595  E8                 	db	232
  3839   004596  E8                 	db	232
  3840   004597  E8                 	db	232
  3841   004598  E8                 	db	232
  3842   004599  E8                 	db	232
  3843   00459A  E8                 	db	232
  3844   00459B  E7                 	db	231
  3845   00459C  E7                 	db	231
  3846   00459D  E7                 	db	231
  3847   00459E  E7                 	db	231
  3848   00459F  E7                 	db	231
  3849   0045A0  E7                 	db	231
  3850   0045A1  E7                 	db	231
  3851   0045A2  E7                 	db	231
  3852   0045A3  E7                 	db	231
  3853   0045A4  E7                 	db	231
  3854   0045A5  E7                 	db	231
  3855   0045A6  E7                 	db	231
  3856   0045A7  E7                 	db	231
  3857   0045A8  E7                 	db	231
  3858   0045A9  E7                 	db	231
  3859   0045AA  E7                 	db	231
  3860   0045AB  E7                 	db	231
  3861   0045AC  E7                 	db	231
  3862   0045AD  E7                 	db	231
  3863   0045AE  E6                 	db	230
  3864   0045AF  E6                 	db	230
  3865   0045B0  E6                 	db	230
  3866   0045B1  E6                 	db	230
  3867   0045B2  E6                 	db	230
  3868   0045B3  E6                 	db	230
  3869   0045B4  E6                 	db	230
  3870   0045B5  E6                 	db	230
  3871   0045B6  E6                 	db	230
  3872   0045B7  E6                 	db	230
  3873   0045B8  E6                 	db	230
  3874   0045B9  E6                 	db	230
  3875   0045BA  E6                 	db	230
  3876   0045BB  E6                 	db	230
  3877   0045BC  E6                 	db	230
  3878   0045BD  E6                 	db	230
  3879   0045BE  E6                 	db	230
  3880   0045BF  E5                 	db	229
  3881   0045C0  E5                 	db	229
  3882   0045C1  E5                 	db	229
  3883   0045C2  E5                 	db	229
  3884   0045C3  E5                 	db	229
  3885   0045C4  E5                 	db	229
  3886   0045C5  E5                 	db	229
  3887   0045C6  E5                 	db	229
  3888   0045C7  E5                 	db	229
  3889   0045C8  E5                 	db	229
  3890   0045C9  E5                 	db	229
  3891   0045CA  E5                 	db	229
  3892   0045CB  E5                 	db	229
  3893   0045CC  E5                 	db	229
  3894   0045CD  E5                 	db	229
  3895   0045CE  E5                 	db	229
  3896   0045CF  E5                 	db	229
  3897   0045D0  E5                 	db	229
  3898   0045D1  E4                 	db	228
  3899   0045D2  E4                 	db	228
  3900   0045D3  E4                 	db	228
  3901   0045D4  E4                 	db	228
  3902   0045D5  E4                 	db	228
  3903   0045D6  E4                 	db	228
  3904   0045D7  E4                 	db	228
  3905   0045D8  E4                 	db	228
  3906   0045D9  E4                 	db	228
  3907   0045DA  E4                 	db	228
  3908   0045DB  E4                 	db	228
  3909   0045DC  E4                 	db	228
  3910   0045DD  E4                 	db	228
  3911   0045DE  E4                 	db	228
  3912   0045DF  E4                 	db	228
  3913   0045E0  E4                 	db	228
  3914   0045E1  E3                 	db	227
  3915   0045E2  E3                 	db	227
  3916   0045E3  E3                 	db	227
  3917   0045E4  E3                 	db	227
  3918   0045E5  E3                 	db	227
  3919   0045E6  E3                 	db	227
  3920   0045E7  E3                 	db	227
  3921   0045E8  E3                 	db	227
  3922   0045E9  E3                 	db	227
  3923   0045EA  E3                 	db	227
  3924   0045EB  E3                 	db	227
  3925   0045EC  E3                 	db	227
  3926   0045ED  E3                 	db	227
  3927   0045EE  E3                 	db	227
  3928   0045EF  E3                 	db	227
  3929   0045F0  E3                 	db	227
  3930   0045F1  E2                 	db	226
  3931   0045F2  E2                 	db	226
  3932   0045F3  E2                 	db	226
  3933   0045F4  E2                 	db	226
  3934   0045F5  E2                 	db	226
  3935   0045F6  E2                 	db	226
  3936   0045F7  E2                 	db	226
  3937   0045F8  E2                 	db	226
  3938   0045F9  E2                 	db	226
  3939   0045FA  E2                 	db	226
  3940   0045FB  E2                 	db	226
  3941   0045FC  E2                 	db	226
  3942   0045FD  E2                 	db	226
  3943   0045FE  E2                 	db	226
  3944   0045FF  E2                 	db	226
  3945   004600  E1                 	db	225
  3946   004601  E1                 	db	225
  3947   004602  E1                 	db	225
  3948   004603  E1                 	db	225
  3949   004604  E1                 	db	225
  3950   004605  E1                 	db	225
  3951   004606  E1                 	db	225
  3952   004607  E1                 	db	225
  3953   004608  E1                 	db	225
  3954   004609  E1                 	db	225
  3955   00460A  E1                 	db	225
  3956   00460B  E1                 	db	225
  3957   00460C  E1                 	db	225
  3958   00460D  E1                 	db	225
  3959   00460E  E1                 	db	225
  3960   00460F  E0                 	db	224
  3961   004610  E0                 	db	224
  3962   004611  E0                 	db	224
  3963   004612  E0                 	db	224
  3964   004613  E0                 	db	224
  3965   004614  E0                 	db	224
  3966   004615  E0                 	db	224
  3967   004616  E0                 	db	224
  3968   004617  E0                 	db	224
  3969   004618  E0                 	db	224
  3970   004619  E0                 	db	224
  3971   00461A  E0                 	db	224
  3972   00461B  E0                 	db	224
  3973   00461C  E0                 	db	224
  3974   00461D  DF                 	db	223
  3975   00461E  DF                 	db	223
  3976   00461F  DF                 	db	223
  3977   004620  DF                 	db	223
  3978   004621  DF                 	db	223
  3979   004622  DF                 	db	223
  3980   004623  DF                 	db	223
  3981   004624  DF                 	db	223
  3982   004625  DF                 	db	223
  3983   004626  DF                 	db	223
  3984   004627  DF                 	db	223
  3985   004628  DF                 	db	223
  3986   004629  DF                 	db	223
  3987   00462A  DE                 	db	222
  3988   00462B  DE                 	db	222
  3989   00462C  DE                 	db	222
  3990   00462D  DE                 	db	222
  3991   00462E  DE                 	db	222
  3992   00462F  DE                 	db	222
  3993   004630  DE                 	db	222
  3994   004631  DE                 	db	222
  3995   004632  DE                 	db	222
  3996   004633  DE                 	db	222
  3997   004634  DE                 	db	222
  3998   004635  DE                 	db	222
  3999   004636  DE                 	db	222
  4000   004637  DD                 	db	221
  4001   004638  DD                 	db	221
  4002   004639  DD                 	db	221
  4003   00463A  DD                 	db	221
  4004   00463B  DD                 	db	221
  4005   00463C  DD                 	db	221
  4006   00463D  DD                 	db	221
  4007   00463E  DD                 	db	221
  4008   00463F  DD                 	db	221
  4009   004640  DD                 	db	221
  4010   004641  DD                 	db	221
  4011   004642  DD                 	db	221
  4012   004643  DD                 	db	221
  4013   004644  DC                 	db	220
  4014   004645  DC                 	db	220
  4015   004646  DC                 	db	220
  4016   004647  DC                 	db	220
  4017   004648  DC                 	db	220
  4018   004649  DC                 	db	220
  4019   00464A  DC                 	db	220
  4020   00464B  DC                 	db	220
  4021   00464C  DC                 	db	220
  4022   00464D  DC                 	db	220
  4023   00464E  DC                 	db	220
  4024   00464F  DB                 	db	219
  4025   004650  DB                 	db	219
  4026   004651  DB                 	db	219
  4027   004652  DB                 	db	219
  4028   004653  DB                 	db	219
  4029   004654  DB                 	db	219
  4030   004655  DB                 	db	219
  4031   004656  DB                 	db	219
  4032   004657  DB                 	db	219
  4033   004658  DB                 	db	219
  4034   004659  DB                 	db	219
  4035   00465A  DA                 	db	218
  4036   00465B  DA                 	db	218
  4037   00465C  DA                 	db	218
  4038   00465D  DA                 	db	218
  4039   00465E  DA                 	db	218
  4040   00465F  DA                 	db	218
  4041   004660  DA                 	db	218
  4042   004661  DA                 	db	218
  4043   004662  DA                 	db	218
  4044   004663  DA                 	db	218
  4045   004664  DA                 	db	218
  4046   004665  D9                 	db	217
  4047   004666  D9                 	db	217
  4048   004667  D9                 	db	217
  4049   004668  D9                 	db	217
  4050   004669  D9                 	db	217
  4051   00466A  D9                 	db	217
  4052   00466B  D9                 	db	217
  4053   00466C  D9                 	db	217
  4054   00466D  D9                 	db	217
  4055   00466E  D9                 	db	217
  4056   00466F  D8                 	db	216
  4057   004670  D8                 	db	216
  4058   004671  D8                 	db	216
  4059   004672  D8                 	db	216
  4060   004673  D8                 	db	216
  4061   004674  D8                 	db	216
  4062   004675  D8                 	db	216
  4063   004676  D8                 	db	216
  4064   004677  D8                 	db	216
  4065   004678  D8                 	db	216
  4066   004679  D7                 	db	215
  4067   00467A  D7                 	db	215
  4068   00467B  D7                 	db	215
  4069   00467C  D7                 	db	215
  4070   00467D  D7                 	db	215
  4071   00467E  D7                 	db	215
  4072   00467F  D7                 	db	215
  4073   004680  D7                 	db	215
  4074   004681  D7                 	db	215
  4075   004682  D6                 	db	214
  4076   004683  D6                 	db	214
  4077   004684  D6                 	db	214
  4078   004685  D6                 	db	214
  4079   004686  D6                 	db	214
  4080   004687  D6                 	db	214
  4081   004688  D6                 	db	214
  4082   004689  D6                 	db	214
  4083   00468A  D6                 	db	214
  4084   00468B  D5                 	db	213
  4085   00468C  D5                 	db	213
  4086   00468D  D5                 	db	213
  4087   00468E  D5                 	db	213
  4088   00468F  D5                 	db	213
  4089   004690  D5                 	db	213
  4090   004691  D5                 	db	213
  4091   004692  D5                 	db	213
  4092   004693  D4                 	db	212
  4093   004694  D4                 	db	212
  4094   004695  D4                 	db	212
  4095   004696  D4                 	db	212
  4096   004697  D4                 	db	212
  4097   004698  D4                 	db	212
  4098   004699  D4                 	db	212
  4099   00469A  D4                 	db	212
  4100   00469B  D3                 	db	211
  4101   00469C  D3                 	db	211
  4102   00469D  D3                 	db	211
  4103   00469E  D3                 	db	211
  4104   00469F  D3                 	db	211
  4105   0046A0  D3                 	db	211
  4106   0046A1  D3                 	db	211
  4107   0046A2  D2                 	db	210
  4108   0046A3  D2                 	db	210
  4109   0046A4  D2                 	db	210
  4110   0046A5  D2                 	db	210
  4111   0046A6  D2                 	db	210
  4112   0046A7  D2                 	db	210
  4113   0046A8  D2                 	db	210
  4114   0046A9  D1                 	db	209
  4115   0046AA  D1                 	db	209
  4116   0046AB  D1                 	db	209
  4117   0046AC  D1                 	db	209
  4118   0046AD  D1                 	db	209
  4119   0046AE  D1                 	db	209
  4120   0046AF  D1                 	db	209
  4121   0046B0  D0                 	db	208
  4122   0046B1  D0                 	db	208
  4123   0046B2  D0                 	db	208
  4124   0046B3  D0                 	db	208
  4125   0046B4  D0                 	db	208
  4126   0046B5  D0                 	db	208
  4127   0046B6  CF                 	db	207
  4128   0046B7  CF                 	db	207
  4129   0046B8  CF                 	db	207
  4130   0046B9  CF                 	db	207
  4131   0046BA  CF                 	db	207
  4132   0046BB  CF                 	db	207
  4133   0046BC  CE                 	db	206
  4134   0046BD  CE                 	db	206
  4135   0046BE  CE                 	db	206
  4136   0046BF  CE                 	db	206
  4137   0046C0  CE                 	db	206
  4138   0046C1  CE                 	db	206
  4139   0046C2  CD                 	db	205
  4140   0046C3  CD                 	db	205
  4141   0046C4  CD                 	db	205
  4142   0046C5  CD                 	db	205
  4143   0046C6  CD                 	db	205
  4144   0046C7  CC                 	db	204
  4145   0046C8  CC                 	db	204
  4146   0046C9  CC                 	db	204
  4147   0046CA  CC                 	db	204
  4148   0046CB  CC                 	db	204
  4149   0046CC  CB                 	db	203
  4150   0046CD  CB                 	db	203
  4151   0046CE  CB                 	db	203
  4152   0046CF  CB                 	db	203
  4153   0046D0  CB                 	db	203
  4154   0046D1  CA                 	db	202
  4155   0046D2  CA                 	db	202
  4156   0046D3  CA                 	db	202
  4157   0046D4  CA                 	db	202
  4158   0046D5  CA                 	db	202
  4159   0046D6  C9                 	db	201
  4160   0046D7  C9                 	db	201
  4161   0046D8  C9                 	db	201
  4162   0046D9  C9                 	db	201
  4163   0046DA  C8                 	db	200
  4164   0046DB  C8                 	db	200
  4165   0046DC  C8                 	db	200
  4166   0046DD  C8                 	db	200
  4167   0046DE  C7                 	db	199
  4168   0046DF  C7                 	db	199
  4169   0046E0  C7                 	db	199
  4170   0046E1  C6                 	db	198
  4171   0046E2  C6                 	db	198
  4172   0046E3  C6                 	db	198
  4173   0046E4  C6                 	db	198
  4174   0046E5  C5                 	db	197
  4175   0046E6  C5                 	db	197
  4176   0046E7  C5                 	db	197
  4177   0046E8  C4                 	db	196
  4178   0046E9  C4                 	db	196
  4179   0046EA  C4                 	db	196
  4180   0046EB  C3                 	db	195
  4181   0046EC  C3                 	db	195
  4182   0046ED  C3                 	db	195
  4183   0046EE  C2                 	db	194
  4184   0046EF  C2                 	db	194
  4185   0046F0  C2                 	db	194
  4186   0046F1  C1                 	db	193
  4187   0046F2  C1                 	db	193
  4188   0046F3  C0                 	db	192
  4189   0046F4  C0                 	db	192
  4190   0046F5  C0                 	db	192
  4191   0046F6  BF                 	db	191
  4192   0046F7  BF                 	db	191
  4193   0046F8  BE                 	db	190
  4194   0046F9  BE                 	db	190
  4195   0046FA  BD                 	db	189
  4196   0046FB  BD                 	db	189
  4197   0046FC  BC                 	db	188
  4198   0046FD  BC                 	db	188
  4199   0046FE  BB                 	db	187
  4200   0046FF  BA                 	db	186
  4201   004700  BA                 	db	186
  4202   004701  B9                 	db	185
  4203   004702  B8                 	db	184
  4204   004703  B8                 	db	184
  4205   004704  B7                 	db	183
  4206   004705  B6                 	db	182
  4207   004706  B5                 	db	181
  4208   004707  B4                 	db	180
  4209   004708  B3                 	db	179
  4210   004709  B2                 	db	178
  4211   00470A  B0                 	db	176
  4212   00470B  AF                 	db	175
  4213   00470C  AD                 	db	173
  4214   00470D  AB                 	db	171
  4215   00470E  A9                 	db	169
  4216   00470F  A6                 	db	166
  4217   004710  A2                 	db	162
  4218   004711  9C                 	db	156
  4219                           
  4220                           	psect	idataBANK5
  4221   0055B4                     __pidataBANK5:
  4222                           	callstack 0
  4223                           
  4224                           ;initializer for _pd_to_adc_channel
  4225   0055B4  09                 	db	9
  4226   0055B5  0A                 	db	10
  4227   0055B6  0B                 	db	11
  4228   0055B7  0C                 	db	12
  4229   0055B8  01                 	db	1
  4230   0055B9  02                 	db	2
  4231   0055BA  03                 	db	3
  4232   0055BB  11                 	db	17
  4233   0055BC  12                 	db	18
  4234   0055BD  1F                 	db	31
  4235                           
  4236                           	psect	smallconst
  4237   003700                     __psmallconst:
  4238                           	callstack 0
  4239   003700  00                 	db	0
  4240   003701                     _DLC_BYTES:
  4241                           	callstack 0
  4242   003701  00                 	db	0
  4243   003702  01                 	db	1
  4244   003703  02                 	db	2
  4245   003704  03                 	db	3
  4246   003705  04                 	db	4
  4247   003706  05                 	db	5
  4248   003707  06                 	db	6
  4249   003708  07                 	db	7
  4250   003709  08                 	db	8
  4251   00370A                     __end_of_DLC_BYTES:
  4252                           	callstack 0
  4253   00370A                     _spi1_configuration:
  4254                           	callstack 0
  4255   00370A  00                 	db	0
  4256   00370B  40                 	db	64
  4257   00370C  00                 	db	0
  4258   00370D  00                 	db	0
  4259   00370E  00                 	db	0
  4260   00370F                     __end_of_spi1_configuration:
  4261                           	callstack 0
  4262   00370F  50                 	db	80
  4263   003710  01                 	db	1
  4264   003711                     __end_of_FIFO:
  4265                           	callstack 0
  4266   000000                     _ADERRL	set	989
  4267   000000                     _ADERRH	set	990
  4268   000000                     _ADPREVL	set	1000
  4269   000000                     _ADPREVH	set	1001
  4270   000000                     _ADFLTRL	set	993
  4271   000000                     _ADFLTRH	set	994
  4272   000000                     _ADREF	set	1016
  4273   000000                     _ADSTAT	set	1015
  4274   000000                     _ADCON3	set	1014
  4275   000000                     _ADCON2	set	1013
  4276   000000                     _ADCON1	set	1012
  4277   000000                     _ADCON0	set	1011
  4278   000000                     _ADPREH	set	1010
  4279   000000                     _ADPREL	set	1009
  4280   000000                     _ADCAP	set	1008
  4281   000000                     _ADACQH	set	1007
  4282   000000                     _ADRESL	set	1002
  4283   000000                     _ADRPT	set	999
  4284   000000                     _ADCNT	set	998
  4285   000000                     _ADACCU	set	997
  4286   000000                     _ADACCH	set	996
  4287   000000                     _ADACCL	set	995
  4288   000000                     _ADSTPTH	set	992
  4289   000000                     _ADSTPTL	set	991
  4290   000000                     _ADUTHH	set	988
  4291   000000                     _ADUTHL	set	987
  4292   000000                     _ADLTHH	set	986
  4293   000000                     _ADLTHL	set	985
  4294   000000                     _C1CONTbits	set	259
  4295   000000                     _C1CONU	set	258
  4296   000000                     _TRISD	set	1225
  4297   000000                     _TRISC	set	1224
  4298   000000                     _TRISB	set	1223
  4299   000000                     _LATC	set	1216
  4300   000000                     _LATB	set	1215
  4301   000000                     _OSCTUNE	set	176
  4302   000000                     _OSCFRQ	set	177
  4303   000000                     _OSCEN	set	179
  4304   003711  00                 	db	0	; dummy byte at the end
  4305   000000                     
  4306                           	psect	nvCOMRAM
  4307   000546                     __pnvCOMRAM:
  4308                           	callstack 0
  4309   000546                     _ADC_ActiveClockTuning_ISR:
  4310                           	callstack 0
  4311   000546                     	ds	3
  4312   000549                     _ADC_Context1Thereshld_ISR:
  4313                           	callstack 0
  4314   000549                     	ds	3
  4315   00054C                     _ADC_ConversionComplete_ISR:
  4316                           	callstack 0
  4317   00054C                     	ds	3
  4318   000000                     _SPI1CON0bits	set	132
  4319   000000                     _C1INTLbits	set	284
  4320   000000                     _C1INTTbits	set	287
  4321   000000                     _C1CONUbits	set	258
  4322   000000                     _C1INTHbits	set	285
  4323   000000                     _C1CONH	set	257
  4324   000000                     _ADCPbits	set	984
  4325   000000                     _ADCON1bits	set	1012
  4326   000000                     _ADSTATbits	set	1015
  4327   000000                     _ADCON2bits	set	1013
  4328   000000                     _ADCON3bits	set	1014
  4329   000000                     _ADCSEL1bits	set	1020
  4330   000000                     _ADCON0bits	set	1011
  4331   000000                     _TRISCbits	set	1224
  4332   000000                     _CLKRCON	set	57
  4333   000000                     _CLKRCLK	set	58
  4334   000000                     _PMD0	set	96
  4335   000000                     _OSCCON1	set	173
  4336   000000                     _OSCCON3	set	175
  4337   000000                     _C1CONL	set	256
  4338   000000                     _C1CONHbits	set	257
  4339   000000                     _C1NBTCFGL	set	260
  4340   000000                     _RC3PPS	set	532
  4341   000000                     _SPI1SCKPPS	set	618
  4342   000000                     _ANSELA	set	1024
  4343   000000                     _ANSELB	set	1032
  4344   000000                     _ANSELC	set	1040
  4345   000000                     _ANSELD	set	1048
  4346   000000                     _LATA	set	1214
  4347   000000                     _LATD	set	1217
  4348   000000                     _LATE	set	1218
  4349   000000                     _C1TXQCONL	set	336
  4350   000000                     _SPI1RXB	set	128
  4351   000000                     _SPI1TXB	set	129
  4352   000000                     _SPI1TCNTL	set	130
  4353   000000                     _SPI1CON0	set	132
  4354   000000                     _PMD8	set	104
  4355   000000                     _PMD7	set	103
  4356   000000                     _PMD6	set	102
  4357   000000                     _PMD5	set	101
  4358   000000                     _PMD4	set	100
  4359   000000                     _PMD3	set	99
  4360   000000                     _PMD2	set	98
  4361   000000                     _PMD1	set	97
  4362   000000                     _TRISA	set	1222
  4363   000000                     _TRISE	set	1226
  4364   000000                     _PORTDbits	set	1233
  4365   000000                     _INTCON0bits	set	1238
  4366   000000                     _INLVLD	set	1052
  4367   000000                     _SLRCOND	set	1051
  4368   000000                     _ODCOND	set	1050
  4369   000000                     _WPUD	set	1049
  4370   000000                     _ANSELE	set	1056
  4371   000000                     _INLVLC	set	1044
  4372   000000                     _SLRCONC	set	1043
  4373   000000                     _ODCONC	set	1042
  4374   000000                     _WPUC	set	1041
  4375   000000                     _INLVLB	set	1036
  4376   000000                     _SLRCONB	set	1035
  4377   000000                     _ODCONB	set	1034
  4378   000000                     _WPUB	set	1033
  4379   000000                     _PIE0bits	set	1182
  4380   000000                     _PIR0bits	set	1198
  4381   000000                     _INLVLE	set	1060
  4382   000000                     _SLRCONE	set	1059
  4383   000000                     _ODCONE	set	1058
  4384   000000                     _WPUE	set	1057
  4385   000000                     _INLVLA	set	1028
  4386   000000                     _SLRCONA	set	1027
  4387   000000                     _ODCONA	set	1026
  4388   000000                     _WPUA	set	1025
  4389   000000                     _ADCP	set	984
  4390   000000                     _ADACT	set	1017
  4391   000000                     _SPI1SDIPPS	set	619
  4392   000000                     _RC5PPS	set	534
  4393   000000                     _RD1PPS	set	538
  4394   000000                     _CANRXPPS	set	573
  4395   000000                     _C1TXQSTALbits	set	340
  4396   000000                     _C1FIFOCON1L	set	348
  4397   000000                     _C1TXQCONT	set	339
  4398   000000                     _C1TXQCONU	set	338
  4399   000000                     _C1TXQCONH	set	337
  4400   000000                     _C1FIFOSTA1Lbits	set	352
  4401   000000                     _C1FIFOCON1T	set	351
  4402   000000                     _C1FIFOCON1U	set	350
  4403   000000                     _C1FIFOCON1H	set	349
  4404   000000                     _C1INTL	set	284
  4405   000000                     _C1NBTCFGT	set	263
  4406   000000                     _C1NBTCFGU	set	262
  4407   000000                     _C1NBTCFGH	set	261
  4408   000000                     _PIR3bits	set	1201
  4409   000000                     _PIR2bits	set	1200
  4410   000000                     _PIR1bits	set	1199
  4411   000000                     _C1FIFOBA	set	332
  4412   000000                     _C1TRECUbits	set	310
  4413   000000                     _C1INTT	set	287
  4414   000000                     _C1INTU	set	286
  4415   000000                     _C1INTH	set	285
  4416   000000                     _ADCSEL1	set	1020
  4417   000000                     _ADCTX	set	1019
  4418   000000                     _ADCLK	set	1018
  4419   000000                     _ADACQL	set	1006
  4420   000000                     _ADPCH	set	1004
  4421   000000                     _ADRESH	set	1003
  4422   000000                     _SPI1BAUD	set	137
  4423   000000                     _SPI1CLK	set	140
  4424   000000                     _SPI1CON2	set	134
  4425   000000                     _SPI1CON1	set	133
  4426                           
  4427                           ; #config settings
  4428                           
  4429                           	psect	cinit
  4430   0050E0                     __pcinit:
  4431                           	callstack 0
  4432   0050E0                     start_initialization:
  4433                           	callstack 0
  4434   0050E0                     __initialization:
  4435                           	callstack 0
  4436                           
  4437                           ; Initialize objects allocated to BIGRAM (4096 bytes)
  4438                           ; load TBLPTR registers with __pidataBIGRAM
  4439   0050E0  0E12               	movlw	low __pidataBIGRAM
  4440   0050E2  6EF6               	movwf	tblptrl,c
  4441   0050E4  0E37               	movlw	high __pidataBIGRAM
  4442   0050E6  6EF7               	movwf	tblptrh,c
  4443   0050E8  0E00               	movlw	low (__pidataBIGRAM shr (0+16))
  4444   0050EA  6EF8               	movwf	tblptru,c
  4445   0050EC  EE01  F182         	lfsr	0,__pdataBIGRAM
  4446   0050F0  EE14 F000          	lfsr	1,4096
  4447   0050F4                     copy_data0:
  4448   0050F4  0009               	tblrd		*+
  4449   0050F6  C4F5 F4EE          	movff	tablat,postinc0
  4450   0050FA  50E5               	movf	postdec1,w,c
  4451   0050FC  50E1               	movf	fsr1l,w,c
  4452   0050FE  E1FA               	bnz	copy_data0
  4453   005100  50E2               	movf	fsr1h,w,c
  4454   005102  E1F8               	bnz	copy_data0
  4455                           
  4456                           ; Initialize objects allocated to BANK5 (10 bytes)
  4457                           ; load TBLPTR registers with __pidataBANK5
  4458   005104  0EB4               	movlw	low __pidataBANK5
  4459   005106  6EF6               	movwf	tblptrl,c
  4460   005108  0E55               	movlw	high __pidataBANK5
  4461   00510A  6EF7               	movwf	tblptrh,c
  4462   00510C  0E00               	movlw	low (__pidataBANK5 shr (0+16))
  4463   00510E  6EF8               	movwf	tblptru,c
  4464   005110  EE01  F178         	lfsr	0,__pdataBANK5
  4465   005114  EE10 F00A          	lfsr	1,10
  4466   005118                     copy_data1:
  4467   005118  0009               	tblrd		*+
  4468   00511A  C4F5 F4EE          	movff	tablat,postinc0
  4469   00511E  50E5               	movf	postdec1,w,c
  4470   005120  50E1               	movf	fsr1l,w,c
  4471   005122  E1FA               	bnz	copy_data1
  4472                           
  4473                           ; Initialize objects allocated to COMRAM (2 bytes)
  4474                           ; load TBLPTR registers with __pidataCOMRAM
  4475   005124  0ED4               	movlw	low __pidataCOMRAM
  4476   005126  6EF6               	movwf	tblptrl,c
  4477   005128  0E55               	movlw	high __pidataCOMRAM
  4478   00512A  6EF7               	movwf	tblptrh,c
  4479   00512C  0E00               	movlw	low (__pidataCOMRAM shr (0+16))
  4480   00512E  6EF8               	movwf	tblptru,c
  4481   005130  0009               	tblrd		*+	;fetch initializer
  4482   005132  C4F5 F54F          	movff	tablat,__pdataCOMRAM
  4483   005136  0009               	tblrd		*+	;fetch initializer
  4484   005138  C4F5 F550          	movff	tablat,__pdataCOMRAM+1
  4485                           
  4486                           ; Clear objects allocated to BANK5 (10 bytes)
  4487   00513C  EE01  F16E         	lfsr	0,__pbssBANK5
  4488   005140  0E0A               	movlw	10
  4489   005142                     clear_0:
  4490   005142  6AEE               	clrf	postinc0,c
  4491   005144  06E8               	decf	wreg,f,c
  4492   005146  E1FD               	bnz	clear_0
  4493                           
  4494                           ; Clear objects allocated to COMRAM (37 bytes)
  4495   005148  EE01  F101         	lfsr	0,__pbssCOMRAM
  4496   00514C  0E25               	movlw	37
  4497   00514E                     clear_1:
  4498   00514E  6AEE               	clrf	postinc0,c
  4499   005150  06E8               	decf	wreg,f,c
  4500   005152  E1FD               	bnz	clear_1
  4501                           
  4502                           ;
  4503                           ; Setup IVTBASE
  4504                           ;
  4505   005154  0104               	movlb	4
  4506   005156  0E08               	movlw	(ivt0x8_base shr 0)& (0+255)
  4507   005158  6F5D               	movwf	93,b
  4508   00515A  0E00               	movlw	(ivt0x8_base shr (0+8))& (0+255)
  4509   00515C  6F5E               	movwf	94,b
  4510   00515E  0E00               	movlw	(ivt0x8_base shr (0+16))& (0+255)
  4511   005160  6F5F               	movwf	95,b
  4512   005162                     end_of_initialization:
  4513                           	callstack 0
  4514   005162                     __end_of__initialization:
  4515                           	callstack 0
  4516   005162  0100               	movlb	0
  4517   005164  EF9D  F024         	goto	_main	;jump to C main() function
  4518                           
  4519                           	psect	bssCOMRAM
  4520   000501                     __pbssCOMRAM:
  4521                           	callstack 0
  4522   000501                     _therm_msg_data:
  4523                           	callstack 0
  4524   000501                     	ds	8
  4525   000509                     _CAN1_TxAttemptHandler:
  4526                           	callstack 0
  4527   000509                     	ds	3
  4528   00050C                     _CAN1_SystemErrorHandler:
  4529                           	callstack 0
  4530   00050C                     	ds	3
  4531   00050F                     _CAN1_ModeChangeHandler:
  4532                           	callstack 0
  4533   00050F                     	ds	3
  4534   000512                     _CAN1_BusErrorHandler:
  4535                           	callstack 0
  4536   000512                     	ds	3
  4537   000515                     _CAN1_BusWakeUpActivityHandler:
  4538                           	callstack 0
  4539   000515                     	ds	3
  4540   000518                     _CAN1_InvalidMessageHandler:
  4541                           	callstack 0
  4542   000518                     	ds	3
  4543   00051B                     _module_id:
  4544                           	callstack 0
  4545   00051B                     	ds	1
  4546   00051C                     _msg_data:
  4547                           	callstack 0
  4548   00051C                     	ds	8
  4549   000524                     _temps:
  4550                           	callstack 0
  4551   000524                     	ds	2
  4552                           
  4553                           	psect	dataCOMRAM
  4554   00054F                     __pdataCOMRAM:
  4555                           	callstack 0
  4556   00054F                     _therm_to_adc_channel:
  4557                           	callstack 0
  4558   00054F                     	ds	2
  4559                           
  4560                           	psect	bssBANK5
  4561   00056E                     __pbssBANK5:
  4562                           	callstack 0
  4563   00056E                     _pd_voltages:
  4564                           	callstack 0
  4565   00056E                     	ds	10
  4566                           
  4567                           	psect	dataBANK5
  4568   000578                     __pdataBANK5:
  4569                           	callstack 0
  4570   000578                     _pd_to_adc_channel:
  4571                           	callstack 0
  4572   000578                     	ds	10
  4573                           
  4574                           	psect	dataBIGRAM
  4575   000582                     __pdataBIGRAM:
  4576                           	callstack 0
  4577   000582                     _therm_lut:
  4578                           	callstack 0
  4579   000582                     	ds	4096
  4580                           
  4581                           	psect	cstackBANK5
  4582   000560                     __pcstackBANK5:
  4583                           	callstack 0
  4584   000560                     main@reading:
  4585                           	callstack 0
  4586                           
  4587                           ; 2 bytes @ 0x0
  4588   000560                     	ds	2
  4589   000562                     main@reading_1524:
  4590                           	callstack 0
  4591                           
  4592                           ; 2 bytes @ 0x2
  4593   000562                     	ds	2
  4594   000564                     main@multiplexor:
  4595                           	callstack 0
  4596                           
  4597                           ; 1 bytes @ 0x4
  4598   000564                     	ds	1
  4599   000565                     main@therm_i:
  4600                           	callstack 0
  4601                           
  4602                           ; 1 bytes @ 0x5
  4603   000565                     	ds	1
  4604   000566                     main@pd_i:
  4605                           	callstack 0
  4606                           
  4607                           ; 1 bytes @ 0x6
  4608   000566                     	ds	1
  4609   000567                     main@msg:
  4610                           	callstack 0
  4611                           
  4612                           ; 7 bytes @ 0x7
  4613   000567                     	ds	7
  4614                           
  4615                           	psect	cstackCOMRAM
  4616   000526                     __pcstackCOMRAM:
  4617                           	callstack 0
  4618   000526                     ??_INTERRUPT_InterruptManager:
  4619   000526                     
  4620                           ; 1 bytes @ 0x0
  4621   000526                     	ds	2
  4622   000528                     ?_ADC_GetConversionResult:
  4623                           	callstack 0
  4624   000528                     ?_get_PD_Broadcast_msg:
  4625                           	callstack 0
  4626   000528                     ?_get_Therm_Broadcast_msg:
  4627                           	callstack 0
  4628   000528                     CAN1_OperationModeSet@opMode:
  4629                           	callstack 0
  4630   000528                     _isTxChannel$599:
  4631                           	callstack 0
  4632   000528                     GetTxFifoStatus@validChannel:
  4633                           	callstack 0
  4634   000528                     ADC_SelectContext@context:
  4635                           	callstack 0
  4636   000528                     ADC_StartConversion@channel:
  4637                           	callstack 0
  4638   000528                     adc_to_temp@reading:
  4639                           	callstack 0
  4640   000528                     get_PD_Broadcast_msg@voltages_array:
  4641                           	callstack 0
  4642   000528                     get_Therm_Broadcast_msg@temps_array:
  4643                           	callstack 0
  4644   000528                     memcpy@d1:
  4645                           	callstack 0
  4646   000528                     CAN1_SetInvalidMessageInterruptHandler@handler:
  4647                           	callstack 0
  4648   000528                     CAN1_SetBusWakeUpActivityInterruptHandler@handler:
  4649                           	callstack 0
  4650   000528                     CAN1_SetBusErrorInterruptHandler@handler:
  4651                           	callstack 0
  4652   000528                     CAN1_SetModeChangeInterruptHandler@handler:
  4653                           	callstack 0
  4654   000528                     CAN1_SetSystemErrorInterruptHandler@handler:
  4655                           	callstack 0
  4656   000528                     CAN1_SetTxAttemptInterruptHandler@handler:
  4657                           	callstack 0
  4658   000528                     ADC_SetADIInterruptHandler@InterruptHandler:
  4659                           	callstack 0
  4660   000528                     ADC_SetContext1ThresholdInterruptHandler@InterruptHandler:
  4661                           	callstack 0
  4662   000528                     ADC_SetActiveClockTuningInterruptHandler@InterruptHandler:
  4663                           	callstack 0
  4664                           
  4665                           ; 3 bytes @ 0x2
  4666   000528                     	ds	1
  4667   000529                     CAN1_OperationModeSet@status:
  4668                           	callstack 0
  4669   000529                     isTxChannel@channel:
  4670                           	callstack 0
  4671   000529                     ValidateTransmission@txCanMsg:
  4672                           	callstack 0
  4673                           
  4674                           ; 2 bytes @ 0x3
  4675   000529                     	ds	1
  4676   00052A                     ??_ADC_GetConversionResult:
  4677   00052A                     CAN1_OperationModeSet@requestMode:
  4678                           	callstack 0
  4679   00052A                     CAN1_TransmitFIFOStatusGet@status:
  4680                           	callstack 0
  4681   00052A                     get_PD_Broadcast_msg@module_id:
  4682                           	callstack 0
  4683   00052A                     get_Therm_Broadcast_msg@module_id:
  4684                           	callstack 0
  4685   00052A                     memcpy@s1:
  4686                           	callstack 0
  4687                           
  4688                           ; 2 bytes @ 0x4
  4689   00052A                     	ds	1
  4690   00052B                     ??_ValidateTransmission:
  4691   00052B                     CAN1_TransmitFIFOStatusGet@fifoChannel:
  4692                           	callstack 0
  4693   00052B                     get_PD_Broadcast_msg@multiplexor:
  4694                           	callstack 0
  4695   00052B                     get_Therm_Broadcast_msg@multiplexor:
  4696                           	callstack 0
  4697                           
  4698                           ; 1 bytes @ 0x5
  4699   00052B                     	ds	1
  4700   00052C                     memcpy@n:
  4701                           	callstack 0
  4702                           
  4703                           ; 2 bytes @ 0x6
  4704   00052C                     	ds	2
  4705   00052E                     ValidateTransmission@validChannel:
  4706                           	callstack 0
  4707   00052E                     memcpy@tmp:
  4708                           	callstack 0
  4709                           
  4710                           ; 1 bytes @ 0x8
  4711   00052E                     	ds	1
  4712   00052F                     ??_get_PD_Broadcast_msg:
  4713   00052F                     ??_get_Therm_Broadcast_msg:
  4714   00052F                     ValidateTransmission@txMsgStatus:
  4715                           	callstack 0
  4716   00052F                     memcpy@d:
  4717                           	callstack 0
  4718                           
  4719                           ; 2 bytes @ 0x9
  4720   00052F                     	ds	1
  4721   000530                     ValidateTransmission@field:
  4722                           	callstack 0
  4723                           
  4724                           ; 1 bytes @ 0xA
  4725   000530                     	ds	1
  4726   000531                     memcpy@s:
  4727                           	callstack 0
  4728                           
  4729                           ; 2 bytes @ 0xB
  4730   000531                     	ds	2
  4731   000533                     WriteMessageToFifo@txFifoObj:
  4732                           	callstack 0
  4733   000533                     get_Therm_Broadcast_msg@msg:
  4734                           	callstack 0
  4735                           
  4736                           ; 7 bytes @ 0xD
  4737   000533                     	ds	1
  4738   000534                     get_PD_Broadcast_msg@msg:
  4739                           	callstack 0
  4740                           
  4741                           ; 7 bytes @ 0xE
  4742   000534                     	ds	1
  4743   000535                     WriteMessageToFifo@txCanMsg:
  4744                           	callstack 0
  4745                           
  4746                           ; 2 bytes @ 0xF
  4747   000535                     	ds	2
  4748   000537                     ??_WriteMessageToFifo:
  4749                           
  4750                           ; 1 bytes @ 0x11
  4751   000537                     	ds	2
  4752   000539                     WriteMessageToFifo@status:
  4753                           	callstack 0
  4754                           
  4755                           ; 1 bytes @ 0x13
  4756   000539                     	ds	1
  4757   00053A                     WriteMessageToFifo@msgId:
  4758                           	callstack 0
  4759                           
  4760                           ; 4 bytes @ 0x14
  4761   00053A                     	ds	4
  4762   00053E                     CAN1_Transmit@txCanMsg:
  4763                           	callstack 0
  4764                           
  4765                           ; 2 bytes @ 0x18
  4766   00053E                     	ds	2
  4767   000540                     CAN1_Transmit@status:
  4768                           	callstack 0
  4769                           
  4770                           ; 1 bytes @ 0x1A
  4771   000540                     	ds	1
  4772   000541                     CAN1_Transmit@txFifoObj:
  4773                           	callstack 0
  4774                           
  4775                           ; 2 bytes @ 0x1B
  4776   000541                     	ds	2
  4777   000543                     CAN1_Transmit@fifoChannel:
  4778                           	callstack 0
  4779                           
  4780                           ; 1 bytes @ 0x1D
  4781   000543                     	ds	1
  4782   000544                     ??_main:
  4783                           
  4784                           ; 1 bytes @ 0x1E
  4785   000544                     	ds	2
  4786                           
  4787 ;;
  4788 ;;Main: autosize = 0, tempsize = 2, incstack = 0, save=0
  4789 ;;
  4790 ;; *************** function _main *****************
  4791 ;; Defined at:
  4792 ;;		line 77 in file "main.c"
  4793 ;; Parameters:    Size  Location     Type
  4794 ;;		None
  4795 ;; Auto vars:     Size  Location     Type
  4796 ;;  multiplexor     1    4[BANK5 ] unsigned char 
  4797 ;;  multiplexor     1    0        unsigned char 
  4798 ;;  reading         2    2[BANK5 ] unsigned short 
  4799 ;;  reading         2    0[BANK5 ] unsigned short 
  4800 ;;  pd_i            1    6[BANK5 ] unsigned char 
  4801 ;;  therm_i         1    5[BANK5 ] unsigned char 
  4802 ;;  msg             7    7[BANK5 ] struct .
  4803 ;;  is_dead         1    0        unsigned char 
  4804 ;; Return value:  Size  Location     Type
  4805 ;;                  1    wreg      void 
  4806 ;; Registers used:
  4807 ;;		wreg, fsr0l, fsr0h, fsr1l, fsr1h, fsr2l, fsr2h, status,2, status,0, tblptrl, tblptrh, tblptru, prodl, prodh, cstack
  4808 ;; Tracked objects:
  4809 ;;		On entry : 0/0
  4810 ;;		On exit  : 0/0
  4811 ;;		Unchanged: 0/0
  4812 ;; Data sizes:     COMRAM   BANK5   BANK6   BANK7   BANK8   BANK9  BANK10  BANK11  BANK12  BANK13  BANK14  BANK15  BANK1
      +6  BANK17  BANK18  BANK19  BANK20  BANK21  BANK22  BANK23  BANK24  BANK25  BANK26  BANK27  BANK28  BANK29  BANK30  BANK3
      +1  BANK32  BANK33  BANK34  BANK35  BANK36  BANK37  BANK38  BANK39  BANK40  BANK41  BANK42  BANK43  BANK44  BANK45  BANK4
      +6  BANK47  BANK48  BANK49  BANK50  BANK51  BANK52  BANK53  BANK54
  4813 ;;      Params:         0       0       0       0       0       0       0       0       0       0       0       0       
      +0       0       0       0       0       0       0       0       0       0       0       0       0       0       0       
      +0       0       0       0       0       0       0       0       0       0       0       0       0       0       0       
      +0       0       0       0       0       0       0       0       0
  4814 ;;      Locals:         0      14       0       0       0       0       0       0       0       0       0       0       
      +0       0       0       0       0       0       0       0       0       0       0       0       0       0       0       
      +0       0       0       0       0       0       0       0       0       0       0       0       0       0       0       
      +0       0       0       0       0       0       0       0       0
  4815 ;;      Temps:          2       0       0       0       0       0       0       0       0       0       0       0       
      +0       0       0       0       0       0       0       0       0       0       0       0       0       0       0       
      +0       0       0       0       0       0       0       0       0       0       0       0       0       0       0       
      +0       0       0       0       0       0       0       0       0
  4816 ;;      Totals:         2      14       0       0       0       0       0       0       0       0       0       0       
      +0       0       0       0       0       0       0       0       0       0       0       0       0       0       0       
      +0       0       0       0       0       0       0       0       0       0       0       0       0       0       0       
      +0       0       0       0       0       0       0       0       0
  4817 ;;Total ram usage:       16 bytes
  4818 ;; Hardware stack levels required when called: 7
  4819 ;; This function calls:
  4820 ;;		_ADC_GetConversionResult
  4821 ;;		_ADC_IsConversionDone
  4822 ;;		_ADC_SelectContext
  4823 ;;		_ADC_StartConversion
  4824 ;;		_CAN1_OperationModeGet
  4825 ;;		_CAN1_OperationModeSet
  4826 ;;		_CAN1_Transmit
  4827 ;;		_CAN1_TransmitFIFOStatusGet
  4828 ;;		_SYSTEM_Initialize
  4829 ;;		_adc_to_temp
  4830 ;;		_get_PD_Broadcast_msg
  4831 ;;		_get_Therm_Broadcast_msg
  4832 ;; This function is called by:
  4833 ;;		Startup code after reset
  4834 ;; This function uses a non-reentrant model
  4835 ;;
  4836                           
  4837                           	psect	text0
  4838   00493A                     __ptext0:
  4839                           	callstack 0
  4840   00493A                     _main:
  4841                           	callstack 120
  4842   00493A                     
  4843                           ;main.c: 79:     uint8_t is_dead;;main.c: 80:     CAN_MSG_OBJ msg;;main.c: 83:     SYSTE
      +                          M_Initialize();
  4844   00493A  EC30  F02A         	call	_SYSTEM_Initialize	;wreg free
  4845   00493E                     
  4846                           ;main.c: 84:  ADC_SelectContext(CONTEXT_1);
  4847   00493E  0E00               	movlw	0
  4848   004940  ECE4  F02A         	call	_ADC_SelectContext
  4849   004944                     
  4850                           ;main.c: 87:     module_id = (1 - PORTDbits.RD5) +
  4851   004944  BAD1               	btfsc	209,5,c	;volatile
  4852   004946  EFA7  F024         	goto	u1611
  4853   00494A  EFAB  F024         	goto	u1610
  4854   00494E                     u1611:
  4855   00494E  6A44               	clrf	??_main^(0+1280),c
  4856   004950  2A44               	incf	??_main^(0+1280),f,c
  4857   004952  EFAC  F024         	goto	u1618
  4858   004956                     u1610:
  4859   004956  6A44               	clrf	??_main^(0+1280),c
  4860   004958                     u1618:
  4861   004958  BCD1               	btfsc	209,6,c	;volatile
  4862   00495A  EFB1  F024         	goto	u1621
  4863   00495E  EFB4  F024         	goto	u1620
  4864   004962                     u1621:
  4865   004962  0E01               	movlw	1
  4866   004964  EFB5  F024         	goto	u1626
  4867   004968                     u1620:
  4868   004968  0E00               	movlw	0
  4869   00496A                     u1626:
  4870   00496A  0DFE               	mullw	-2
  4871   00496C  5044               	movf	??_main^(0+1280),w,c
  4872   00496E  5CF3               	subwf	243,w,c
  4873   004970  0F03               	addlw	3
  4874   004972  6E1B               	movwf	_module_id^(0+1280),c
  4875   004974                     l2973:
  4876                           
  4877                           ;main.c: 91:     {;main.c: 93:   for (uint8_t therm_i = 1; therm_i <= 2; therm_i++)
  4878   004974  0E01               	movlw	1
  4879   004976  0105               	movlb	5	; () banked
  4880   004978  6F65               	movwf	main@therm_i& (0+255),b
  4881   00497A                     l2979:
  4882                           
  4883                           ; BSR set to: 5
  4884                           ;main.c: 94:   {;main.c: 95:       ADC_StartConversion(therm_to_adc_channel[therm_i]);
  4885   00497A  0E4F               	movlw	low _therm_to_adc_channel
  4886   00497C  2565               	addwf	main@therm_i& (0+255),w,b
  4887   00497E  6ED9               	movwf	fsr2l,c
  4888   004980  6ADA               	clrf	fsr2h,c
  4889   004982  0E05               	movlw	high _therm_to_adc_channel
  4890   004984  22DA               	addwfc	fsr2h,f,c
  4891   004986  50DF               	movf	indf2,w,c
  4892   004988  ECCD  F02A         	call	_ADC_StartConversion
  4893   00498C                     l2981:
  4894   00498C  EC66  F02A         	call	_ADC_IsConversionDone	;wreg free
  4895   004990  0900               	iorlw	0
  4896   004992  B4D8               	btfsc	status,2,c
  4897   004994  EFCE  F024         	goto	u1631
  4898   004998  EFD0  F024         	goto	u1630
  4899   00499C                     u1631:
  4900   00499C  EFC6  F024         	goto	l2981
  4901   0049A0                     u1630:
  4902   0049A0                     
  4903                           ;main.c: 97:       adc_result_t reading = ADC_GetConversionResult();
  4904   0049A0  EC71  F02A         	call	_ADC_GetConversionResult	;wreg free
  4905   0049A4  C528  F560         	movff	?_ADC_GetConversionResult,main@reading
  4906   0049A8  C529  F561         	movff	?_ADC_GetConversionResult+1,main@reading+1
  4907   0049AC                     
  4908                           ;main.c: 98:       temps[therm_i-1] = adc_to_temp(reading);
  4909   0049AC  C560  F528         	movff	main@reading,adc_to_temp@reading
  4910   0049B0  C561  F529         	movff	main@reading+1,adc_to_temp@reading+1
  4911   0049B4  EC86  F02A         	call	_adc_to_temp	;wreg free
  4912   0049B8  6E44               	movwf	??_main^(0+1280),c
  4913   0049BA  0E23               	movlw	low (_temps+65535)
  4914   0049BC  0105               	movlb	5	; () banked
  4915   0049BE  2565               	addwf	main@therm_i& (0+255),w,b
  4916   0049C0  6ED9               	movwf	fsr2l,c
  4917   0049C2  6ADA               	clrf	fsr2h,c
  4918   0049C4  0E05               	movlw	high (_temps+65535)
  4919   0049C6  22DA               	addwfc	fsr2h,f,c
  4920   0049C8  C544  F4DF         	movff	??_main,indf2
  4921   0049CC                     
  4922                           ; BSR set to: 5
  4923                           ;main.c: 99:   }
  4924   0049CC  2B65               	incf	main@therm_i& (0+255),f,b
  4925   0049CE                     
  4926                           ; BSR set to: 5
  4927   0049CE  0E02               	movlw	2
  4928   0049D0  6565               	cpfsgt	main@therm_i& (0+255),b
  4929   0049D2  EFED  F024         	goto	u1641
  4930   0049D6  EFEF  F024         	goto	u1640
  4931   0049DA                     u1641:
  4932   0049DA  EFBD  F024         	goto	l2979
  4933   0049DE                     u1640:
  4934   0049DE                     
  4935                           ; BSR set to: 5
  4936                           ;main.c: 101:     for (uint8_t pd_i = 1; pd_i <= 10; pd_i++)
  4937   0049DE  0E01               	movlw	1
  4938   0049E0  6F66               	movwf	main@pd_i& (0+255),b
  4939   0049E2                     l2997:
  4940                           
  4941                           ; BSR set to: 5
  4942                           ;main.c: 102:     {;main.c: 103:       ADC_StartConversion(pd_to_adc_channel[pd_i]);
  4943   0049E2  0E78               	movlw	low _pd_to_adc_channel
  4944   0049E4  2566               	addwf	main@pd_i& (0+255),w,b
  4945   0049E6  6ED9               	movwf	fsr2l,c
  4946   0049E8  6ADA               	clrf	fsr2h,c
  4947   0049EA  0E05               	movlw	high _pd_to_adc_channel
  4948   0049EC  22DA               	addwfc	fsr2h,f,c
  4949   0049EE  50DF               	movf	indf2,w,c
  4950   0049F0  ECCD  F02A         	call	_ADC_StartConversion
  4951   0049F4                     l2999:
  4952   0049F4  EC66  F02A         	call	_ADC_IsConversionDone	;wreg free
  4953   0049F8  0900               	iorlw	0
  4954   0049FA  B4D8               	btfsc	status,2,c
  4955   0049FC  EF02  F025         	goto	u1651
  4956   004A00  EF04  F025         	goto	u1650
  4957   004A04                     u1651:
  4958   004A04  EFFA  F024         	goto	l2999
  4959   004A08                     u1650:
  4960   004A08                     
  4961                           ;main.c: 105:       adc_result_t reading = ADC_GetConversionResult();
  4962   004A08  EC71  F02A         	call	_ADC_GetConversionResult	;wreg free
  4963   004A0C  C528  F562         	movff	?_ADC_GetConversionResult,main@reading_1524
  4964   004A10  C529  F563         	movff	?_ADC_GetConversionResult+1,main@reading_1524+1
  4965   004A14                     
  4966                           ;main.c: 108:       pd_voltages[pd_i-1] = reading;
  4967   004A14  0E6D               	movlw	low (_pd_voltages+65535)
  4968   004A16  0105               	movlb	5	; () banked
  4969   004A18  2566               	addwf	main@pd_i& (0+255),w,b
  4970   004A1A  6ED9               	movwf	fsr2l,c
  4971   004A1C  6ADA               	clrf	fsr2h,c
  4972   004A1E  0E05               	movlw	high (_pd_voltages+65535)
  4973   004A20  22DA               	addwfc	fsr2h,f,c
  4974   004A22  C562  F4DF         	movff	main@reading_1524,indf2
  4975   004A26                     
  4976                           ; BSR set to: 5
  4977                           ;main.c: 109:     }
  4978   004A26  2B66               	incf	main@pd_i& (0+255),f,b
  4979   004A28                     
  4980                           ; BSR set to: 5
  4981   004A28  0E0A               	movlw	10
  4982   004A2A  6566               	cpfsgt	main@pd_i& (0+255),b
  4983   004A2C  EF1A  F025         	goto	u1661
  4984   004A30  EF1C  F025         	goto	u1660
  4985   004A34                     u1661:
  4986   004A34  EFF1  F024         	goto	l2997
  4987   004A38                     u1660:
  4988   004A38  EF83  F025         	goto	l3039
  4989   004A3C                     l3009:
  4990                           
  4991                           ;main.c: 116:    CAN1_OperationModeSet(CAN_NORMAL_2_0_MODE);
  4992   004A3C  0E06               	movlw	6
  4993   004A3E  ECB4  F028         	call	_CAN1_OperationModeSet
  4994                           
  4995                           ;main.c: 117:    break;
  4996   004A42  EF99  F025         	goto	l3041
  4997   004A46                     l3011:
  4998                           
  4999                           ;main.c: 120:       if(CAN_TX_FIFO_AVAILABLE == (CAN1_TransmitFIFOStatusGet(TXQ)))
  5000   004A46  0E00               	movlw	0
  5001   004A48  EC0A  F02A         	call	_CAN1_TransmitFIFOStatusGet
  5002   004A4C  06E8               	decf	wreg,f,c
  5003   004A4E  A4D8               	btfss	status,2,c
  5004   004A50  EF2C  F025         	goto	u1671
  5005   004A54  EF2E  F025         	goto	u1670
  5006   004A58                     u1671:
  5007   004A58  EF99  F025         	goto	l3041
  5008   004A5C                     u1670:
  5009   004A5C                     
  5010                           ;main.c: 121:       {;main.c: 123:           for (uint8_t multiplexor = 0; multiplexor <
      +                          = 1; multiplexor++)
  5011   004A5C  0E00               	movlw	0
  5012   004A5E  0105               	movlb	5	; () banked
  5013   004A60  6F64               	movwf	main@multiplexor& (0+255),b
  5014   004A62                     l3019:
  5015                           
  5016                           ; BSR set to: 5
  5017                           ;main.c: 124:           {;main.c: 125:             msg = get_PD_Broadcast_msg(pd_voltage
      +                          s, module_id, multiplexor);
  5018   004A62  0E6E               	movlw	low _pd_voltages
  5019   004A64  6E28               	movwf	get_PD_Broadcast_msg@voltages_array^(0+1280),c
  5020   004A66  0E05               	movlw	high _pd_voltages
  5021   004A68  6E29               	movwf	(get_PD_Broadcast_msg@voltages_array+1)^(0+1280),c
  5022   004A6A  C51B  F52A         	movff	_module_id,get_PD_Broadcast_msg@module_id
  5023   004A6E  C564  F52B         	movff	main@multiplexor,get_PD_Broadcast_msg@multiplexor
  5024   004A72  ECA8  F025         	call	_get_PD_Broadcast_msg	;wreg free
  5025   004A76  EE21  F167         	lfsr	2,main@msg
  5026   004A7A  0E06               	movlw	6
  5027   004A7C                     u1681:
  5028   004A7C  C4EB F4DB          	movff	plusw0,plusw2
  5029   004A80  06E8               	decf	wreg,f,c
  5030   004A82  E2FC               	bc	u1681
  5031   004A84                     
  5032                           ;main.c: 126:             CAN1_Transmit(TXQ, &msg);
  5033   004A84  0E67               	movlw	low main@msg
  5034   004A86  6E3E               	movwf	CAN1_Transmit@txCanMsg^(0+1280),c
  5035   004A88  0E05               	movlw	high main@msg
  5036   004A8A  6E3F               	movwf	(CAN1_Transmit@txCanMsg+1)^(0+1280),c
  5037   004A8C  0E00               	movlw	0
  5038   004A8E  EC28  F028         	call	_CAN1_Transmit
  5039   004A92                     l3023:
  5040   004A92  0E00               	movlw	0
  5041   004A94  EC0A  F02A         	call	_CAN1_TransmitFIFOStatusGet
  5042   004A98  0900               	iorlw	0
  5043   004A9A  B4D8               	btfsc	status,2,c
  5044   004A9C  EF52  F025         	goto	u1691
  5045   004AA0  EF54  F025         	goto	u1690
  5046   004AA4                     u1691:
  5047   004AA4  EF49  F025         	goto	l3023
  5048   004AA8                     u1690:
  5049   004AA8                     
  5050                           ;main.c: 128:           }
  5051   004AA8  0105               	movlb	5	; () banked
  5052   004AAA  2B64               	incf	main@multiplexor& (0+255),f,b
  5053   004AAC                     
  5054                           ; BSR set to: 5
  5055   004AAC  0E01               	movlw	1
  5056   004AAE  6564               	cpfsgt	main@multiplexor& (0+255),b
  5057   004AB0  EF5C  F025         	goto	u1701
  5058   004AB4  EF5E  F025         	goto	u1700
  5059   004AB8                     u1701:
  5060   004AB8  EF31  F025         	goto	l3019
  5061   004ABC                     u1700:
  5062   004ABC                     
  5063                           ; BSR set to: 5
  5064                           ;main.c: 132:           msg = get_Therm_Broadcast_msg(temps, module_id, multiplexor);
  5065   004ABC  0E24               	movlw	low _temps
  5066   004ABE  6E28               	movwf	get_Therm_Broadcast_msg@temps_array^(0+1280),c
  5067   004AC0  0E05               	movlw	high _temps
  5068   004AC2  6E29               	movwf	(get_Therm_Broadcast_msg@temps_array+1)^(0+1280),c
  5069   004AC4  C51B  F52A         	movff	_module_id,get_Therm_Broadcast_msg@module_id
  5070   004AC8  0E03               	movlw	3
  5071   004ACA  6E2B               	movwf	get_Therm_Broadcast_msg@multiplexor^(0+1280),c
  5072   004ACC  ECF8  F028         	call	_get_Therm_Broadcast_msg	;wreg free
  5073   004AD0  EE21  F167         	lfsr	2,main@msg
  5074   004AD4  0E06               	movlw	6
  5075   004AD6                     u1711:
  5076   004AD6  C4EB F4DB          	movff	plusw0,plusw2
  5077   004ADA  06E8               	decf	wreg,f,c
  5078   004ADC  E2FC               	bc	u1711
  5079   004ADE                     
  5080                           ;main.c: 133:           CAN1_Transmit(TXQ, &msg);
  5081   004ADE  0E67               	movlw	low main@msg
  5082   004AE0  6E3E               	movwf	CAN1_Transmit@txCanMsg^(0+1280),c
  5083   004AE2  0E05               	movlw	high main@msg
  5084   004AE4  6E3F               	movwf	(CAN1_Transmit@txCanMsg+1)^(0+1280),c
  5085   004AE6  0E00               	movlw	0
  5086   004AE8  EC28  F028         	call	_CAN1_Transmit
  5087   004AEC                     l3035:
  5088   004AEC  0E00               	movlw	0
  5089   004AEE  EC0A  F02A         	call	_CAN1_TransmitFIFOStatusGet
  5090   004AF2  0900               	iorlw	0
  5091   004AF4  B4D8               	btfsc	status,2,c
  5092   004AF6  EF7F  F025         	goto	u1721
  5093   004AFA  EF81  F025         	goto	u1720
  5094   004AFE                     u1721:
  5095   004AFE  EF76  F025         	goto	l3035
  5096   004B02                     u1720:
  5097   004B02  EF99  F025         	goto	l3041
  5098   004B06                     l3039:
  5099                           
  5100                           ; BSR set to: 5
  5101   004B06  ECDF  F02A         	call	_CAN1_OperationModeGet	;wreg free
  5102   004B0A  6E44               	movwf	??_main^(0+1280),c
  5103   004B0C  6A45               	clrf	(??_main+1)^(0+1280),c
  5104                           
  5105                           ; Switch on 2 bytes has been partitioned into a top level switch of size 1, and 1 sub-sw
      +                          itches
  5106                           ; Switch size 1, requested type "simple"
  5107                           ; Number of cases is 1, Range of values is 0 to 0
  5108                           ; switch strategies available:
  5109                           ; Name         Instructions Cycles
  5110                           ; simple_byte            4     3 (average)
  5111                           ;	Chosen strategy is simple_byte
  5112   004B0E  5045               	movf	(??_main+1)^(0+1280),w,c
  5113   004B10  0A00               	xorlw	0	; case 0
  5114   004B12  B4D8               	btfsc	status,2,c
  5115   004B14  EF8E  F025         	goto	l3079
  5116   004B18  EF99  F025         	goto	l3041
  5117   004B1C                     l3079:
  5118                           
  5119                           ; Switch size 1, requested type "simple"
  5120                           ; Number of cases is 2, Range of values is 4 to 6
  5121                           ; switch strategies available:
  5122                           ; Name         Instructions Cycles
  5123                           ; simple_byte            7     4 (average)
  5124                           ;	Chosen strategy is simple_byte
  5125   004B1C  5044               	movf	??_main^(0+1280),w,c
  5126   004B1E  0A04               	xorlw	4	; case 4
  5127   004B20  B4D8               	btfsc	status,2,c
  5128   004B22  EF1E  F025         	goto	l3009
  5129   004B26  0A02               	xorlw	2	; case 6
  5130   004B28  B4D8               	btfsc	status,2,c
  5131   004B2A  EF23  F025         	goto	l3011
  5132   004B2E  EF99  F025         	goto	l3041
  5133   004B32                     l3041:
  5134                           
  5135                           ;main.c: 140:   _delay((unsigned long)((100)*(20000000/4000.0)));
  5136   004B32  0E03               	movlw	3
  5137   004B34  6E45               	movwf	(??_main+1)^(0+1280),c
  5138   004B36  0E8A               	movlw	138
  5139   004B38  6E44               	movwf	??_main^(0+1280),c
  5140   004B3A  0E56               	movlw	86
  5141   004B3C                     u1737:
  5142   004B3C  2EE8               	decfsz	wreg,f,c
  5143   004B3E  D7FE               	bra	u1737
  5144   004B40  2E44               	decfsz	??_main^(0+1280),f,c
  5145   004B42  D7FC               	bra	u1737
  5146   004B44  2E45               	decfsz	(??_main+1)^(0+1280),f,c
  5147   004B46  D7FA               	bra	u1737
  5148   004B48  EFBA  F024         	goto	l2973
  5149   004B4C  EF0D  F000         	goto	start
  5150   004B50                     __end_of_main:
  5151                           	callstack 0
  5152                           
  5153 ;; *************** function _get_Therm_Broadcast_msg *****************
  5154 ;; Defined at:
  5155 ;;		line 50 in file "can_msgs.c"
  5156 ;; Parameters:    Size  Location     Type
  5157 ;;  temps_array     2    2[COMRAM] PTR char 
  5158 ;;		 -> temps(2), 
  5159 ;;  module_id       1    4[COMRAM] unsigned char 
  5160 ;;  multiplexor     1    5[COMRAM] unsigned char 
  5161 ;; Auto vars:     Size  Location     Type
  5162 ;;  msg             7   13[COMRAM] struct .
  5163 ;; Return value:  Size  Location     Type
  5164 ;;                  7    2[COMRAM] struct .
  5165 ;; Registers used:
  5166 ;;		wreg, fsr0l, fsr0h, fsr2l, fsr2h, status,2, status,0
  5167 ;; Tracked objects:
  5168 ;;		On entry : 0/0
  5169 ;;		On exit  : 0/0
  5170 ;;		Unchanged: 0/0
  5171 ;; Data sizes:     COMRAM   BANK5   BANK6   BANK7   BANK8   BANK9  BANK10  BANK11  BANK12  BANK13  BANK14  BANK15  BANK1
      +6  BANK17  BANK18  BANK19  BANK20  BANK21  BANK22  BANK23  BANK24  BANK25  BANK26  BANK27  BANK28  BANK29  BANK30  BANK3
      +1  BANK32  BANK33  BANK34  BANK35  BANK36  BANK37  BANK38  BANK39  BANK40  BANK41  BANK42  BANK43  BANK44  BANK45  BANK4
      +6  BANK47  BANK48  BANK49  BANK50  BANK51  BANK52  BANK53  BANK54
  5172 ;;      Params:         7       0       0       0       0       0       0       0       0       0       0       0       
      +0       0       0       0       0       0       0       0       0       0       0       0       0       0       0       
      +0       0       0       0       0       0       0       0       0       0       0       0       0       0       0       
      +0       0       0       0       0       0       0       0       0
  5173 ;;      Locals:         7       0       0       0       0       0       0       0       0       0       0       0       
      +0       0       0       0       0       0       0       0       0       0       0       0       0       0       0       
      +0       0       0       0       0       0       0       0       0       0       0       0       0       0       0       
      +0       0       0       0       0       0       0       0       0
  5174 ;;      Temps:          4       0       0       0       0       0       0       0       0       0       0       0       
      +0       0       0       0       0       0       0       0       0       0       0       0       0       0       0       
      +0       0       0       0       0       0       0       0       0       0       0       0       0       0       0       
      +0       0       0       0       0       0       0       0       0
  5175 ;;      Totals:        18       0       0       0       0       0       0       0       0       0       0       0       
      +0       0       0       0       0       0       0       0       0       0       0       0       0       0       0       
      +0       0       0       0       0       0       0       0       0       0       0       0       0       0       0       
      +0       0       0       0       0       0       0       0       0
  5176 ;;Total ram usage:       18 bytes
  5177 ;; Hardware stack levels used: 1
  5178 ;; Hardware stack levels required when called: 3
  5179 ;; This function calls:
  5180 ;;		Nothing
  5181 ;; This function is called by:
  5182 ;;		_main
  5183 ;; This function uses a non-reentrant model
  5184 ;;
  5185                           
  5186                           	psect	text1
  5187   0051F0                     __ptext1:
  5188                           	callstack 0
  5189   0051F0                     _get_Therm_Broadcast_msg:
  5190                           	callstack 123
  5191   0051F0                     
  5192                           ;can_msgs.c: 51:     CAN_MSG_OBJ msg;;can_msgs.c: 54:     therm_msg_data[0] = multiplexo
      +                          r;
  5193   0051F0  C52B  F501         	movff	get_Therm_Broadcast_msg@multiplexor,_therm_msg_data
  5194   0051F4                     
  5195                           ;can_msgs.c: 55:     therm_msg_data[1] = temps_array[0];
  5196   0051F4  C528  F4D9         	movff	get_Therm_Broadcast_msg@temps_array,fsr2l
  5197   0051F8  C529  F4DA         	movff	get_Therm_Broadcast_msg@temps_array+1,fsr2h
  5198   0051FC  50DF               	movf	indf2,w,c
  5199   0051FE  6E02               	movwf	(_therm_msg_data+1)^(0+1280),c
  5200   005200                     
  5201                           ;can_msgs.c: 56:     therm_msg_data[2] = temps_array[1];
  5202   005200  EE20 F001          	lfsr	2,1
  5203   005204  5028               	movf	get_Therm_Broadcast_msg@temps_array^(0+1280),w,c
  5204   005206  26D9               	addwf	fsr2l,f,c
  5205   005208  5029               	movf	(get_Therm_Broadcast_msg@temps_array+1)^(0+1280),w,c
  5206   00520A  22DA               	addwfc	fsr2h,f,c
  5207   00520C  50DF               	movf	indf2,w,c
  5208   00520E  6E03               	movwf	(_therm_msg_data+2)^(0+1280),c
  5209   005210                     
  5210                           ;can_msgs.c: 59:     msg.msgId = 0x600 + module_id + multiplexor;
  5211   005210  502B               	movf	get_Therm_Broadcast_msg@multiplexor^(0+1280),w,c
  5212   005212  C52A  F52F         	movff	get_Therm_Broadcast_msg@module_id,??_get_Therm_Broadcast_msg
  5213   005216  6A30               	clrf	(??_get_Therm_Broadcast_msg+1)^(0+1280),c
  5214   005218  262F               	addwf	??_get_Therm_Broadcast_msg^(0+1280),f,c
  5215   00521A  0E00               	movlw	0
  5216   00521C  2230               	addwfc	(??_get_Therm_Broadcast_msg+1)^(0+1280),f,c
  5217   00521E  0E00               	movlw	0
  5218   005220  242F               	addwf	??_get_Therm_Broadcast_msg^(0+1280),w,c
  5219   005222  6E31               	movwf	(??_get_Therm_Broadcast_msg+2)^(0+1280),c
  5220   005224  0E06               	movlw	6
  5221   005226  2030               	addwfc	(??_get_Therm_Broadcast_msg+1)^(0+1280),w,c
  5222   005228  6E32               	movwf	(??_get_Therm_Broadcast_msg+3)^(0+1280),c
  5223   00522A  C531  F533         	movff	??_get_Therm_Broadcast_msg+2,get_Therm_Broadcast_msg@msg
  5224   00522E  C532  F534         	movff	??_get_Therm_Broadcast_msg+3,get_Therm_Broadcast_msg@msg+1
  5225   005232  0E00               	movlw	0
  5226   005234  BE34               	btfsc	(get_Therm_Broadcast_msg@msg+1)^(0+1280),7,c
  5227   005236  0EFF               	movlw	-1
  5228   005238  6E35               	movwf	(get_Therm_Broadcast_msg@msg+2)^(0+1280),c
  5229   00523A  6E36               	movwf	(get_Therm_Broadcast_msg@msg+3)^(0+1280),c
  5230   00523C                     
  5231                           ;can_msgs.c: 60:     msg.field.formatType = CAN_2_0_FORMAT;
  5232   00523C  9C37               	bcf	(get_Therm_Broadcast_msg@msg+4)^(0+1280),6,c
  5233   00523E                     
  5234                           ;can_msgs.c: 61:     msg.field.brs = CAN_NON_BRS_MODE;
  5235   00523E  9E37               	bcf	(get_Therm_Broadcast_msg@msg+4)^(0+1280),7,c
  5236                           
  5237                           ;can_msgs.c: 62:     msg.field.dlc = DLC_8;
  5238   005240  5037               	movf	(get_Therm_Broadcast_msg@msg+4)^(0+1280),w,c
  5239   005242  0BC3               	andlw	-61
  5240   005244  0920               	iorlw	32
  5241   005246  6E37               	movwf	(get_Therm_Broadcast_msg@msg+4)^(0+1280),c
  5242   005248                     
  5243                           ;can_msgs.c: 63:     msg.field.frameType = CAN_FRAME_DATA;
  5244   005248  9237               	bcf	(get_Therm_Broadcast_msg@msg+4)^(0+1280),1,c
  5245   00524A                     
  5246                           ;can_msgs.c: 64:     msg.field.idType = CAN_FRAME_EXT;
  5247   00524A  8037               	bsf	(get_Therm_Broadcast_msg@msg+4)^(0+1280),0,c
  5248   00524C                     
  5249                           ;can_msgs.c: 65:     msg.data = msg_data;
  5250   00524C  0E1C               	movlw	low _msg_data
  5251   00524E  6E38               	movwf	(get_Therm_Broadcast_msg@msg+5)^(0+1280),c
  5252   005250  0E05               	movlw	high _msg_data
  5253   005252  6E39               	movwf	(get_Therm_Broadcast_msg@msg+6)^(0+1280),c
  5254   005254                     
  5255                           ;can_msgs.c: 67:     return msg;
  5256   005254  EE21  F133         	lfsr	2,get_Therm_Broadcast_msg@msg
  5257   005258  EE01  F128         	lfsr	0,?_get_Therm_Broadcast_msg
  5258   00525C  0E06               	movlw	6
  5259   00525E                     u1601:
  5260   00525E  C4DB F4EB          	movff	plusw2,plusw0
  5261   005262  06E8               	decf	wreg,f,c
  5262   005264  E2FC               	bc	u1601
  5263   005266  0012               	return		;funcret
  5264   005268                     __end_of_get_Therm_Broadcast_msg:
  5265                           	callstack 0
  5266                           
  5267 ;; *************** function _get_PD_Broadcast_msg *****************
  5268 ;; Defined at:
  5269 ;;		line 12 in file "can_msgs.c"
  5270 ;; Parameters:    Size  Location     Type
  5271 ;;  voltages_arr    2    2[COMRAM] PTR enum E23239
  5272 ;;		 -> pd_voltages(10), 
  5273 ;;  module_id       1    4[COMRAM] unsigned char 
  5274 ;;  multiplexor     1    5[COMRAM] unsigned char 
  5275 ;; Auto vars:     Size  Location     Type
  5276 ;;  msg             7   14[COMRAM] struct .
  5277 ;; Return value:  Size  Location     Type
  5278 ;;                  7    2[COMRAM] struct .
  5279 ;; Registers used:
  5280 ;;		wreg, fsr0l, fsr0h, fsr2l, fsr2h, status,2, status,0, prodl, prodh
  5281 ;; Tracked objects:
  5282 ;;		On entry : 0/0
  5283 ;;		On exit  : 0/0
  5284 ;;		Unchanged: 0/0
  5285 ;; Data sizes:     COMRAM   BANK5   BANK6   BANK7   BANK8   BANK9  BANK10  BANK11  BANK12  BANK13  BANK14  BANK15  BANK1
      +6  BANK17  BANK18  BANK19  BANK20  BANK21  BANK22  BANK23  BANK24  BANK25  BANK26  BANK27  BANK28  BANK29  BANK30  BANK3
      +1  BANK32  BANK33  BANK34  BANK35  BANK36  BANK37  BANK38  BANK39  BANK40  BANK41  BANK42  BANK43  BANK44  BANK45  BANK4
      +6  BANK47  BANK48  BANK49  BANK50  BANK51  BANK52  BANK53  BANK54
  5286 ;;      Params:         7       0       0       0       0       0       0       0       0       0       0       0       
      +0       0       0       0       0       0       0       0       0       0       0       0       0       0       0       
      +0       0       0       0       0       0       0       0       0       0       0       0       0       0       0       
      +0       0       0       0       0       0       0       0       0
  5287 ;;      Locals:         7       0       0       0       0       0       0       0       0       0       0       0       
      +0       0       0       0       0       0       0       0       0       0       0       0       0       0       0       
      +0       0       0       0       0       0       0       0       0       0       0       0       0       0       0       
      +0       0       0       0       0       0       0       0       0
  5288 ;;      Temps:          5       0       0       0       0       0       0       0       0       0       0       0       
      +0       0       0       0       0       0       0       0       0       0       0       0       0       0       0       
      +0       0       0       0       0       0       0       0       0       0       0       0       0       0       0       
      +0       0       0       0       0       0       0       0       0
  5289 ;;      Totals:        19       0       0       0       0       0       0       0       0       0       0       0       
      +0       0       0       0       0       0       0       0       0       0       0       0       0       0       0       
      +0       0       0       0       0       0       0       0       0       0       0       0       0       0       0       
      +0       0       0       0       0       0       0       0       0
  5290 ;;Total ram usage:       19 bytes
  5291 ;; Hardware stack levels used: 1
  5292 ;; Hardware stack levels required when called: 3
  5293 ;; This function calls:
  5294 ;;		Nothing
  5295 ;; This function is called by:
  5296 ;;		_main
  5297 ;; This function uses a non-reentrant model
  5298 ;;
  5299                           
  5300                           	psect	text2
  5301   004B50                     __ptext2:
  5302                           	callstack 0
  5303   004B50                     _get_PD_Broadcast_msg:
  5304                           	callstack 123
  5305   004B50                     
  5306                           ;can_msgs.c: 13:     CAN_MSG_OBJ msg;;can_msgs.c: 16:     msg_data[0] |= (multiplexor & 
      +                          0x0F);
  5307   004B50  502B               	movf	get_PD_Broadcast_msg@multiplexor^(0+1280),w,c
  5308   004B52  0B0F               	andlw	15
  5309   004B54  121C               	iorwf	_msg_data^(0+1280),f,c
  5310   004B56                     
  5311                           ;can_msgs.c: 19:     msg_data[0] |= (voltages_array[0+(multiplexor*5)] & 0x00F) << 4;
  5312   004B56  502B               	movf	get_PD_Broadcast_msg@multiplexor^(0+1280),w,c
  5313   004B58  0D05               	mullw	5
  5314   004B5A  C4F3 F52F          	movff	prodl,??_get_PD_Broadcast_msg
  5315   004B5E  C4F4 F530          	movff	prodh,??_get_PD_Broadcast_msg+1
  5316   004B62  502F               	movf	??_get_PD_Broadcast_msg^(0+1280),w,c
  5317   004B64  2428               	addwf	get_PD_Broadcast_msg@voltages_array^(0+1280),w,c
  5318   004B66  6ED9               	movwf	fsr2l,c
  5319   004B68  5030               	movf	(??_get_PD_Broadcast_msg+1)^(0+1280),w,c
  5320   004B6A  2029               	addwfc	(get_PD_Broadcast_msg@voltages_array+1)^(0+1280),w,c
  5321   004B6C  6EDA               	movwf	fsr2h,c
  5322   004B6E  50DF               	movf	indf2,w,c
  5323   004B70  6E31               	movwf	(??_get_PD_Broadcast_msg+2)^(0+1280),c
  5324   004B72  0E0F               	movlw	15
  5325   004B74  1631               	andwf	(??_get_PD_Broadcast_msg+2)^(0+1280),f,c
  5326   004B76  3831               	swapf	(??_get_PD_Broadcast_msg+2)^(0+1280),w,c
  5327   004B78  0BF0               	andlw	240
  5328   004B7A  121C               	iorwf	_msg_data^(0+1280),f,c
  5329   004B7C                     
  5330                           ;can_msgs.c: 20:     msg_data[1] |= (voltages_array[0+(multiplexor*5)] >> 4) & 0xFF;
  5331   004B7C  502B               	movf	get_PD_Broadcast_msg@multiplexor^(0+1280),w,c
  5332   004B7E  0D05               	mullw	5
  5333   004B80  C4F3 F52F          	movff	prodl,??_get_PD_Broadcast_msg
  5334   004B84  C4F4 F530          	movff	prodh,??_get_PD_Broadcast_msg+1
  5335   004B88  502F               	movf	??_get_PD_Broadcast_msg^(0+1280),w,c
  5336   004B8A  2428               	addwf	get_PD_Broadcast_msg@voltages_array^(0+1280),w,c
  5337   004B8C  6ED9               	movwf	fsr2l,c
  5338   004B8E  5030               	movf	(??_get_PD_Broadcast_msg+1)^(0+1280),w,c
  5339   004B90  2029               	addwfc	(get_PD_Broadcast_msg@voltages_array+1)^(0+1280),w,c
  5340   004B92  6EDA               	movwf	fsr2h,c
  5341   004B94  50DF               	movf	indf2,w,c
  5342   004B96  6E31               	movwf	(??_get_PD_Broadcast_msg+2)^(0+1280),c
  5343   004B98  3831               	swapf	(??_get_PD_Broadcast_msg+2)^(0+1280),w,c
  5344   004B9A  0B0F               	andlw	15
  5345   004B9C  121D               	iorwf	(_msg_data+1)^(0+1280),f,c
  5346   004B9E                     
  5347                           ;can_msgs.c: 24:     msg_data[3] |= (voltages_array[1+(multiplexor*5)] >> 8) & 0x0F;
  5348   004B9E  502B               	movf	get_PD_Broadcast_msg@multiplexor^(0+1280),w,c
  5349   004BA0  0D05               	mullw	5
  5350   004BA2  C4F3 F52F          	movff	prodl,??_get_PD_Broadcast_msg
  5351   004BA6  C4F4 F530          	movff	prodh,??_get_PD_Broadcast_msg+1
  5352   004BAA  502F               	movf	??_get_PD_Broadcast_msg^(0+1280),w,c
  5353   004BAC  2428               	addwf	get_PD_Broadcast_msg@voltages_array^(0+1280),w,c
  5354   004BAE  6E31               	movwf	(??_get_PD_Broadcast_msg+2)^(0+1280),c
  5355   004BB0  5030               	movf	(??_get_PD_Broadcast_msg+1)^(0+1280),w,c
  5356   004BB2  2029               	addwfc	(get_PD_Broadcast_msg@voltages_array+1)^(0+1280),w,c
  5357   004BB4  6E32               	movwf	(??_get_PD_Broadcast_msg+3)^(0+1280),c
  5358   004BB6  0E01               	movlw	1
  5359   004BB8  2431               	addwf	(??_get_PD_Broadcast_msg+2)^(0+1280),w,c
  5360   004BBA  6ED9               	movwf	fsr2l,c
  5361   004BBC  0E00               	movlw	0
  5362   004BBE  2032               	addwfc	(??_get_PD_Broadcast_msg+3)^(0+1280),w,c
  5363   004BC0  6EDA               	movwf	fsr2h,c
  5364   004BC2  50DF               	movf	indf2,w,c
  5365   004BC4  121E               	iorwf	(_msg_data+2)^(0+1280),f,c
  5366   004BC6                     
  5367                           ;can_msgs.c: 27:     msg_data[3] |= (voltages_array[2+(multiplexor*5)] & 0x00F) << 4;
  5368   004BC6  502B               	movf	get_PD_Broadcast_msg@multiplexor^(0+1280),w,c
  5369   004BC8  0D05               	mullw	5
  5370   004BCA  C4F3 F52F          	movff	prodl,??_get_PD_Broadcast_msg
  5371   004BCE  C4F4 F530          	movff	prodh,??_get_PD_Broadcast_msg+1
  5372   004BD2  502F               	movf	??_get_PD_Broadcast_msg^(0+1280),w,c
  5373   004BD4  2428               	addwf	get_PD_Broadcast_msg@voltages_array^(0+1280),w,c
  5374   004BD6  6E31               	movwf	(??_get_PD_Broadcast_msg+2)^(0+1280),c
  5375   004BD8  5030               	movf	(??_get_PD_Broadcast_msg+1)^(0+1280),w,c
  5376   004BDA  2029               	addwfc	(get_PD_Broadcast_msg@voltages_array+1)^(0+1280),w,c
  5377   004BDC  6E32               	movwf	(??_get_PD_Broadcast_msg+3)^(0+1280),c
  5378   004BDE  0E02               	movlw	2
  5379   004BE0  2431               	addwf	(??_get_PD_Broadcast_msg+2)^(0+1280),w,c
  5380   004BE2  6ED9               	movwf	fsr2l,c
  5381   004BE4  0E00               	movlw	0
  5382   004BE6  2032               	addwfc	(??_get_PD_Broadcast_msg+3)^(0+1280),w,c
  5383   004BE8  6EDA               	movwf	fsr2h,c
  5384   004BEA  50DF               	movf	indf2,w,c
  5385   004BEC  6E33               	movwf	(??_get_PD_Broadcast_msg+4)^(0+1280),c
  5386   004BEE  0E0F               	movlw	15
  5387   004BF0  1633               	andwf	(??_get_PD_Broadcast_msg+4)^(0+1280),f,c
  5388   004BF2  3833               	swapf	(??_get_PD_Broadcast_msg+4)^(0+1280),w,c
  5389   004BF4  0BF0               	andlw	240
  5390   004BF6  121F               	iorwf	(_msg_data+3)^(0+1280),f,c
  5391   004BF8                     
  5392                           ;can_msgs.c: 28:     msg_data[4] |= (voltages_array[2+(multiplexor*5)] >> 4) & 0xFF;
  5393   004BF8  502B               	movf	get_PD_Broadcast_msg@multiplexor^(0+1280),w,c
  5394   004BFA  0D05               	mullw	5
  5395   004BFC  C4F3 F52F          	movff	prodl,??_get_PD_Broadcast_msg
  5396   004C00  C4F4 F530          	movff	prodh,??_get_PD_Broadcast_msg+1
  5397   004C04  502F               	movf	??_get_PD_Broadcast_msg^(0+1280),w,c
  5398   004C06  2428               	addwf	get_PD_Broadcast_msg@voltages_array^(0+1280),w,c
  5399   004C08  6E31               	movwf	(??_get_PD_Broadcast_msg+2)^(0+1280),c
  5400   004C0A  5030               	movf	(??_get_PD_Broadcast_msg+1)^(0+1280),w,c
  5401   004C0C  2029               	addwfc	(get_PD_Broadcast_msg@voltages_array+1)^(0+1280),w,c
  5402   004C0E  6E32               	movwf	(??_get_PD_Broadcast_msg+3)^(0+1280),c
  5403   004C10  0E02               	movlw	2
  5404   004C12  2431               	addwf	(??_get_PD_Broadcast_msg+2)^(0+1280),w,c
  5405   004C14  6ED9               	movwf	fsr2l,c
  5406   004C16  0E00               	movlw	0
  5407   004C18  2032               	addwfc	(??_get_PD_Broadcast_msg+3)^(0+1280),w,c
  5408   004C1A  6EDA               	movwf	fsr2h,c
  5409   004C1C  50DF               	movf	indf2,w,c
  5410   004C1E  6E33               	movwf	(??_get_PD_Broadcast_msg+4)^(0+1280),c
  5411   004C20  3833               	swapf	(??_get_PD_Broadcast_msg+4)^(0+1280),w,c
  5412   004C22  0B0F               	andlw	15
  5413   004C24  1220               	iorwf	(_msg_data+4)^(0+1280),f,c
  5414   004C26                     
  5415                           ;can_msgs.c: 32:     msg_data[6] |= (voltages_array[3+(multiplexor*5)] >> 8) & 0x0F;
  5416   004C26  502B               	movf	get_PD_Broadcast_msg@multiplexor^(0+1280),w,c
  5417   004C28  0D05               	mullw	5
  5418   004C2A  C4F3 F52F          	movff	prodl,??_get_PD_Broadcast_msg
  5419   004C2E  C4F4 F530          	movff	prodh,??_get_PD_Broadcast_msg+1
  5420   004C32  502F               	movf	??_get_PD_Broadcast_msg^(0+1280),w,c
  5421   004C34  2428               	addwf	get_PD_Broadcast_msg@voltages_array^(0+1280),w,c
  5422   004C36  6E31               	movwf	(??_get_PD_Broadcast_msg+2)^(0+1280),c
  5423   004C38  5030               	movf	(??_get_PD_Broadcast_msg+1)^(0+1280),w,c
  5424   004C3A  2029               	addwfc	(get_PD_Broadcast_msg@voltages_array+1)^(0+1280),w,c
  5425   004C3C  6E32               	movwf	(??_get_PD_Broadcast_msg+3)^(0+1280),c
  5426   004C3E  0E03               	movlw	3
  5427   004C40  2431               	addwf	(??_get_PD_Broadcast_msg+2)^(0+1280),w,c
  5428   004C42  6ED9               	movwf	fsr2l,c
  5429   004C44  0E00               	movlw	0
  5430   004C46  2032               	addwfc	(??_get_PD_Broadcast_msg+3)^(0+1280),w,c
  5431   004C48  6EDA               	movwf	fsr2h,c
  5432   004C4A  50DF               	movf	indf2,w,c
  5433   004C4C  1221               	iorwf	(_msg_data+5)^(0+1280),f,c
  5434   004C4E                     
  5435                           ;can_msgs.c: 35:     msg_data[6] |= (voltages_array[4+(multiplexor*5)] & 0xF0) >> 4;
  5436   004C4E  502B               	movf	get_PD_Broadcast_msg@multiplexor^(0+1280),w,c
  5437   004C50  0D05               	mullw	5
  5438   004C52  C4F3 F52F          	movff	prodl,??_get_PD_Broadcast_msg
  5439   004C56  C4F4 F530          	movff	prodh,??_get_PD_Broadcast_msg+1
  5440   004C5A  502F               	movf	??_get_PD_Broadcast_msg^(0+1280),w,c
  5441   004C5C  2428               	addwf	get_PD_Broadcast_msg@voltages_array^(0+1280),w,c
  5442   004C5E  6E31               	movwf	(??_get_PD_Broadcast_msg+2)^(0+1280),c
  5443   004C60  5030               	movf	(??_get_PD_Broadcast_msg+1)^(0+1280),w,c
  5444   004C62  2029               	addwfc	(get_PD_Broadcast_msg@voltages_array+1)^(0+1280),w,c
  5445   004C64  6E32               	movwf	(??_get_PD_Broadcast_msg+3)^(0+1280),c
  5446   004C66  0E04               	movlw	4
  5447   004C68  2431               	addwf	(??_get_PD_Broadcast_msg+2)^(0+1280),w,c
  5448   004C6A  6ED9               	movwf	fsr2l,c
  5449   004C6C  0E00               	movlw	0
  5450   004C6E  2032               	addwfc	(??_get_PD_Broadcast_msg+3)^(0+1280),w,c
  5451   004C70  6EDA               	movwf	fsr2h,c
  5452   004C72  50DF               	movf	indf2,w,c
  5453   004C74  6E33               	movwf	(??_get_PD_Broadcast_msg+4)^(0+1280),c
  5454   004C76  3833               	swapf	(??_get_PD_Broadcast_msg+4)^(0+1280),w,c
  5455   004C78  0B0F               	andlw	15
  5456   004C7A  0B0F               	andlw	15
  5457   004C7C  1222               	iorwf	(_msg_data+6)^(0+1280),f,c
  5458   004C7E                     
  5459                           ;can_msgs.c: 36:     msg_data[7] |= (voltages_array[4+(multiplexor*5)] & 0x00FF);
  5460   004C7E  502B               	movf	get_PD_Broadcast_msg@multiplexor^(0+1280),w,c
  5461   004C80  0D05               	mullw	5
  5462   004C82  C4F3 F52F          	movff	prodl,??_get_PD_Broadcast_msg
  5463   004C86  C4F4 F530          	movff	prodh,??_get_PD_Broadcast_msg+1
  5464   004C8A  502F               	movf	??_get_PD_Broadcast_msg^(0+1280),w,c
  5465   004C8C  2428               	addwf	get_PD_Broadcast_msg@voltages_array^(0+1280),w,c
  5466   004C8E  6E31               	movwf	(??_get_PD_Broadcast_msg+2)^(0+1280),c
  5467   004C90  5030               	movf	(??_get_PD_Broadcast_msg+1)^(0+1280),w,c
  5468   004C92  2029               	addwfc	(get_PD_Broadcast_msg@voltages_array+1)^(0+1280),w,c
  5469   004C94  6E32               	movwf	(??_get_PD_Broadcast_msg+3)^(0+1280),c
  5470   004C96  0E04               	movlw	4
  5471   004C98  2431               	addwf	(??_get_PD_Broadcast_msg+2)^(0+1280),w,c
  5472   004C9A  6ED9               	movwf	fsr2l,c
  5473   004C9C  0E00               	movlw	0
  5474   004C9E  2032               	addwfc	(??_get_PD_Broadcast_msg+3)^(0+1280),w,c
  5475   004CA0  6EDA               	movwf	fsr2h,c
  5476   004CA2  50DF               	movf	indf2,w,c
  5477   004CA4  1223               	iorwf	(_msg_data+7)^(0+1280),f,c
  5478                           
  5479                           ;can_msgs.c: 39:     msg.msgId = 0x600 + module_id + multiplexor;
  5480   004CA6  502B               	movf	get_PD_Broadcast_msg@multiplexor^(0+1280),w,c
  5481   004CA8  C52A  F52F         	movff	get_PD_Broadcast_msg@module_id,??_get_PD_Broadcast_msg
  5482   004CAC  6A30               	clrf	(??_get_PD_Broadcast_msg+1)^(0+1280),c
  5483   004CAE  262F               	addwf	??_get_PD_Broadcast_msg^(0+1280),f,c
  5484   004CB0  0E00               	movlw	0
  5485   004CB2  2230               	addwfc	(??_get_PD_Broadcast_msg+1)^(0+1280),f,c
  5486   004CB4  0E00               	movlw	0
  5487   004CB6  242F               	addwf	??_get_PD_Broadcast_msg^(0+1280),w,c
  5488   004CB8  6E31               	movwf	(??_get_PD_Broadcast_msg+2)^(0+1280),c
  5489   004CBA  0E06               	movlw	6
  5490   004CBC  2030               	addwfc	(??_get_PD_Broadcast_msg+1)^(0+1280),w,c
  5491   004CBE  6E32               	movwf	(??_get_PD_Broadcast_msg+3)^(0+1280),c
  5492   004CC0  C531  F534         	movff	??_get_PD_Broadcast_msg+2,get_PD_Broadcast_msg@msg
  5493   004CC4  C532  F535         	movff	??_get_PD_Broadcast_msg+3,get_PD_Broadcast_msg@msg+1
  5494   004CC8  0E00               	movlw	0
  5495   004CCA  BE35               	btfsc	(get_PD_Broadcast_msg@msg+1)^(0+1280),7,c
  5496   004CCC  0EFF               	movlw	-1
  5497   004CCE  6E36               	movwf	(get_PD_Broadcast_msg@msg+2)^(0+1280),c
  5498   004CD0  6E37               	movwf	(get_PD_Broadcast_msg@msg+3)^(0+1280),c
  5499   004CD2                     
  5500                           ;can_msgs.c: 40:     msg.field.formatType = CAN_2_0_FORMAT;
  5501   004CD2  9C38               	bcf	(get_PD_Broadcast_msg@msg+4)^(0+1280),6,c
  5502   004CD4                     
  5503                           ;can_msgs.c: 41:     msg.field.brs = CAN_NON_BRS_MODE;
  5504   004CD4  9E38               	bcf	(get_PD_Broadcast_msg@msg+4)^(0+1280),7,c
  5505   004CD6                     
  5506                           ;can_msgs.c: 42:     msg.field.dlc = DLC_8;
  5507   004CD6  5038               	movf	(get_PD_Broadcast_msg@msg+4)^(0+1280),w,c
  5508   004CD8  0BC3               	andlw	-61
  5509   004CDA  0920               	iorlw	32
  5510   004CDC  6E38               	movwf	(get_PD_Broadcast_msg@msg+4)^(0+1280),c
  5511   004CDE                     
  5512                           ;can_msgs.c: 43:     msg.field.frameType = CAN_FRAME_DATA;
  5513   004CDE  9238               	bcf	(get_PD_Broadcast_msg@msg+4)^(0+1280),1,c
  5514   004CE0                     
  5515                           ;can_msgs.c: 44:     msg.field.idType = CAN_FRAME_EXT;
  5516   004CE0  8038               	bsf	(get_PD_Broadcast_msg@msg+4)^(0+1280),0,c
  5517   004CE2                     
  5518                           ;can_msgs.c: 45:     msg.data = msg_data;
  5519   004CE2  0E1C               	movlw	low _msg_data
  5520   004CE4  6E39               	movwf	(get_PD_Broadcast_msg@msg+5)^(0+1280),c
  5521   004CE6  0E05               	movlw	high _msg_data
  5522   004CE8  6E3A               	movwf	(get_PD_Broadcast_msg@msg+6)^(0+1280),c
  5523   004CEA                     
  5524                           ;can_msgs.c: 47:     return msg;
  5525   004CEA  EE21  F134         	lfsr	2,get_PD_Broadcast_msg@msg
  5526   004CEE  EE01  F128         	lfsr	0,?_get_PD_Broadcast_msg
  5527   004CF2  0E06               	movlw	6
  5528   004CF4                     u1591:
  5529   004CF4  C4DB F4EB          	movff	plusw2,plusw0
  5530   004CF8  06E8               	decf	wreg,f,c
  5531   004CFA  E2FC               	bc	u1591
  5532   004CFC  0012               	return		;funcret
  5533   004CFE                     __end_of_get_PD_Broadcast_msg:
  5534                           	callstack 0
  5535                           
  5536 ;; *************** function _adc_to_temp *****************
  5537 ;; Defined at:
  5538 ;;		line 67 in file "main.c"
  5539 ;; Parameters:    Size  Location     Type
  5540 ;;  reading         2    2[COMRAM] unsigned short 
  5541 ;; Auto vars:     Size  Location     Type
  5542 ;;		None
  5543 ;; Return value:  Size  Location     Type
  5544 ;;                  1    wreg      char 
  5545 ;; Registers used:
  5546 ;;		wreg, fsr2l, fsr2h, status,2, status,0
  5547 ;; Tracked objects:
  5548 ;;		On entry : 0/0
  5549 ;;		On exit  : 0/0
  5550 ;;		Unchanged: 0/0
  5551 ;; Data sizes:     COMRAM   BANK5   BANK6   BANK7   BANK8   BANK9  BANK10  BANK11  BANK12  BANK13  BANK14  BANK15  BANK1
      +6  BANK17  BANK18  BANK19  BANK20  BANK21  BANK22  BANK23  BANK24  BANK25  BANK26  BANK27  BANK28  BANK29  BANK30  BANK3
      +1  BANK32  BANK33  BANK34  BANK35  BANK36  BANK37  BANK38  BANK39  BANK40  BANK41  BANK42  BANK43  BANK44  BANK45  BANK4
      +6  BANK47  BANK48  BANK49  BANK50  BANK51  BANK52  BANK53  BANK54
  5552 ;;      Params:         2       0       0       0       0       0       0       0       0       0       0       0       
      +0       0       0       0       0       0       0       0       0       0       0       0       0       0       0       
      +0       0       0       0       0       0       0       0       0       0       0       0       0       0       0       
      +0       0       0       0       0       0       0       0       0
  5553 ;;      Locals:         0       0       0       0       0       0       0       0       0       0       0       0       
      +0       0       0       0       0       0       0       0       0       0       0       0       0       0       0       
      +0       0       0       0       0       0       0       0       0       0       0       0       0       0       0       
      +0       0       0       0       0       0       0       0       0
  5554 ;;      Temps:          0       0       0       0       0       0       0       0       0       0       0       0       
      +0       0       0       0       0       0       0       0       0       0       0       0       0       0       0       
      +0       0       0       0       0       0       0       0       0       0       0       0       0       0       0       
      +0       0       0       0       0       0       0       0       0
  5555 ;;      Totals:         2       0       0       0       0       0       0       0       0       0       0       0       
      +0       0       0       0       0       0       0       0       0       0       0       0       0       0       0       
      +0       0       0       0       0       0       0       0       0       0       0       0       0       0       0       
      +0       0       0       0       0       0       0       0       0
  5556 ;;Total ram usage:        2 bytes
  5557 ;; Hardware stack levels used: 1
  5558 ;; Hardware stack levels required when called: 3
  5559 ;; This function calls:
  5560 ;;		Nothing
  5561 ;; This function is called by:
  5562 ;;		_main
  5563 ;; This function uses a non-reentrant model
  5564 ;;
  5565                           
  5566                           	psect	text3
  5567   00550C                     __ptext3:
  5568                           	callstack 0
  5569   00550C                     _adc_to_temp:
  5570                           	callstack 123
  5571   00550C                     
  5572                           ;main.c: 67: int8_t adc_to_temp(adc_result_t reading);main.c: 68: {;main.c: 70:  return 
      +                          therm_lut[reading];
  5573   00550C  0E82               	movlw	low _therm_lut
  5574   00550E  2428               	addwf	adc_to_temp@reading^(0+1280),w,c
  5575   005510  6ED9               	movwf	fsr2l,c
  5576   005512  0E05               	movlw	high _therm_lut
  5577   005514  2029               	addwfc	(adc_to_temp@reading+1)^(0+1280),w,c
  5578   005516  6EDA               	movwf	fsr2h,c
  5579   005518  50DF               	movf	indf2,w,c
  5580   00551A  0012               	return		;funcret
  5581   00551C                     __end_of_adc_to_temp:
  5582                           	callstack 0
  5583                           
  5584 ;; *************** function _SYSTEM_Initialize *****************
  5585 ;; Defined at:
  5586 ;;		line 50 in file "mcc_generated_files/mcc.c"
  5587 ;; Parameters:    Size  Location     Type
  5588 ;;		None
  5589 ;; Auto vars:     Size  Location     Type
  5590 ;;		None
  5591 ;; Return value:  Size  Location     Type
  5592 ;;                  1    wreg      void 
  5593 ;; Registers used:
  5594 ;;		wreg, status,2, status,0, cstack
  5595 ;; Tracked objects:
  5596 ;;		On entry : 0/0
  5597 ;;		On exit  : 0/0
  5598 ;;		Unchanged: 0/0
  5599 ;; Data sizes:     COMRAM   BANK5   BANK6   BANK7   BANK8   BANK9  BANK10  BANK11  BANK12  BANK13  BANK14  BANK15  BANK1
      +6  BANK17  BANK18  BANK19  BANK20  BANK21  BANK22  BANK23  BANK24  BANK25  BANK26  BANK27  BANK28  BANK29  BANK30  BANK3
      +1  BANK32  BANK33  BANK34  BANK35  BANK36  BANK37  BANK38  BANK39  BANK40  BANK41  BANK42  BANK43  BANK44  BANK45  BANK4
      +6  BANK47  BANK48  BANK49  BANK50  BANK51  BANK52  BANK53  BANK54
  5600 ;;      Params:         0       0       0       0       0       0       0       0       0       0       0       0       
      +0       0       0       0       0       0       0       0       0       0       0       0       0       0       0       
      +0       0       0       0       0       0       0       0       0       0       0       0       0       0       0       
      +0       0       0       0       0       0       0       0       0
  5601 ;;      Locals:         0       0       0       0       0       0       0       0       0       0       0       0       
      +0       0       0       0       0       0       0       0       0       0       0       0       0       0       0       
      +0       0       0       0       0       0       0       0       0       0       0       0       0       0       0       
      +0       0       0       0       0       0       0       0       0
  5602 ;;      Temps:          0       0       0       0       0       0       0       0       0       0       0       0       
      +0       0       0       0       0       0       0       0       0       0       0       0       0       0       0       
      +0       0       0       0       0       0       0       0       0       0       0       0       0       0       0       
      +0       0       0       0       0       0       0       0       0
  5603 ;;      Totals:         0       0       0       0       0       0       0       0       0       0       0       0       
      +0       0       0       0       0       0       0       0       0       0       0       0       0       0       0       
      +0       0       0       0       0       0       0       0       0       0       0       0       0       0       0       
      +0       0       0       0       0       0       0       0       0
  5604 ;;Total ram usage:        0 bytes
  5605 ;; Hardware stack levels used: 1
  5606 ;; Hardware stack levels required when called: 6
  5607 ;; This function calls:
  5608 ;;		_ADC_Initialize
  5609 ;;		_CAN1_Initialize
  5610 ;;		_CLKREF_Initialize
  5611 ;;		_INTERRUPT_Initialize
  5612 ;;		_OSCILLATOR_Initialize
  5613 ;;		_PIN_MANAGER_Initialize
  5614 ;;		_PMD_Initialize
  5615 ;;		_SPI1_Initialize
  5616 ;; This function is called by:
  5617 ;;		_main
  5618 ;; This function uses a non-reentrant model
  5619 ;;
  5620                           
  5621                           	psect	text4
  5622   005460                     __ptext4:
  5623                           	callstack 0
  5624   005460                     _SYSTEM_Initialize:
  5625                           	callstack 120
  5626   005460                     
  5627                           ;mcc_generated_files/mcc.c: 52:     INTERRUPT_Initialize();
  5628   005460  ECE8  F02A         	call	_INTERRUPT_Initialize	;wreg free
  5629   005464                     
  5630                           ;mcc_generated_files/mcc.c: 53:     PMD_Initialize();
  5631   005464  ECF6  F029         	call	_PMD_Initialize	;wreg free
  5632   005468                     
  5633                           ;mcc_generated_files/mcc.c: 54:     ADC_Initialize();
  5634   005468  EC80  F027         	call	_ADC_Initialize	;wreg free
  5635   00546C                     
  5636                           ;mcc_generated_files/mcc.c: 55:     PIN_MANAGER_Initialize();
  5637   00546C  ECDC  F027         	call	_PIN_MANAGER_Initialize	;wreg free
  5638   005470                     
  5639                           ;mcc_generated_files/mcc.c: 56:     OSCILLATOR_Initialize();
  5640   005470  EC4E  F02A         	call	_OSCILLATOR_Initialize	;wreg free
  5641   005474                     
  5642                           ;mcc_generated_files/mcc.c: 57:     SPI1_Initialize();
  5643   005474  EC41  F02A         	call	_SPI1_Initialize	;wreg free
  5644   005478                     
  5645                           ;mcc_generated_files/mcc.c: 58:     CLKREF_Initialize();
  5646   005478  ECD4  F02A         	call	_CLKREF_Initialize	;wreg free
  5647   00547C                     
  5648                           ;mcc_generated_files/mcc.c: 59:     CAN1_Initialize();
  5649   00547C  EC98  F029         	call	_CAN1_Initialize	;wreg free
  5650   005480  0012               	return		;funcret
  5651   005482                     __end_of_SYSTEM_Initialize:
  5652                           	callstack 0
  5653                           
  5654 ;; *************** function _SPI1_Initialize *****************
  5655 ;; Defined at:
  5656 ;;		line 64 in file "mcc_generated_files/spi1.c"
  5657 ;; Parameters:    Size  Location     Type
  5658 ;;		None
  5659 ;; Auto vars:     Size  Location     Type
  5660 ;;		None
  5661 ;; Return value:  Size  Location     Type
  5662 ;;                  1    wreg      void 
  5663 ;; Registers used:
  5664 ;;		wreg, status,2
  5665 ;; Tracked objects:
  5666 ;;		On entry : 0/0
  5667 ;;		On exit  : 0/0
  5668 ;;		Unchanged: 0/0
  5669 ;; Data sizes:     COMRAM   BANK5   BANK6   BANK7   BANK8   BANK9  BANK10  BANK11  BANK12  BANK13  BANK14  BANK15  BANK1
      +6  BANK17  BANK18  BANK19  BANK20  BANK21  BANK22  BANK23  BANK24  BANK25  BANK26  BANK27  BANK28  BANK29  BANK30  BANK3
      +1  BANK32  BANK33  BANK34  BANK35  BANK36  BANK37  BANK38  BANK39  BANK40  BANK41  BANK42  BANK43  BANK44  BANK45  BANK4
      +6  BANK47  BANK48  BANK49  BANK50  BANK51  BANK52  BANK53  BANK54
  5670 ;;      Params:         0       0       0       0       0       0       0       0       0       0       0       0       
      +0       0       0       0       0       0       0       0       0       0       0       0       0       0       0       
      +0       0       0       0       0       0       0       0       0       0       0       0       0       0       0       
      +0       0       0       0       0       0       0       0       0
  5671 ;;      Locals:         0       0       0       0       0       0       0       0       0       0       0       0       
      +0       0       0       0       0       0       0       0       0       0       0       0       0       0       0       
      +0       0       0       0       0       0       0       0       0       0       0       0       0       0       0       
      +0       0       0       0       0       0       0       0       0
  5672 ;;      Temps:          0       0       0       0       0       0       0       0       0       0       0       0       
      +0       0       0       0       0       0       0       0       0       0       0       0       0       0       0       
      +0       0       0       0       0       0       0       0       0       0       0       0       0       0       0       
      +0       0       0       0       0       0       0       0       0
  5673 ;;      Totals:         0       0       0       0       0       0       0       0       0       0       0       0       
      +0       0       0       0       0       0       0       0       0       0       0       0       0       0       0       
      +0       0       0       0       0       0       0       0       0       0       0       0       0       0       0       
      +0       0       0       0       0       0       0       0       0
  5674 ;;Total ram usage:        0 bytes
  5675 ;; Hardware stack levels used: 1
  5676 ;; Hardware stack levels required when called: 3
  5677 ;; This function calls:
  5678 ;;		Nothing
  5679 ;; This function is called by:
  5680 ;;		_SYSTEM_Initialize
  5681 ;; This function uses a non-reentrant model
  5682 ;;
  5683                           
  5684                           	psect	text5
  5685   005482                     __ptext5:
  5686                           	callstack 0
  5687   005482                     _SPI1_Initialize:
  5688                           	callstack 122
  5689   005482                     
  5690                           ;mcc_generated_files/spi1.c: 67:     SPI1CON0 = 0x00;
  5691   005482  0E00               	movlw	0
  5692   005484  0100               	movlb	0	; () banked
  5693   005486  6F84               	movwf	132,b	;volatile
  5694                           
  5695                           ;mcc_generated_files/spi1.c: 69:     SPI1CON1 = 0x40;
  5696   005488  0E40               	movlw	64
  5697   00548A  6F85               	movwf	133,b	;volatile
  5698                           
  5699                           ;mcc_generated_files/spi1.c: 71:     SPI1CON2 = 0x00;
  5700   00548C  0E00               	movlw	0
  5701   00548E  6F86               	movwf	134,b	;volatile
  5702                           
  5703                           ;mcc_generated_files/spi1.c: 73:     SPI1CLK = 0x00;
  5704   005490  0E00               	movlw	0
  5705   005492  6F8C               	movwf	140,b	;volatile
  5706                           
  5707                           ;mcc_generated_files/spi1.c: 75:     SPI1BAUD = 0x00;
  5708   005494  0E00               	movlw	0
  5709   005496  6F89               	movwf	137,b	;volatile
  5710   005498                     
  5711                           ; BSR set to: 0
  5712                           ;mcc_generated_files/spi1.c: 76:     TRISCbits.TRISC3 = 0;
  5713   005498  96C8               	bcf	200,3,c	;volatile
  5714   00549A                     
  5715                           ; BSR set to: 0
  5716   00549A  0012               	return		;funcret
  5717   00549C                     __end_of_SPI1_Initialize:
  5718                           	callstack 0
  5719                           
  5720 ;; *************** function _PMD_Initialize *****************
  5721 ;; Defined at:
  5722 ;;		line 76 in file "mcc_generated_files/mcc.c"
  5723 ;; Parameters:    Size  Location     Type
  5724 ;;		None
  5725 ;; Auto vars:     Size  Location     Type
  5726 ;;		None
  5727 ;; Return value:  Size  Location     Type
  5728 ;;                  1    wreg      void 
  5729 ;; Registers used:
  5730 ;;		wreg, status,2
  5731 ;; Tracked objects:
  5732 ;;		On entry : 0/0
  5733 ;;		On exit  : 0/0
  5734 ;;		Unchanged: 0/0
  5735 ;; Data sizes:     COMRAM   BANK5   BANK6   BANK7   BANK8   BANK9  BANK10  BANK11  BANK12  BANK13  BANK14  BANK15  BANK1
      +6  BANK17  BANK18  BANK19  BANK20  BANK21  BANK22  BANK23  BANK24  BANK25  BANK26  BANK27  BANK28  BANK29  BANK30  BANK3
      +1  BANK32  BANK33  BANK34  BANK35  BANK36  BANK37  BANK38  BANK39  BANK40  BANK41  BANK42  BANK43  BANK44  BANK45  BANK4
      +6  BANK47  BANK48  BANK49  BANK50  BANK51  BANK52  BANK53  BANK54
  5736 ;;      Params:         0       0       0       0       0       0       0       0       0       0       0       0       
      +0       0       0       0       0       0       0       0       0       0       0       0       0       0       0       
      +0       0       0       0       0       0       0       0       0       0       0       0       0       0       0       
      +0       0       0       0       0       0       0       0       0
  5737 ;;      Locals:         0       0       0       0       0       0       0       0       0       0       0       0       
      +0       0       0       0       0       0       0       0       0       0       0       0       0       0       0       
      +0       0       0       0       0       0       0       0       0       0       0       0       0       0       0       
      +0       0       0       0       0       0       0       0       0
  5738 ;;      Temps:          0       0       0       0       0       0       0       0       0       0       0       0       
      +0       0       0       0       0       0       0       0       0       0       0       0       0       0       0       
      +0       0       0       0       0       0       0       0       0       0       0       0       0       0       0       
      +0       0       0       0       0       0       0       0       0
  5739 ;;      Totals:         0       0       0       0       0       0       0       0       0       0       0       0       
      +0       0       0       0       0       0       0       0       0       0       0       0       0       0       0       
      +0       0       0       0       0       0       0       0       0       0       0       0       0       0       0       
      +0       0       0       0       0       0       0       0       0
  5740 ;;Total ram usage:        0 bytes
  5741 ;; Hardware stack levels used: 1
  5742 ;; Hardware stack levels required when called: 3
  5743 ;; This function calls:
  5744 ;;		Nothing
  5745 ;; This function is called by:
  5746 ;;		_SYSTEM_Initialize
  5747 ;; This function uses a non-reentrant model
  5748 ;;
  5749                           
  5750                           	psect	text6
  5751   0053EC                     __ptext6:
  5752                           	callstack 0
  5753   0053EC                     _PMD_Initialize:
  5754                           	callstack 122
  5755   0053EC                     
  5756                           ;mcc_generated_files/mcc.c: 79:     PMD0 = 0x00;
  5757   0053EC  0E00               	movlw	0
  5758   0053EE  0100               	movlb	0	; () banked
  5759   0053F0  6F60               	movwf	96,b	;volatile
  5760                           
  5761                           ;mcc_generated_files/mcc.c: 81:     PMD1 = 0x00;
  5762   0053F2  0E00               	movlw	0
  5763   0053F4  6F61               	movwf	97,b	;volatile
  5764                           
  5765                           ;mcc_generated_files/mcc.c: 83:     PMD2 = 0x00;
  5766   0053F6  0E00               	movlw	0
  5767   0053F8  6F62               	movwf	98,b	;volatile
  5768                           
  5769                           ;mcc_generated_files/mcc.c: 85:     PMD3 = 0x00;
  5770   0053FA  0E00               	movlw	0
  5771   0053FC  6F63               	movwf	99,b	;volatile
  5772                           
  5773                           ;mcc_generated_files/mcc.c: 87:     PMD4 = 0x00;
  5774   0053FE  0E00               	movlw	0
  5775   005400  6F64               	movwf	100,b	;volatile
  5776                           
  5777                           ;mcc_generated_files/mcc.c: 89:     PMD5 = 0x00;
  5778   005402  0E00               	movlw	0
  5779   005404  6F65               	movwf	101,b	;volatile
  5780                           
  5781                           ;mcc_generated_files/mcc.c: 91:     PMD6 = 0x00;
  5782   005406  0E00               	movlw	0
  5783   005408  6F66               	movwf	102,b	;volatile
  5784                           
  5785                           ;mcc_generated_files/mcc.c: 93:     PMD7 = 0x00;
  5786   00540A  0E00               	movlw	0
  5787   00540C  6F67               	movwf	103,b	;volatile
  5788                           
  5789                           ;mcc_generated_files/mcc.c: 95:     PMD8 = 0x00;
  5790   00540E  0E00               	movlw	0
  5791   005410  6F68               	movwf	104,b	;volatile
  5792   005412                     
  5793                           ; BSR set to: 0
  5794   005412  0012               	return		;funcret
  5795   005414                     __end_of_PMD_Initialize:
  5796                           	callstack 0
  5797                           
  5798 ;; *************** function _PIN_MANAGER_Initialize *****************
  5799 ;; Defined at:
  5800 ;;		line 55 in file "mcc_generated_files/pin_manager.c"
  5801 ;; Parameters:    Size  Location     Type
  5802 ;;		None
  5803 ;; Auto vars:     Size  Location     Type
  5804 ;;		None
  5805 ;; Return value:  Size  Location     Type
  5806 ;;                  1    wreg      void 
  5807 ;; Registers used:
  5808 ;;		wreg, status,2
  5809 ;; Tracked objects:
  5810 ;;		On entry : 0/0
  5811 ;;		On exit  : 0/0
  5812 ;;		Unchanged: 0/0
  5813 ;; Data sizes:     COMRAM   BANK5   BANK6   BANK7   BANK8   BANK9  BANK10  BANK11  BANK12  BANK13  BANK14  BANK15  BANK1
      +6  BANK17  BANK18  BANK19  BANK20  BANK21  BANK22  BANK23  BANK24  BANK25  BANK26  BANK27  BANK28  BANK29  BANK30  BANK3
      +1  BANK32  BANK33  BANK34  BANK35  BANK36  BANK37  BANK38  BANK39  BANK40  BANK41  BANK42  BANK43  BANK44  BANK45  BANK4
      +6  BANK47  BANK48  BANK49  BANK50  BANK51  BANK52  BANK53  BANK54
  5814 ;;      Params:         0       0       0       0       0       0       0       0       0       0       0       0       
      +0       0       0       0       0       0       0       0       0       0       0       0       0       0       0       
      +0       0       0       0       0       0       0       0       0       0       0       0       0       0       0       
      +0       0       0       0       0       0       0       0       0
  5815 ;;      Locals:         0       0       0       0       0       0       0       0       0       0       0       0       
      +0       0       0       0       0       0       0       0       0       0       0       0       0       0       0       
      +0       0       0       0       0       0       0       0       0       0       0       0       0       0       0       
      +0       0       0       0       0       0       0       0       0
  5816 ;;      Temps:          0       0       0       0       0       0       0       0       0       0       0       0       
      +0       0       0       0       0       0       0       0       0       0       0       0       0       0       0       
      +0       0       0       0       0       0       0       0       0       0       0       0       0       0       0       
      +0       0       0       0       0       0       0       0       0
  5817 ;;      Totals:         0       0       0       0       0       0       0       0       0       0       0       0       
      +0       0       0       0       0       0       0       0       0       0       0       0       0       0       0       
      +0       0       0       0       0       0       0       0       0       0       0       0       0       0       0       
      +0       0       0       0       0       0       0       0       0
  5818 ;;Total ram usage:        0 bytes
  5819 ;; Hardware stack levels used: 1
  5820 ;; Hardware stack levels required when called: 3
  5821 ;; This function calls:
  5822 ;;		Nothing
  5823 ;; This function is called by:
  5824 ;;		_SYSTEM_Initialize
  5825 ;; This function uses a non-reentrant model
  5826 ;;
  5827                           
  5828                           	psect	text7
  5829   004FB8                     __ptext7:
  5830                           	callstack 0
  5831   004FB8                     _PIN_MANAGER_Initialize:
  5832                           	callstack 122
  5833   004FB8                     
  5834                           ;mcc_generated_files/pin_manager.c: 60:     LATE = 0x00;
  5835   004FB8  0E00               	movlw	0
  5836   004FBA  6EC2               	movwf	194,c	;volatile
  5837                           
  5838                           ;mcc_generated_files/pin_manager.c: 61:     LATD = 0x00;
  5839   004FBC  0E00               	movlw	0
  5840   004FBE  6EC1               	movwf	193,c	;volatile
  5841                           
  5842                           ;mcc_generated_files/pin_manager.c: 62:     LATA = 0x20;
  5843   004FC0  0E20               	movlw	32
  5844   004FC2  6EBE               	movwf	190,c	;volatile
  5845                           
  5846                           ;mcc_generated_files/pin_manager.c: 63:     LATB = 0x00;
  5847   004FC4  0E00               	movlw	0
  5848   004FC6  6EBF               	movwf	191,c	;volatile
  5849                           
  5850                           ;mcc_generated_files/pin_manager.c: 64:     LATC = 0x00;
  5851   004FC8  0E00               	movlw	0
  5852   004FCA  6EC0               	movwf	192,c	;volatile
  5853                           
  5854                           ;mcc_generated_files/pin_manager.c: 69:     TRISE = 0x07;
  5855   004FCC  0E07               	movlw	7
  5856   004FCE  6ECA               	movwf	202,c	;volatile
  5857                           
  5858                           ;mcc_generated_files/pin_manager.c: 70:     TRISA = 0xDF;
  5859   004FD0  0EDF               	movlw	223
  5860   004FD2  6EC6               	movwf	198,c	;volatile
  5861                           
  5862                           ;mcc_generated_files/pin_manager.c: 71:     TRISB = 0xDF;
  5863   004FD4  0EDF               	movlw	223
  5864   004FD6  6EC7               	movwf	199,c	;volatile
  5865                           
  5866                           ;mcc_generated_files/pin_manager.c: 72:     TRISC = 0xD6;
  5867   004FD8  0ED6               	movlw	214
  5868   004FDA  6EC8               	movwf	200,c	;volatile
  5869                           
  5870                           ;mcc_generated_files/pin_manager.c: 73:     TRISD = 0xFD;
  5871   004FDC  0EFD               	movlw	253
  5872   004FDE  6EC9               	movwf	201,c	;volatile
  5873                           
  5874                           ;mcc_generated_files/pin_manager.c: 78:     ANSELD = 0x9C;
  5875   004FE0  0E9C               	movlw	156
  5876   004FE2  0104               	movlb	4	; () banked
  5877   004FE4  6F18               	movwf	24,b	;volatile
  5878                           
  5879                           ;mcc_generated_files/pin_manager.c: 79:     ANSELC = 0xE7;
  5880   004FE6  0EE7               	movlw	231
  5881   004FE8  6F10               	movwf	16,b	;volatile
  5882   004FEA                     
  5883                           ; BSR set to: 4
  5884                           ;mcc_generated_files/pin_manager.c: 80:     ANSELB = 0xFF;
  5885   004FEA  6908               	setf	8,b	;volatile
  5886                           
  5887                           ;mcc_generated_files/pin_manager.c: 81:     ANSELE = 0x07;
  5888   004FEC  0E07               	movlw	7
  5889   004FEE  6F20               	movwf	32,b	;volatile
  5890                           
  5891                           ;mcc_generated_files/pin_manager.c: 82:     ANSELA = 0xEF;
  5892   004FF0  0EEF               	movlw	239
  5893   004FF2  6F00               	movwf	0,b	;volatile
  5894                           
  5895                           ;mcc_generated_files/pin_manager.c: 87:     WPUD = 0x3C;
  5896   004FF4  0E3C               	movlw	60
  5897   004FF6  6F19               	movwf	25,b	;volatile
  5898                           
  5899                           ;mcc_generated_files/pin_manager.c: 88:     WPUE = 0x00;
  5900   004FF8  0E00               	movlw	0
  5901   004FFA  6F21               	movwf	33,b	;volatile
  5902                           
  5903                           ;mcc_generated_files/pin_manager.c: 89:     WPUB = 0x00;
  5904   004FFC  0E00               	movlw	0
  5905   004FFE  6F09               	movwf	9,b	;volatile
  5906                           
  5907                           ;mcc_generated_files/pin_manager.c: 90:     WPUA = 0x00;
  5908   005000  0E00               	movlw	0
  5909   005002  6F01               	movwf	1,b	;volatile
  5910                           
  5911                           ;mcc_generated_files/pin_manager.c: 91:     WPUC = 0x00;
  5912   005004  0E00               	movlw	0
  5913   005006  6F11               	movwf	17,b	;volatile
  5914                           
  5915                           ;mcc_generated_files/pin_manager.c: 96:     ODCONE = 0x00;
  5916   005008  0E00               	movlw	0
  5917   00500A  6F22               	movwf	34,b	;volatile
  5918                           
  5919                           ;mcc_generated_files/pin_manager.c: 97:     ODCONA = 0x00;
  5920   00500C  0E00               	movlw	0
  5921   00500E  6F02               	movwf	2,b	;volatile
  5922                           
  5923                           ;mcc_generated_files/pin_manager.c: 98:     ODCONB = 0x00;
  5924   005010  0E00               	movlw	0
  5925   005012  6F0A               	movwf	10,b	;volatile
  5926                           
  5927                           ;mcc_generated_files/pin_manager.c: 99:     ODCONC = 0x08;
  5928   005014  0E08               	movlw	8
  5929   005016  6F12               	movwf	18,b	;volatile
  5930                           
  5931                           ;mcc_generated_files/pin_manager.c: 100:     ODCOND = 0x00;
  5932   005018  0E00               	movlw	0
  5933   00501A  6F1A               	movwf	26,b	;volatile
  5934   00501C                     
  5935                           ; BSR set to: 4
  5936                           ;mcc_generated_files/pin_manager.c: 105:     SLRCONA = 0xFF;
  5937   00501C  6903               	setf	3,b	;volatile
  5938   00501E                     
  5939                           ; BSR set to: 4
  5940                           ;mcc_generated_files/pin_manager.c: 106:     SLRCONB = 0xFF;
  5941   00501E  690B               	setf	11,b	;volatile
  5942   005020                     
  5943                           ; BSR set to: 4
  5944                           ;mcc_generated_files/pin_manager.c: 107:     SLRCONC = 0xFF;
  5945   005020  6913               	setf	19,b	;volatile
  5946   005022                     
  5947                           ; BSR set to: 4
  5948                           ;mcc_generated_files/pin_manager.c: 108:     SLRCOND = 0xFF;
  5949   005022  691B               	setf	27,b	;volatile
  5950                           
  5951                           ;mcc_generated_files/pin_manager.c: 109:     SLRCONE = 0x07;
  5952   005024  0E07               	movlw	7
  5953   005026  6F23               	movwf	35,b	;volatile
  5954   005028                     
  5955                           ; BSR set to: 4
  5956                           ;mcc_generated_files/pin_manager.c: 114:     INLVLA = 0xFF;
  5957   005028  6904               	setf	4,b	;volatile
  5958   00502A                     
  5959                           ; BSR set to: 4
  5960                           ;mcc_generated_files/pin_manager.c: 115:     INLVLB = 0xFF;
  5961   00502A  690C               	setf	12,b	;volatile
  5962   00502C                     
  5963                           ; BSR set to: 4
  5964                           ;mcc_generated_files/pin_manager.c: 116:     INLVLC = 0xFF;
  5965   00502C  6914               	setf	20,b	;volatile
  5966   00502E                     
  5967                           ; BSR set to: 4
  5968                           ;mcc_generated_files/pin_manager.c: 117:     INLVLD = 0xFF;
  5969   00502E  691C               	setf	28,b	;volatile
  5970                           
  5971                           ;mcc_generated_files/pin_manager.c: 118:     INLVLE = 0x0F;
  5972   005030  0E0F               	movlw	15
  5973   005032  6F24               	movwf	36,b	;volatile
  5974                           
  5975                           ;mcc_generated_files/pin_manager.c: 127:     SPI1SCKPPS = 0x13;
  5976   005034  0E13               	movlw	19
  5977   005036  0102               	movlb	2	; () banked
  5978   005038  6F6A               	movwf	106,b	;volatile
  5979                           
  5980                           ;mcc_generated_files/pin_manager.c: 128:     RC3PPS = 0x31;
  5981   00503A  0E31               	movlw	49
  5982   00503C  6F14               	movwf	20,b	;volatile
  5983                           
  5984                           ;mcc_generated_files/pin_manager.c: 129:     CANRXPPS = 0x18;
  5985   00503E  0E18               	movlw	24
  5986   005040  6F3D               	movwf	61,b	;volatile
  5987                           
  5988                           ;mcc_generated_files/pin_manager.c: 130:     RD1PPS = 0x46;
  5989   005042  0E46               	movlw	70
  5990   005044  6F1A               	movwf	26,b	;volatile
  5991                           
  5992                           ;mcc_generated_files/pin_manager.c: 131:     RC5PPS = 0x32;
  5993   005046  0E32               	movlw	50
  5994   005048  6F16               	movwf	22,b	;volatile
  5995                           
  5996                           ;mcc_generated_files/pin_manager.c: 132:     SPI1SDIPPS = 0x14;
  5997   00504A  0E14               	movlw	20
  5998   00504C  6F6B               	movwf	107,b	;volatile
  5999   00504E                     
  6000                           ; BSR set to: 2
  6001   00504E  0012               	return		;funcret
  6002   005050                     __end_of_PIN_MANAGER_Initialize:
  6003                           	callstack 0
  6004                           
  6005 ;; *************** function _OSCILLATOR_Initialize *****************
  6006 ;; Defined at:
  6007 ;;		line 62 in file "mcc_generated_files/mcc.c"
  6008 ;; Parameters:    Size  Location     Type
  6009 ;;		None
  6010 ;; Auto vars:     Size  Location     Type
  6011 ;;		None
  6012 ;; Return value:  Size  Location     Type
  6013 ;;                  1    wreg      void 
  6014 ;; Registers used:
  6015 ;;		wreg, status,2
  6016 ;; Tracked objects:
  6017 ;;		On entry : 0/0
  6018 ;;		On exit  : 0/0
  6019 ;;		Unchanged: 0/0
  6020 ;; Data sizes:     COMRAM   BANK5   BANK6   BANK7   BANK8   BANK9  BANK10  BANK11  BANK12  BANK13  BANK14  BANK15  BANK1
      +6  BANK17  BANK18  BANK19  BANK20  BANK21  BANK22  BANK23  BANK24  BANK25  BANK26  BANK27  BANK28  BANK29  BANK30  BANK3
      +1  BANK32  BANK33  BANK34  BANK35  BANK36  BANK37  BANK38  BANK39  BANK40  BANK41  BANK42  BANK43  BANK44  BANK45  BANK4
      +6  BANK47  BANK48  BANK49  BANK50  BANK51  BANK52  BANK53  BANK54
  6021 ;;      Params:         0       0       0       0       0       0       0       0       0       0       0       0       
      +0       0       0       0       0       0       0       0       0       0       0       0       0       0       0       
      +0       0       0       0       0       0       0       0       0       0       0       0       0       0       0       
      +0       0       0       0       0       0       0       0       0
  6022 ;;      Locals:         0       0       0       0       0       0       0       0       0       0       0       0       
      +0       0       0       0       0       0       0       0       0       0       0       0       0       0       0       
      +0       0       0       0       0       0       0       0       0       0       0       0       0       0       0       
      +0       0       0       0       0       0       0       0       0
  6023 ;;      Temps:          0       0       0       0       0       0       0       0       0       0       0       0       
      +0       0       0       0       0       0       0       0       0       0       0       0       0       0       0       
      +0       0       0       0       0       0       0       0       0       0       0       0       0       0       0       
      +0       0       0       0       0       0       0       0       0
  6024 ;;      Totals:         0       0       0       0       0       0       0       0       0       0       0       0       
      +0       0       0       0       0       0       0       0       0       0       0       0       0       0       0       
      +0       0       0       0       0       0       0       0       0       0       0       0       0       0       0       
      +0       0       0       0       0       0       0       0       0
  6025 ;;Total ram usage:        0 bytes
  6026 ;; Hardware stack levels used: 1
  6027 ;; Hardware stack levels required when called: 3
  6028 ;; This function calls:
  6029 ;;		Nothing
  6030 ;; This function is called by:
  6031 ;;		_SYSTEM_Initialize
  6032 ;; This function uses a non-reentrant model
  6033 ;;
  6034                           
  6035                           	psect	text8
  6036   00549C                     __ptext8:
  6037                           	callstack 0
  6038   00549C                     _OSCILLATOR_Initialize:
  6039                           	callstack 122
  6040   00549C                     
  6041                           ;mcc_generated_files/mcc.c: 65:     OSCCON1 = 0x70;
  6042   00549C  0E70               	movlw	112
  6043   00549E  0100               	movlb	0	; () banked
  6044   0054A0  6FAD               	movwf	173,b	;volatile
  6045                           
  6046                           ;mcc_generated_files/mcc.c: 67:     OSCCON3 = 0x00;
  6047   0054A2  0E00               	movlw	0
  6048   0054A4  6FAF               	movwf	175,b	;volatile
  6049                           
  6050                           ;mcc_generated_files/mcc.c: 69:     OSCEN = 0x00;
  6051   0054A6  0E00               	movlw	0
  6052   0054A8  6FB3               	movwf	179,b	;volatile
  6053                           
  6054                           ;mcc_generated_files/mcc.c: 71:     OSCFRQ = 0x04;
  6055   0054AA  0E04               	movlw	4
  6056   0054AC  6FB1               	movwf	177,b	;volatile
  6057                           
  6058                           ;mcc_generated_files/mcc.c: 73:     OSCTUNE = 0x00;
  6059   0054AE  0E00               	movlw	0
  6060   0054B0  6FB0               	movwf	176,b	;volatile
  6061   0054B2                     
  6062                           ; BSR set to: 0
  6063   0054B2  0012               	return		;funcret
  6064   0054B4                     __end_of_OSCILLATOR_Initialize:
  6065                           	callstack 0
  6066                           
  6067 ;; *************** function _INTERRUPT_Initialize *****************
  6068 ;; Defined at:
  6069 ;;		line 52 in file "mcc_generated_files/interrupt_manager.c"
  6070 ;; Parameters:    Size  Location     Type
  6071 ;;		None
  6072 ;; Auto vars:     Size  Location     Type
  6073 ;;		None
  6074 ;; Return value:  Size  Location     Type
  6075 ;;                  1    wreg      void 
  6076 ;; Registers used:
  6077 ;;		None
  6078 ;; Tracked objects:
  6079 ;;		On entry : 0/0
  6080 ;;		On exit  : 0/0
  6081 ;;		Unchanged: 0/0
  6082 ;; Data sizes:     COMRAM   BANK5   BANK6   BANK7   BANK8   BANK9  BANK10  BANK11  BANK12  BANK13  BANK14  BANK15  BANK1
      +6  BANK17  BANK18  BANK19  BANK20  BANK21  BANK22  BANK23  BANK24  BANK25  BANK26  BANK27  BANK28  BANK29  BANK30  BANK3
      +1  BANK32  BANK33  BANK34  BANK35  BANK36  BANK37  BANK38  BANK39  BANK40  BANK41  BANK42  BANK43  BANK44  BANK45  BANK4
      +6  BANK47  BANK48  BANK49  BANK50  BANK51  BANK52  BANK53  BANK54
  6083 ;;      Params:         0       0       0       0       0       0       0       0       0       0       0       0       
      +0       0       0       0       0       0       0       0       0       0       0       0       0       0       0       
      +0       0       0       0       0       0       0       0       0       0       0       0       0       0       0       
      +0       0       0       0       0       0       0       0       0
  6084 ;;      Locals:         0       0       0       0       0       0       0       0       0       0       0       0       
      +0       0       0       0       0       0       0       0       0       0       0       0       0       0       0       
      +0       0       0       0       0       0       0       0       0       0       0       0       0       0       0       
      +0       0       0       0       0       0       0       0       0
  6085 ;;      Temps:          0       0       0       0       0       0       0       0       0       0       0       0       
      +0       0       0       0       0       0       0       0       0       0       0       0       0       0       0       
      +0       0       0       0       0       0       0       0       0       0       0       0       0       0       0       
      +0       0       0       0       0       0       0       0       0
  6086 ;;      Totals:         0       0       0       0       0       0       0       0       0       0       0       0       
      +0       0       0       0       0       0       0       0       0       0       0       0       0       0       0       
      +0       0       0       0       0       0       0       0       0       0       0       0       0       0       0       
      +0       0       0       0       0       0       0       0       0
  6087 ;;Total ram usage:        0 bytes
  6088 ;; Hardware stack levels used: 1
  6089 ;; Hardware stack levels required when called: 3
  6090 ;; This function calls:
  6091 ;;		Nothing
  6092 ;; This function is called by:
  6093 ;;		_SYSTEM_Initialize
  6094 ;; This function uses a non-reentrant model
  6095 ;;
  6096                           
  6097                           	psect	text9
  6098   0055D0                     __ptext9:
  6099                           	callstack 0
  6100   0055D0                     _INTERRUPT_Initialize:
  6101                           	callstack 122
  6102   0055D0                     
  6103                           ;mcc_generated_files/interrupt_manager.c: 55:     INTCON0bits.IPEN = 0;
  6104   0055D0  9AD6               	bcf	214,5,c	;volatile
  6105   0055D2  0012               	return		;funcret
  6106   0055D4                     __end_of_INTERRUPT_Initialize:
  6107                           	callstack 0
  6108                           
  6109 ;; *************** function _CLKREF_Initialize *****************
  6110 ;; Defined at:
  6111 ;;		line 58 in file "mcc_generated_files/clkref.c"
  6112 ;; Parameters:    Size  Location     Type
  6113 ;;		None
  6114 ;; Auto vars:     Size  Location     Type
  6115 ;;		None
  6116 ;; Return value:  Size  Location     Type
  6117 ;;                  1    wreg      void 
  6118 ;; Registers used:
  6119 ;;		wreg, status,2
  6120 ;; Tracked objects:
  6121 ;;		On entry : 0/0
  6122 ;;		On exit  : 0/0
  6123 ;;		Unchanged: 0/0
  6124 ;; Data sizes:     COMRAM   BANK5   BANK6   BANK7   BANK8   BANK9  BANK10  BANK11  BANK12  BANK13  BANK14  BANK15  BANK1
      +6  BANK17  BANK18  BANK19  BANK20  BANK21  BANK22  BANK23  BANK24  BANK25  BANK26  BANK27  BANK28  BANK29  BANK30  BANK3
      +1  BANK32  BANK33  BANK34  BANK35  BANK36  BANK37  BANK38  BANK39  BANK40  BANK41  BANK42  BANK43  BANK44  BANK45  BANK4
      +6  BANK47  BANK48  BANK49  BANK50  BANK51  BANK52  BANK53  BANK54
  6125 ;;      Params:         0       0       0       0       0       0       0       0       0       0       0       0       
      +0       0       0       0       0       0       0       0       0       0       0       0       0       0       0       
      +0       0       0       0       0       0       0       0       0       0       0       0       0       0       0       
      +0       0       0       0       0       0       0       0       0
  6126 ;;      Locals:         0       0       0       0       0       0       0       0       0       0       0       0       
      +0       0       0       0       0       0       0       0       0       0       0       0       0       0       0       
      +0       0       0       0       0       0       0       0       0       0       0       0       0       0       0       
      +0       0       0       0       0       0       0       0       0
  6127 ;;      Temps:          0       0       0       0       0       0       0       0       0       0       0       0       
      +0       0       0       0       0       0       0       0       0       0       0       0       0       0       0       
      +0       0       0       0       0       0       0       0       0       0       0       0       0       0       0       
      +0       0       0       0       0       0       0       0       0
  6128 ;;      Totals:         0       0       0       0       0       0       0       0       0       0       0       0       
      +0       0       0       0       0       0       0       0       0       0       0       0       0       0       0       
      +0       0       0       0       0       0       0       0       0       0       0       0       0       0       0       
      +0       0       0       0       0       0       0       0       0
  6129 ;;Total ram usage:        0 bytes
  6130 ;; Hardware stack levels used: 1
  6131 ;; Hardware stack levels required when called: 3
  6132 ;; This function calls:
  6133 ;;		Nothing
  6134 ;; This function is called by:
  6135 ;;		_SYSTEM_Initialize
  6136 ;; This function uses a non-reentrant model
  6137 ;;
  6138                           
  6139                           	psect	text10
  6140   0055A8                     __ptext10:
  6141                           	callstack 0
  6142   0055A8                     _CLKREF_Initialize:
  6143                           	callstack 122
  6144   0055A8                     
  6145                           ;mcc_generated_files/clkref.c: 61:     CLKRCLK = 0x00;
  6146   0055A8  0E00               	movlw	0
  6147   0055AA  0100               	movlb	0	; () banked
  6148   0055AC  6F3A               	movwf	58,b	;volatile
  6149                           
  6150                           ;mcc_generated_files/clkref.c: 63:     CLKRCON = 0x90;
  6151   0055AE  0E90               	movlw	144
  6152   0055B0  6F39               	movwf	57,b	;volatile
  6153   0055B2                     
  6154                           ; BSR set to: 0
  6155   0055B2  0012               	return		;funcret
  6156   0055B4                     __end_of_CLKREF_Initialize:
  6157                           	callstack 0
  6158                           
  6159 ;; *************** function _CAN1_Initialize *****************
  6160 ;; Defined at:
  6161 ;;		line 186 in file "mcc_generated_files/can1.c"
  6162 ;; Parameters:    Size  Location     Type
  6163 ;;		None
  6164 ;; Auto vars:     Size  Location     Type
  6165 ;;		None
  6166 ;; Return value:  Size  Location     Type
  6167 ;;                  1    wreg      void 
  6168 ;; Registers used:
  6169 ;;		wreg, status,2, status,0, cstack
  6170 ;; Tracked objects:
  6171 ;;		On entry : 0/0
  6172 ;;		On exit  : 0/0
  6173 ;;		Unchanged: 0/0
  6174 ;; Data sizes:     COMRAM   BANK5   BANK6   BANK7   BANK8   BANK9  BANK10  BANK11  BANK12  BANK13  BANK14  BANK15  BANK1
      +6  BANK17  BANK18  BANK19  BANK20  BANK21  BANK22  BANK23  BANK24  BANK25  BANK26  BANK27  BANK28  BANK29  BANK30  BANK3
      +1  BANK32  BANK33  BANK34  BANK35  BANK36  BANK37  BANK38  BANK39  BANK40  BANK41  BANK42  BANK43  BANK44  BANK45  BANK4
      +6  BANK47  BANK48  BANK49  BANK50  BANK51  BANK52  BANK53  BANK54
  6175 ;;      Params:         0       0       0       0       0       0       0       0       0       0       0       0       
      +0       0       0       0       0       0       0       0       0       0       0       0       0       0       0       
      +0       0       0       0       0       0       0       0       0       0       0       0       0       0       0       
      +0       0       0       0       0       0       0       0       0
  6176 ;;      Locals:         0       0       0       0       0       0       0       0       0       0       0       0       
      +0       0       0       0       0       0       0       0       0       0       0       0       0       0       0       
      +0       0       0       0       0       0       0       0       0       0       0       0       0       0       0       
      +0       0       0       0       0       0       0       0       0
  6177 ;;      Temps:          0       0       0       0       0       0       0       0       0       0       0       0       
      +0       0       0       0       0       0       0       0       0       0       0       0       0       0       0       
      +0       0       0       0       0       0       0       0       0       0       0       0       0       0       0       
      +0       0       0       0       0       0       0       0       0
  6178 ;;      Totals:         0       0       0       0       0       0       0       0       0       0       0       0       
      +0       0       0       0       0       0       0       0       0       0       0       0       0       0       0       
      +0       0       0       0       0       0       0       0       0       0       0       0       0       0       0       
      +0       0       0       0       0       0       0       0       0
  6179 ;;Total ram usage:        0 bytes
  6180 ;; Hardware stack levels used: 1
  6181 ;; Hardware stack levels required when called: 5
  6182 ;; This function calls:
  6183 ;;		_CAN1_BitRateConfiguration
  6184 ;;		_CAN1_ErrorNotificationInterruptEnable
  6185 ;;		_CAN1_OperationModeSet
  6186 ;;		_CAN1_TX_FIFO_Configuration
  6187 ;; This function is called by:
  6188 ;;		_SYSTEM_Initialize
  6189 ;; This function uses a non-reentrant model
  6190 ;;
  6191                           
  6192                           	psect	text11
  6193   005330                     __ptext11:
  6194                           	callstack 0
  6195   005330                     _CAN1_Initialize:
  6196                           	callstack 120
  6197   005330                     
  6198                           ;mcc_generated_files/can1.c: 189:     C1CONHbits.ON = 1;
  6199   005330  0101               	movlb	1	; () banked
  6200   005332  8F01               	bsf	1,7,b	;volatile
  6201   005334                     
  6202                           ; BSR set to: 1
  6203                           ;mcc_generated_files/can1.c: 191:     if (CAN_OP_MODE_REQUEST_SUCCESS == CAN1_OperationM
      +                          odeSet(CAN_CONFIGURATION_MODE))
  6204   005334  0E04               	movlw	4
  6205   005336  ECB4  F028         	call	_CAN1_OperationModeSet
  6206   00533A  0900               	iorlw	0
  6207   00533C  A4D8               	btfss	status,2,c
  6208   00533E  EFA3  F029         	goto	u1321
  6209   005342  EFA5  F029         	goto	u1320
  6210   005346                     u1321:
  6211   005346  EFBD  F029         	goto	l268
  6212   00534A                     u1320:
  6213   00534A                     
  6214                           ;mcc_generated_files/can1.c: 192:     {;mcc_generated_files/can1.c: 194:         C1FIFOB
      +                          A = 0x3800;
  6215   00534A  0E00               	movlw	0
  6216   00534C  0101               	movlb	1	; () banked
  6217   00534E  6F4C               	movwf	76,b	;volatile
  6218   005350  0E38               	movlw	56
  6219   005352  6F4D               	movwf	77,b	;volatile
  6220   005354  0E00               	movlw	0
  6221   005356  6F4E               	movwf	78,b	;volatile
  6222   005358  0E00               	movlw	0
  6223   00535A  6F4F               	movwf	79,b	;volatile
  6224                           
  6225                           ;mcc_generated_files/can1.c: 197:         C1CONL = 0x60;
  6226   00535C  0E60               	movlw	96
  6227   00535E  6F00               	movwf	0,b	;volatile
  6228                           
  6229                           ;mcc_generated_files/can1.c: 200:         C1CONH = 0x97;
  6230   005360  0E97               	movlw	151
  6231   005362  6F01               	movwf	1,b	;volatile
  6232                           
  6233                           ;mcc_generated_files/can1.c: 203:         C1CONU = 0x10;
  6234   005364  0E10               	movlw	16
  6235   005366  6F02               	movwf	2,b	;volatile
  6236   005368                     
  6237                           ; BSR set to: 1
  6238                           ;mcc_generated_files/can1.c: 205:         CAN1_BitRateConfiguration();
  6239   005368  EC7C  F02A         	call	_CAN1_BitRateConfiguration	;wreg free
  6240   00536C                     
  6241                           ;mcc_generated_files/can1.c: 206:         CAN1_TX_FIFO_Configuration();
  6242   00536C  EC1E  F02A         	call	_CAN1_TX_FIFO_Configuration	;wreg free
  6243   005370                     
  6244                           ;mcc_generated_files/can1.c: 207:         CAN1_ErrorNotificationInterruptEnable();
  6245   005370  EC34  F029         	call	_CAN1_ErrorNotificationInterruptEnable	;wreg free
  6246   005374                     
  6247                           ;mcc_generated_files/can1.c: 208:         CAN1_OperationModeSet(CAN_NORMAL_2_0_MODE);
  6248   005374  0E06               	movlw	6
  6249   005376  ECB4  F028         	call	_CAN1_OperationModeSet
  6250   00537A                     l268:
  6251   00537A  0012               	return		;funcret
  6252   00537C                     __end_of_CAN1_Initialize:
  6253                           	callstack 0
  6254                           
  6255 ;; *************** function _CAN1_TX_FIFO_Configuration *****************
  6256 ;; Defined at:
  6257 ;;		line 117 in file "mcc_generated_files/can1.c"
  6258 ;; Parameters:    Size  Location     Type
  6259 ;;		None
  6260 ;; Auto vars:     Size  Location     Type
  6261 ;;		None
  6262 ;; Return value:  Size  Location     Type
  6263 ;;                  1    wreg      void 
  6264 ;; Registers used:
  6265 ;;		wreg, status,2
  6266 ;; Tracked objects:
  6267 ;;		On entry : 0/0
  6268 ;;		On exit  : 0/0
  6269 ;;		Unchanged: 0/0
  6270 ;; Data sizes:     COMRAM   BANK5   BANK6   BANK7   BANK8   BANK9  BANK10  BANK11  BANK12  BANK13  BANK14  BANK15  BANK1
      +6  BANK17  BANK18  BANK19  BANK20  BANK21  BANK22  BANK23  BANK24  BANK25  BANK26  BANK27  BANK28  BANK29  BANK30  BANK3
      +1  BANK32  BANK33  BANK34  BANK35  BANK36  BANK37  BANK38  BANK39  BANK40  BANK41  BANK42  BANK43  BANK44  BANK45  BANK4
      +6  BANK47  BANK48  BANK49  BANK50  BANK51  BANK52  BANK53  BANK54
  6271 ;;      Params:         0       0       0       0       0       0       0       0       0       0       0       0       
      +0       0       0       0       0       0       0       0       0       0       0       0       0       0       0       
      +0       0       0       0       0       0       0       0       0       0       0       0       0       0       0       
      +0       0       0       0       0       0       0       0       0
  6272 ;;      Locals:         0       0       0       0       0       0       0       0       0       0       0       0       
      +0       0       0       0       0       0       0       0       0       0       0       0       0       0       0       
      +0       0       0       0       0       0       0       0       0       0       0       0       0       0       0       
      +0       0       0       0       0       0       0       0       0
  6273 ;;      Temps:          0       0       0       0       0       0       0       0       0       0       0       0       
      +0       0       0       0       0       0       0       0       0       0       0       0       0       0       0       
      +0       0       0       0       0       0       0       0       0       0       0       0       0       0       0       
      +0       0       0       0       0       0       0       0       0
  6274 ;;      Totals:         0       0       0       0       0       0       0       0       0       0       0       0       
      +0       0       0       0       0       0       0       0       0       0       0       0       0       0       0       
      +0       0       0       0       0       0       0       0       0       0       0       0       0       0       0       
      +0       0       0       0       0       0       0       0       0
  6275 ;;Total ram usage:        0 bytes
  6276 ;; Hardware stack levels used: 1
  6277 ;; Hardware stack levels required when called: 3
  6278 ;; This function calls:
  6279 ;;		Nothing
  6280 ;; This function is called by:
  6281 ;;		_CAN1_Initialize
  6282 ;; This function uses a non-reentrant model
  6283 ;;
  6284                           
  6285                           	psect	text12
  6286   00543C                     __ptext12:
  6287                           	callstack 0
  6288   00543C                     _CAN1_TX_FIFO_Configuration:
  6289                           	callstack 121
  6290   00543C                     
  6291                           ;mcc_generated_files/can1.c: 120:     C1TXQCONL = 0x10;
  6292   00543C  0E10               	movlw	16
  6293   00543E  0101               	movlb	1	; () banked
  6294   005440  6F50               	movwf	80,b	;volatile
  6295                           
  6296                           ;mcc_generated_files/can1.c: 123:     C1TXQCONH = 0x04;
  6297   005442  0E04               	movlw	4
  6298   005444  6F51               	movwf	81,b	;volatile
  6299                           
  6300                           ;mcc_generated_files/can1.c: 126:     C1TXQCONU = 0x60;
  6301   005446  0E60               	movlw	96
  6302   005448  6F52               	movwf	82,b	;volatile
  6303                           
  6304                           ;mcc_generated_files/can1.c: 129:     C1TXQCONT = 0x01;
  6305   00544A  0E01               	movlw	1
  6306   00544C  6F53               	movwf	83,b	;volatile
  6307                           
  6308                           ;mcc_generated_files/can1.c: 132:     C1FIFOCON1L = 0x90;
  6309   00544E  0E90               	movlw	144
  6310   005450  6F5C               	movwf	92,b	;volatile
  6311                           
  6312                           ;mcc_generated_files/can1.c: 135:     C1FIFOCON1H = 0x04;
  6313   005452  0E04               	movlw	4
  6314   005454  6F5D               	movwf	93,b	;volatile
  6315                           
  6316                           ;mcc_generated_files/can1.c: 138:     C1FIFOCON1U = 0x60;
  6317   005456  0E60               	movlw	96
  6318   005458  6F5E               	movwf	94,b	;volatile
  6319                           
  6320                           ;mcc_generated_files/can1.c: 141:     C1FIFOCON1T = 0x05;
  6321   00545A  0E05               	movlw	5
  6322   00545C  6F5F               	movwf	95,b	;volatile
  6323   00545E                     
  6324                           ; BSR set to: 1
  6325   00545E  0012               	return		;funcret
  6326   005460                     __end_of_CAN1_TX_FIFO_Configuration:
  6327                           	callstack 0
  6328                           
  6329 ;; *************** function _CAN1_OperationModeSet *****************
  6330 ;; Defined at:
  6331 ;;		line 212 in file "mcc_generated_files/can1.c"
  6332 ;; Parameters:    Size  Location     Type
  6333 ;;  requestMode     1    wreg     const enum E23118
  6334 ;; Auto vars:     Size  Location     Type
  6335 ;;  requestMode     1    4[COMRAM] const enum E23118
  6336 ;;  status          1    3[COMRAM] enum E23128
  6337 ;;  opMode          1    2[COMRAM] enum E23118
  6338 ;; Return value:  Size  Location     Type
  6339 ;;                  1    wreg      enum E23128
  6340 ;; Registers used:
  6341 ;;		wreg, status,2, status,0, cstack
  6342 ;; Tracked objects:
  6343 ;;		On entry : 0/0
  6344 ;;		On exit  : 0/0
  6345 ;;		Unchanged: 0/0
  6346 ;; Data sizes:     COMRAM   BANK5   BANK6   BANK7   BANK8   BANK9  BANK10  BANK11  BANK12  BANK13  BANK14  BANK15  BANK1
      +6  BANK17  BANK18  BANK19  BANK20  BANK21  BANK22  BANK23  BANK24  BANK25  BANK26  BANK27  BANK28  BANK29  BANK30  BANK3
      +1  BANK32  BANK33  BANK34  BANK35  BANK36  BANK37  BANK38  BANK39  BANK40  BANK41  BANK42  BANK43  BANK44  BANK45  BANK4
      +6  BANK47  BANK48  BANK49  BANK50  BANK51  BANK52  BANK53  BANK54
  6347 ;;      Params:         0       0       0       0       0       0       0       0       0       0       0       0       
      +0       0       0       0       0       0       0       0       0       0       0       0       0       0       0       
      +0       0       0       0       0       0       0       0       0       0       0       0       0       0       0       
      +0       0       0       0       0       0       0       0       0
  6348 ;;      Locals:         3       0       0       0       0       0       0       0       0       0       0       0       
      +0       0       0       0       0       0       0       0       0       0       0       0       0       0       0       
      +0       0       0       0       0       0       0       0       0       0       0       0       0       0       0       
      +0       0       0       0       0       0       0       0       0
  6349 ;;      Temps:          0       0       0       0       0       0       0       0       0       0       0       0       
      +0       0       0       0       0       0       0       0       0       0       0       0       0       0       0       
      +0       0       0       0       0       0       0       0       0       0       0       0       0       0       0       
      +0       0       0       0       0       0       0       0       0
  6350 ;;      Totals:         3       0       0       0       0       0       0       0       0       0       0       0       
      +0       0       0       0       0       0       0       0       0       0       0       0       0       0       0       
      +0       0       0       0       0       0       0       0       0       0       0       0       0       0       0       
      +0       0       0       0       0       0       0       0       0
  6351 ;;Total ram usage:        3 bytes
  6352 ;; Hardware stack levels used: 1
  6353 ;; Hardware stack levels required when called: 4
  6354 ;; This function calls:
  6355 ;;		_CAN1_OperationModeGet
  6356 ;; This function is called by:
  6357 ;;		_CAN1_Initialize
  6358 ;;		_main
  6359 ;;		_CAN1_Sleep
  6360 ;; This function uses a non-reentrant model
  6361 ;;
  6362                           
  6363                           	psect	text13
  6364   005168                     __ptext13:
  6365                           	callstack 0
  6366   005168                     _CAN1_OperationModeSet:
  6367                           	callstack 120
  6368                           
  6369                           ; BSR set to: 1
  6370                           ;incstack = 0
  6371                           ;CAN1_OperationModeSet@requestMode stored from wreg
  6372   005168  6E2A               	movwf	CAN1_OperationModeSet@requestMode^(0+1280),c
  6373   00516A                     
  6374                           ;mcc_generated_files/can1.c: 212: CAN_OP_MODE_STATUS CAN1_OperationModeSet(const CAN_OP_
      +                          MODES requestMode);mcc_generated_files/can1.c: 213: {;mcc_generated_files/can1.c: 214:  
      +                             CAN_OP_MODE_STATUS status = CAN_OP_MODE_REQUEST_SUCCESS;
  6375   00516A  0E00               	movlw	0
  6376   00516C  6E29               	movwf	CAN1_OperationModeSet@status^(0+1280),c
  6377   00516E                     
  6378                           ;mcc_generated_files/can1.c: 215:     CAN_OP_MODES opMode = CAN1_OperationModeGet();
  6379   00516E  ECDF  F02A         	call	_CAN1_OperationModeGet	;wreg free
  6380   005172  6E28               	movwf	CAN1_OperationModeSet@opMode^(0+1280),c
  6381   005174                     
  6382                           ;mcc_generated_files/can1.c: 217:     if (CAN_CONFIGURATION_MODE == opMode
  6383   005174  0E04               	movlw	4
  6384   005176  1828               	xorwf	CAN1_OperationModeSet@opMode^(0+1280),w,c
  6385   005178  B4D8               	btfsc	status,2,c
  6386   00517A  EFC1  F028         	goto	u1261
  6387   00517E  EFC3  F028         	goto	u1260
  6388   005182                     u1261:
  6389   005182  EFD4  F028         	goto	l2665
  6390   005186                     u1260:
  6391   005186  042A               	decf	CAN1_OperationModeSet@requestMode^(0+1280),w,c
  6392   005188  B4D8               	btfsc	status,2,c
  6393   00518A  EFC9  F028         	goto	u1271
  6394   00518E  EFCB  F028         	goto	u1270
  6395   005192                     u1271:
  6396   005192  EFD4  F028         	goto	l2665
  6397   005196                     u1270:
  6398   005196  0E04               	movlw	4
  6399   005198  182A               	xorwf	CAN1_OperationModeSet@requestMode^(0+1280),w,c
  6400   00519A  A4D8               	btfss	status,2,c
  6401   00519C  EFD2  F028         	goto	u1281
  6402   0051A0  EFD4  F028         	goto	u1280
  6403   0051A4                     u1281:
  6404   0051A4  EFF4  F028         	goto	l2671
  6405   0051A8                     u1280:
  6406   0051A8                     l2665:
  6407                           
  6408                           ;mcc_generated_files/can1.c: 220:     {;mcc_generated_files/can1.c: 221:         C1CONTb
      +                          its.REQOP = requestMode;
  6409   0051A8  0101               	movlb	1	; () banked
  6410   0051AA  5103               	movf	3,w,b	;volatile
  6411   0051AC  182A               	xorwf	CAN1_OperationModeSet@requestMode^(0+1280),w,c
  6412   0051AE  0BF8               	andlw	-8
  6413   0051B0  182A               	xorwf	CAN1_OperationModeSet@requestMode^(0+1280),w,c
  6414   0051B2  6F03               	movwf	3,b	;volatile
  6415                           
  6416                           ;mcc_generated_files/can1.c: 223:         while (C1CONUbits.OPMOD != requestMode)
  6417   0051B4  EFE7  F028         	goto	l2669
  6418   0051B8                     l275:
  6419                           
  6420                           ; BSR set to: 1
  6421                           ;mcc_generated_files/can1.c: 224:         {;mcc_generated_files/can1.c: 226:            
      +                           if (1 == C1INTHbits.SERRIF)
  6422   0051B8  A91D               	btfss	29,4,b	;volatile
  6423   0051BA  EFE1  F028         	goto	u1291
  6424   0051BE  EFE3  F028         	goto	u1290
  6425   0051C2                     u1291:
  6426   0051C2  EFE7  F028         	goto	l2669
  6427   0051C6                     u1290:
  6428   0051C6                     
  6429                           ; BSR set to: 1
  6430                           ;mcc_generated_files/can1.c: 227:             {;mcc_generated_files/can1.c: 228:        
      +                                   status = CAN_OP_MODE_SYS_ERROR_OCCURED;
  6431   0051C6  0E02               	movlw	2
  6432   0051C8  6E29               	movwf	CAN1_OperationModeSet@status^(0+1280),c
  6433                           
  6434                           ;mcc_generated_files/can1.c: 229:                 break;
  6435   0051CA  EFF6  F028         	goto	l278
  6436   0051CE                     l2669:
  6437                           
  6438                           ; BSR set to: 1
  6439                           ;mcc_generated_files/can1.c: 223:         while (C1CONUbits.OPMOD != requestMode)
  6440   0051CE  3902               	swapf	2,w,b	;volatile
  6441   0051D0  32E8               	rrcf	wreg,f,c
  6442   0051D2  0B07               	andlw	7
  6443   0051D4  182A               	xorwf	CAN1_OperationModeSet@requestMode^(0+1280),w,c
  6444   0051D6  A4D8               	btfss	status,2,c
  6445   0051D8  EFF0  F028         	goto	u1301
  6446   0051DC  EFF2  F028         	goto	u1300
  6447   0051E0                     u1301:
  6448   0051E0  EFDC  F028         	goto	l275
  6449   0051E4                     u1300:
  6450   0051E4  EFF6  F028         	goto	l278
  6451   0051E8                     l2671:
  6452                           
  6453                           ;mcc_generated_files/can1.c: 234:     {;mcc_generated_files/can1.c: 235:         status 
      +                          = CAN_OP_MODE_REQUEST_FAIL;
  6454   0051E8  0E01               	movlw	1
  6455   0051EA  6E29               	movwf	CAN1_OperationModeSet@status^(0+1280),c
  6456   0051EC                     l278:
  6457                           
  6458                           ;mcc_generated_files/can1.c: 238:     return status;
  6459   0051EC  5029               	movf	CAN1_OperationModeSet@status^(0+1280),w,c
  6460   0051EE  0012               	return		;funcret
  6461   0051F0                     __end_of_CAN1_OperationModeSet:
  6462                           	callstack 0
  6463                           
  6464 ;; *************** function _CAN1_ErrorNotificationInterruptEnable *****************
  6465 ;; Defined at:
  6466 ;;		line 161 in file "mcc_generated_files/can1.c"
  6467 ;; Parameters:    Size  Location     Type
  6468 ;;		None
  6469 ;; Auto vars:     Size  Location     Type
  6470 ;;		None
  6471 ;; Return value:  Size  Location     Type
  6472 ;;                  1    wreg      void 
  6473 ;; Registers used:
  6474 ;;		wreg, status,2, status,0, cstack
  6475 ;; Tracked objects:
  6476 ;;		On entry : 0/0
  6477 ;;		On exit  : 0/0
  6478 ;;		Unchanged: 0/0
  6479 ;; Data sizes:     COMRAM   BANK5   BANK6   BANK7   BANK8   BANK9  BANK10  BANK11  BANK12  BANK13  BANK14  BANK15  BANK1
      +6  BANK17  BANK18  BANK19  BANK20  BANK21  BANK22  BANK23  BANK24  BANK25  BANK26  BANK27  BANK28  BANK29  BANK30  BANK3
      +1  BANK32  BANK33  BANK34  BANK35  BANK36  BANK37  BANK38  BANK39  BANK40  BANK41  BANK42  BANK43  BANK44  BANK45  BANK4
      +6  BANK47  BANK48  BANK49  BANK50  BANK51  BANK52  BANK53  BANK54
  6480 ;;      Params:         0       0       0       0       0       0       0       0       0       0       0       0       
      +0       0       0       0       0       0       0       0       0       0       0       0       0       0       0       
      +0       0       0       0       0       0       0       0       0       0       0       0       0       0       0       
      +0       0       0       0       0       0       0       0       0
  6481 ;;      Locals:         0       0       0       0       0       0       0       0       0       0       0       0       
      +0       0       0       0       0       0       0       0       0       0       0       0       0       0       0       
      +0       0       0       0       0       0       0       0       0       0       0       0       0       0       0       
      +0       0       0       0       0       0       0       0       0
  6482 ;;      Temps:          0       0       0       0       0       0       0       0       0       0       0       0       
      +0       0       0       0       0       0       0       0       0       0       0       0       0       0       0       
      +0       0       0       0       0       0       0       0       0       0       0       0       0       0       0       
      +0       0       0       0       0       0       0       0       0
  6483 ;;      Totals:         0       0       0       0       0       0       0       0       0       0       0       0       
      +0       0       0       0       0       0       0       0       0       0       0       0       0       0       0       
      +0       0       0       0       0       0       0       0       0       0       0       0       0       0       0       
      +0       0       0       0       0       0       0       0       0
  6484 ;;Total ram usage:        0 bytes
  6485 ;; Hardware stack levels used: 1
  6486 ;; Hardware stack levels required when called: 4
  6487 ;; This function calls:
  6488 ;;		_CAN1_SetBusErrorInterruptHandler
  6489 ;;		_CAN1_SetBusWakeUpActivityInterruptHandler
  6490 ;;		_CAN1_SetInvalidMessageInterruptHandler
  6491 ;;		_CAN1_SetModeChangeInterruptHandler
  6492 ;;		_CAN1_SetSystemErrorInterruptHandler
  6493 ;;		_CAN1_SetTxAttemptInterruptHandler
  6494 ;; This function is called by:
  6495 ;;		_CAN1_Initialize
  6496 ;; This function uses a non-reentrant model
  6497 ;;
  6498                           
  6499                           	psect	text14
  6500   005268                     __ptext14:
  6501                           	callstack 0
  6502   005268                     _CAN1_ErrorNotificationInterruptEnable:
  6503                           	callstack 120
  6504   005268                     
  6505                           ;mcc_generated_files/can1.c: 163:     CAN1_SetInvalidMessageInterruptHandler(DefaultInva
      +                          lidMessageHandler);
  6506   005268  0EDC               	movlw	low _DefaultInvalidMessageHandler
  6507   00526A  6E28               	movwf	CAN1_SetInvalidMessageInterruptHandler@handler^(0+1280),c
  6508   00526C  0E55               	movlw	high _DefaultInvalidMessageHandler
  6509   00526E  6E29               	movwf	(CAN1_SetInvalidMessageInterruptHandler@handler+1)^(0+1280),c
  6510   005270  0E00               	movlw	low (_DefaultInvalidMessageHandler shr (0+16))
  6511   005272  6E2A               	movwf	(CAN1_SetInvalidMessageInterruptHandler@handler+2)^(0+1280),c
  6512   005274  ECA3  F02A         	call	_CAN1_SetInvalidMessageInterruptHandler	;wreg free
  6513                           
  6514                           ;mcc_generated_files/can1.c: 164:     CAN1_SetBusWakeUpActivityInterruptHandler(DefaultB
      +                          usWakeUpActivityHandler);
  6515   005278  0EDE               	movlw	low _DefaultBusWakeUpActivityHandler
  6516   00527A  6E28               	movwf	CAN1_SetBusWakeUpActivityInterruptHandler@handler^(0+1280),c
  6517   00527C  0E55               	movlw	high _DefaultBusWakeUpActivityHandler
  6518   00527E  6E29               	movwf	(CAN1_SetBusWakeUpActivityInterruptHandler@handler+1)^(0+1280),c
  6519   005280  0E00               	movlw	low (_DefaultBusWakeUpActivityHandler shr (0+16))
  6520   005282  6E2A               	movwf	(CAN1_SetBusWakeUpActivityInterruptHandler@handler+2)^(0+1280),c
  6521   005284  ECAA  F02A         	call	_CAN1_SetBusWakeUpActivityInterruptHandler	;wreg free
  6522                           
  6523                           ;mcc_generated_files/can1.c: 165:     CAN1_SetBusErrorInterruptHandler(DefaultBusErrorHa
      +                          ndler);
  6524   005288  0EE0               	movlw	low _DefaultBusErrorHandler
  6525   00528A  6E28               	movwf	CAN1_SetBusErrorInterruptHandler@handler^(0+1280),c
  6526   00528C  0E55               	movlw	high _DefaultBusErrorHandler
  6527   00528E  6E29               	movwf	(CAN1_SetBusErrorInterruptHandler@handler+1)^(0+1280),c
  6528   005290  0E00               	movlw	low (_DefaultBusErrorHandler shr (0+16))
  6529   005292  6E2A               	movwf	(CAN1_SetBusErrorInterruptHandler@handler+2)^(0+1280),c
  6530   005294  ECB1  F02A         	call	_CAN1_SetBusErrorInterruptHandler	;wreg free
  6531                           
  6532                           ;mcc_generated_files/can1.c: 166:     CAN1_SetModeChangeInterruptHandler(DefaultModeChan
      +                          geHandler);
  6533   005298  0EDA               	movlw	low _DefaultModeChangeHandler
  6534   00529A  6E28               	movwf	CAN1_SetModeChangeInterruptHandler@handler^(0+1280),c
  6535   00529C  0E55               	movlw	high _DefaultModeChangeHandler
  6536   00529E  6E29               	movwf	(CAN1_SetModeChangeInterruptHandler@handler+1)^(0+1280),c
  6537   0052A0  0E00               	movlw	low (_DefaultModeChangeHandler shr (0+16))
  6538   0052A2  6E2A               	movwf	(CAN1_SetModeChangeInterruptHandler@handler+2)^(0+1280),c
  6539   0052A4  EC9C  F02A         	call	_CAN1_SetModeChangeInterruptHandler	;wreg free
  6540                           
  6541                           ;mcc_generated_files/can1.c: 167:     CAN1_SetSystemErrorInterruptHandler(DefaultSystemE
      +                          rrorHandler);
  6542   0052A8  0ED8               	movlw	low _DefaultSystemErrorHandler
  6543   0052AA  6E28               	movwf	CAN1_SetSystemErrorInterruptHandler@handler^(0+1280),c
  6544   0052AC  0E55               	movlw	high _DefaultSystemErrorHandler
  6545   0052AE  6E29               	movwf	(CAN1_SetSystemErrorInterruptHandler@handler+1)^(0+1280),c
  6546   0052B0  0E00               	movlw	low (_DefaultSystemErrorHandler shr (0+16))
  6547   0052B2  6E2A               	movwf	(CAN1_SetSystemErrorInterruptHandler@handler+2)^(0+1280),c
  6548   0052B4  EC95  F02A         	call	_CAN1_SetSystemErrorInterruptHandler	;wreg free
  6549                           
  6550                           ;mcc_generated_files/can1.c: 168:     CAN1_SetTxAttemptInterruptHandler(DefaultTxAttempt
      +                          Handler);
  6551   0052B8  0ED6               	movlw	low _DefaultTxAttemptHandler
  6552   0052BA  6E28               	movwf	CAN1_SetTxAttemptInterruptHandler@handler^(0+1280),c
  6553   0052BC  0E55               	movlw	high _DefaultTxAttemptHandler
  6554   0052BE  6E29               	movwf	(CAN1_SetTxAttemptInterruptHandler@handler+1)^(0+1280),c
  6555   0052C0  0E00               	movlw	low (_DefaultTxAttemptHandler shr (0+16))
  6556   0052C2  6E2A               	movwf	(CAN1_SetTxAttemptInterruptHandler@handler+2)^(0+1280),c
  6557   0052C4  EC8E  F02A         	call	_CAN1_SetTxAttemptInterruptHandler	;wreg free
  6558   0052C8                     
  6559                           ;mcc_generated_files/can1.c: 169:     PIR0bits.CANIF = 0;
  6560   0052C8  9CAE               	bcf	174,6,c	;volatile
  6561   0052CA                     
  6562                           ;mcc_generated_files/can1.c: 172:     C1INTL = 0x00;
  6563   0052CA  0E00               	movlw	0
  6564   0052CC  0101               	movlb	1	; () banked
  6565   0052CE  6F1C               	movwf	28,b	;volatile
  6566   0052D0                     
  6567                           ; BSR set to: 1
  6568                           ;mcc_generated_files/can1.c: 175:     C1INTH = 0x00;
  6569   0052D0  0E00               	movlw	0
  6570   0052D2  6F1D               	movwf	29,b	;volatile
  6571   0052D4                     
  6572                           ; BSR set to: 1
  6573                           ;mcc_generated_files/can1.c: 178:     C1INTU = 0x08;
  6574   0052D4  0E08               	movlw	8
  6575   0052D6  6F1E               	movwf	30,b	;volatile
  6576   0052D8                     
  6577                           ; BSR set to: 1
  6578                           ;mcc_generated_files/can1.c: 181:     C1INTT = 0xFC;
  6579   0052D8  0EFC               	movlw	252
  6580   0052DA  6F1F               	movwf	31,b	;volatile
  6581   0052DC                     
  6582                           ; BSR set to: 1
  6583                           ;mcc_generated_files/can1.c: 183:     PIE0bits.CANIE = 1;
  6584   0052DC  8C9E               	bsf	158,6,c	;volatile
  6585   0052DE                     
  6586                           ; BSR set to: 1
  6587   0052DE  0012               	return		;funcret
  6588   0052E0                     __end_of_CAN1_ErrorNotificationInterruptEnable:
  6589                           	callstack 0
  6590                           
  6591 ;; *************** function _CAN1_SetTxAttemptInterruptHandler *****************
  6592 ;; Defined at:
  6593 ;;		line 429 in file "mcc_generated_files/can1.c"
  6594 ;; Parameters:    Size  Location     Type
  6595 ;;  handler         3    2[COMRAM] PTR FTN()void 
  6596 ;;		 -> DefaultTxAttemptHandler(1), 
  6597 ;; Auto vars:     Size  Location     Type
  6598 ;;		None
  6599 ;; Return value:  Size  Location     Type
  6600 ;;                  1    wreg      void 
  6601 ;; Registers used:
  6602 ;;		wreg, status,2, status,0
  6603 ;; Tracked objects:
  6604 ;;		On entry : 0/0
  6605 ;;		On exit  : 0/0
  6606 ;;		Unchanged: 0/0
  6607 ;; Data sizes:     COMRAM   BANK5   BANK6   BANK7   BANK8   BANK9  BANK10  BANK11  BANK12  BANK13  BANK14  BANK15  BANK1
      +6  BANK17  BANK18  BANK19  BANK20  BANK21  BANK22  BANK23  BANK24  BANK25  BANK26  BANK27  BANK28  BANK29  BANK30  BANK3
      +1  BANK32  BANK33  BANK34  BANK35  BANK36  BANK37  BANK38  BANK39  BANK40  BANK41  BANK42  BANK43  BANK44  BANK45  BANK4
      +6  BANK47  BANK48  BANK49  BANK50  BANK51  BANK52  BANK53  BANK54
  6608 ;;      Params:         3       0       0       0       0       0       0       0       0       0       0       0       
      +0       0       0       0       0       0       0       0       0       0       0       0       0       0       0       
      +0       0       0       0       0       0       0       0       0       0       0       0       0       0       0       
      +0       0       0       0       0       0       0       0       0
  6609 ;;      Locals:         0       0       0       0       0       0       0       0       0       0       0       0       
      +0       0       0       0       0       0       0       0       0       0       0       0       0       0       0       
      +0       0       0       0       0       0       0       0       0       0       0       0       0       0       0       
      +0       0       0       0       0       0       0       0       0
  6610 ;;      Temps:          0       0       0       0       0       0       0       0       0       0       0       0       
      +0       0       0       0       0       0       0       0       0       0       0       0       0       0       0       
      +0       0       0       0       0       0       0       0       0       0       0       0       0       0       0       
      +0       0       0       0       0       0       0       0       0
  6611 ;;      Totals:         3       0       0       0       0       0       0       0       0       0       0       0       
      +0       0       0       0       0       0       0       0       0       0       0       0       0       0       0       
      +0       0       0       0       0       0       0       0       0       0       0       0       0       0       0       
      +0       0       0       0       0       0       0       0       0
  6612 ;;Total ram usage:        3 bytes
  6613 ;; Hardware stack levels used: 1
  6614 ;; Hardware stack levels required when called: 3
  6615 ;; This function calls:
  6616 ;;		Nothing
  6617 ;; This function is called by:
  6618 ;;		_CAN1_ErrorNotificationInterruptEnable
  6619 ;; This function uses a non-reentrant model
  6620 ;;
  6621                           
  6622                           	psect	text15
  6623   00551C                     __ptext15:
  6624                           	callstack 0
  6625   00551C                     _CAN1_SetTxAttemptInterruptHandler:
  6626                           	callstack 120
  6627   00551C                     
  6628                           ;mcc_generated_files/can1.c: 429: void CAN1_SetTxAttemptInterruptHandler(void (*handler)
      +                          (void));mcc_generated_files/can1.c: 430: {;mcc_generated_files/can1.c: 431:     CAN1_TxA
      +                          ttemptHandler = handler;
  6629   00551C  C528  F509         	movff	CAN1_SetTxAttemptInterruptHandler@handler,_CAN1_TxAttemptHandler
  6630   005520  C529  F50A         	movff	CAN1_SetTxAttemptInterruptHandler@handler+1,_CAN1_TxAttemptHandler+1
  6631   005524  C52A  F50B         	movff	CAN1_SetTxAttemptInterruptHandler@handler+2,_CAN1_TxAttemptHandler+2
  6632   005528  0012               	return		;funcret
  6633   00552A                     __end_of_CAN1_SetTxAttemptInterruptHandler:
  6634                           	callstack 0
  6635                           
  6636 ;; *************** function _CAN1_SetSystemErrorInterruptHandler *****************
  6637 ;; Defined at:
  6638 ;;		line 424 in file "mcc_generated_files/can1.c"
  6639 ;; Parameters:    Size  Location     Type
  6640 ;;  handler         3    2[COMRAM] PTR FTN()void 
  6641 ;;		 -> DefaultSystemErrorHandler(1), 
  6642 ;; Auto vars:     Size  Location     Type
  6643 ;;		None
  6644 ;; Return value:  Size  Location     Type
  6645 ;;                  1    wreg      void 
  6646 ;; Registers used:
  6647 ;;		wreg, status,2, status,0
  6648 ;; Tracked objects:
  6649 ;;		On entry : 0/0
  6650 ;;		On exit  : 0/0
  6651 ;;		Unchanged: 0/0
  6652 ;; Data sizes:     COMRAM   BANK5   BANK6   BANK7   BANK8   BANK9  BANK10  BANK11  BANK12  BANK13  BANK14  BANK15  BANK1
      +6  BANK17  BANK18  BANK19  BANK20  BANK21  BANK22  BANK23  BANK24  BANK25  BANK26  BANK27  BANK28  BANK29  BANK30  BANK3
      +1  BANK32  BANK33  BANK34  BANK35  BANK36  BANK37  BANK38  BANK39  BANK40  BANK41  BANK42  BANK43  BANK44  BANK45  BANK4
      +6  BANK47  BANK48  BANK49  BANK50  BANK51  BANK52  BANK53  BANK54
  6653 ;;      Params:         3       0       0       0       0       0       0       0       0       0       0       0       
      +0       0       0       0       0       0       0       0       0       0       0       0       0       0       0       
      +0       0       0       0       0       0       0       0       0       0       0       0       0       0       0       
      +0       0       0       0       0       0       0       0       0
  6654 ;;      Locals:         0       0       0       0       0       0       0       0       0       0       0       0       
      +0       0       0       0       0       0       0       0       0       0       0       0       0       0       0       
      +0       0       0       0       0       0       0       0       0       0       0       0       0       0       0       
      +0       0       0       0       0       0       0       0       0
  6655 ;;      Temps:          0       0       0       0       0       0       0       0       0       0       0       0       
      +0       0       0       0       0       0       0       0       0       0       0       0       0       0       0       
      +0       0       0       0       0       0       0       0       0       0       0       0       0       0       0       
      +0       0       0       0       0       0       0       0       0
  6656 ;;      Totals:         3       0       0       0       0       0       0       0       0       0       0       0       
      +0       0       0       0       0       0       0       0       0       0       0       0       0       0       0       
      +0       0       0       0       0       0       0       0       0       0       0       0       0       0       0       
      +0       0       0       0       0       0       0       0       0
  6657 ;;Total ram usage:        3 bytes
  6658 ;; Hardware stack levels used: 1
  6659 ;; Hardware stack levels required when called: 3
  6660 ;; This function calls:
  6661 ;;		Nothing
  6662 ;; This function is called by:
  6663 ;;		_CAN1_ErrorNotificationInterruptEnable
  6664 ;; This function uses a non-reentrant model
  6665 ;;
  6666                           
  6667                           	psect	text16
  6668   00552A                     __ptext16:
  6669                           	callstack 0
  6670   00552A                     _CAN1_SetSystemErrorInterruptHandler:
  6671                           	callstack 120
  6672   00552A                     
  6673                           ;mcc_generated_files/can1.c: 424: void CAN1_SetSystemErrorInterruptHandler(void (*handle
      +                          r)(void));mcc_generated_files/can1.c: 425: {;mcc_generated_files/can1.c: 426:     CAN1_S
      +                          ystemErrorHandler = handler;
  6674   00552A  C528  F50C         	movff	CAN1_SetSystemErrorInterruptHandler@handler,_CAN1_SystemErrorHandler
  6675   00552E  C529  F50D         	movff	CAN1_SetSystemErrorInterruptHandler@handler+1,_CAN1_SystemErrorHandler+1
  6676   005532  C52A  F50E         	movff	CAN1_SetSystemErrorInterruptHandler@handler+2,_CAN1_SystemErrorHandler+2
  6677   005536  0012               	return		;funcret
  6678   005538                     __end_of_CAN1_SetSystemErrorInterruptHandler:
  6679                           	callstack 0
  6680                           
  6681 ;; *************** function _CAN1_SetModeChangeInterruptHandler *****************
  6682 ;; Defined at:
  6683 ;;		line 419 in file "mcc_generated_files/can1.c"
  6684 ;; Parameters:    Size  Location     Type
  6685 ;;  handler         3    2[COMRAM] PTR FTN()void 
  6686 ;;		 -> DefaultModeChangeHandler(1), 
  6687 ;; Auto vars:     Size  Location     Type
  6688 ;;		None
  6689 ;; Return value:  Size  Location     Type
  6690 ;;                  1    wreg      void 
  6691 ;; Registers used:
  6692 ;;		wreg, status,2, status,0
  6693 ;; Tracked objects:
  6694 ;;		On entry : 0/0
  6695 ;;		On exit  : 0/0
  6696 ;;		Unchanged: 0/0
  6697 ;; Data sizes:     COMRAM   BANK5   BANK6   BANK7   BANK8   BANK9  BANK10  BANK11  BANK12  BANK13  BANK14  BANK15  BANK1
      +6  BANK17  BANK18  BANK19  BANK20  BANK21  BANK22  BANK23  BANK24  BANK25  BANK26  BANK27  BANK28  BANK29  BANK30  BANK3
      +1  BANK32  BANK33  BANK34  BANK35  BANK36  BANK37  BANK38  BANK39  BANK40  BANK41  BANK42  BANK43  BANK44  BANK45  BANK4
      +6  BANK47  BANK48  BANK49  BANK50  BANK51  BANK52  BANK53  BANK54
  6698 ;;      Params:         3       0       0       0       0       0       0       0       0       0       0       0       
      +0       0       0       0       0       0       0       0       0       0       0       0       0       0       0       
      +0       0       0       0       0       0       0       0       0       0       0       0       0       0       0       
      +0       0       0       0       0       0       0       0       0
  6699 ;;      Locals:         0       0       0       0       0       0       0       0       0       0       0       0       
      +0       0       0       0       0       0       0       0       0       0       0       0       0       0       0       
      +0       0       0       0       0       0       0       0       0       0       0       0       0       0       0       
      +0       0       0       0       0       0       0       0       0
  6700 ;;      Temps:          0       0       0       0       0       0       0       0       0       0       0       0       
      +0       0       0       0       0       0       0       0       0       0       0       0       0       0       0       
      +0       0       0       0       0       0       0       0       0       0       0       0       0       0       0       
      +0       0       0       0       0       0       0       0       0
  6701 ;;      Totals:         3       0       0       0       0       0       0       0       0       0       0       0       
      +0       0       0       0       0       0       0       0       0       0       0       0       0       0       0       
      +0       0       0       0       0       0       0       0       0       0       0       0       0       0       0       
      +0       0       0       0       0       0       0       0       0
  6702 ;;Total ram usage:        3 bytes
  6703 ;; Hardware stack levels used: 1
  6704 ;; Hardware stack levels required when called: 3
  6705 ;; This function calls:
  6706 ;;		Nothing
  6707 ;; This function is called by:
  6708 ;;		_CAN1_ErrorNotificationInterruptEnable
  6709 ;; This function uses a non-reentrant model
  6710 ;;
  6711                           
  6712                           	psect	text17
  6713   005538                     __ptext17:
  6714                           	callstack 0
  6715   005538                     _CAN1_SetModeChangeInterruptHandler:
  6716                           	callstack 120
  6717   005538                     
  6718                           ;mcc_generated_files/can1.c: 419: void CAN1_SetModeChangeInterruptHandler(void (*handler
      +                          )(void));mcc_generated_files/can1.c: 420: {;mcc_generated_files/can1.c: 421:     CAN1_Mo
      +                          deChangeHandler = handler;
  6719   005538  C528  F50F         	movff	CAN1_SetModeChangeInterruptHandler@handler,_CAN1_ModeChangeHandler
  6720   00553C  C529  F510         	movff	CAN1_SetModeChangeInterruptHandler@handler+1,_CAN1_ModeChangeHandler+1
  6721   005540  C52A  F511         	movff	CAN1_SetModeChangeInterruptHandler@handler+2,_CAN1_ModeChangeHandler+2
  6722   005544  0012               	return		;funcret
  6723   005546                     __end_of_CAN1_SetModeChangeInterruptHandler:
  6724                           	callstack 0
  6725                           
  6726 ;; *************** function _CAN1_SetInvalidMessageInterruptHandler *****************
  6727 ;; Defined at:
  6728 ;;		line 404 in file "mcc_generated_files/can1.c"
  6729 ;; Parameters:    Size  Location     Type
  6730 ;;  handler         3    2[COMRAM] PTR FTN()void 
  6731 ;;		 -> DefaultInvalidMessageHandler(1), 
  6732 ;; Auto vars:     Size  Location     Type
  6733 ;;		None
  6734 ;; Return value:  Size  Location     Type
  6735 ;;                  1    wreg      void 
  6736 ;; Registers used:
  6737 ;;		wreg, status,2, status,0
  6738 ;; Tracked objects:
  6739 ;;		On entry : 0/0
  6740 ;;		On exit  : 0/0
  6741 ;;		Unchanged: 0/0
  6742 ;; Data sizes:     COMRAM   BANK5   BANK6   BANK7   BANK8   BANK9  BANK10  BANK11  BANK12  BANK13  BANK14  BANK15  BANK1
      +6  BANK17  BANK18  BANK19  BANK20  BANK21  BANK22  BANK23  BANK24  BANK25  BANK26  BANK27  BANK28  BANK29  BANK30  BANK3
      +1  BANK32  BANK33  BANK34  BANK35  BANK36  BANK37  BANK38  BANK39  BANK40  BANK41  BANK42  BANK43  BANK44  BANK45  BANK4
      +6  BANK47  BANK48  BANK49  BANK50  BANK51  BANK52  BANK53  BANK54
  6743 ;;      Params:         3       0       0       0       0       0       0       0       0       0       0       0       
      +0       0       0       0       0       0       0       0       0       0       0       0       0       0       0       
      +0       0       0       0       0       0       0       0       0       0       0       0       0       0       0       
      +0       0       0       0       0       0       0       0       0
  6744 ;;      Locals:         0       0       0       0       0       0       0       0       0       0       0       0       
      +0       0       0       0       0       0       0       0       0       0       0       0       0       0       0       
      +0       0       0       0       0       0       0       0       0       0       0       0       0       0       0       
      +0       0       0       0       0       0       0       0       0
  6745 ;;      Temps:          0       0       0       0       0       0       0       0       0       0       0       0       
      +0       0       0       0       0       0       0       0       0       0       0       0       0       0       0       
      +0       0       0       0       0       0       0       0       0       0       0       0       0       0       0       
      +0       0       0       0       0       0       0       0       0
  6746 ;;      Totals:         3       0       0       0       0       0       0       0       0       0       0       0       
      +0       0       0       0       0       0       0       0       0       0       0       0       0       0       0       
      +0       0       0       0       0       0       0       0       0       0       0       0       0       0       0       
      +0       0       0       0       0       0       0       0       0
  6747 ;;Total ram usage:        3 bytes
  6748 ;; Hardware stack levels used: 1
  6749 ;; Hardware stack levels required when called: 3
  6750 ;; This function calls:
  6751 ;;		Nothing
  6752 ;; This function is called by:
  6753 ;;		_CAN1_ErrorNotificationInterruptEnable
  6754 ;; This function uses a non-reentrant model
  6755 ;;
  6756                           
  6757                           	psect	text18
  6758   005546                     __ptext18:
  6759                           	callstack 0
  6760   005546                     _CAN1_SetInvalidMessageInterruptHandler:
  6761                           	callstack 120
  6762   005546                     
  6763                           ;mcc_generated_files/can1.c: 404: void CAN1_SetInvalidMessageInterruptHandler(void (*han
      +                          dler)(void));mcc_generated_files/can1.c: 405: {;mcc_generated_files/can1.c: 406:     CAN
      +                          1_InvalidMessageHandler = handler;
  6764   005546  C528  F518         	movff	CAN1_SetInvalidMessageInterruptHandler@handler,_CAN1_InvalidMessageHandler
  6765   00554A  C529  F519         	movff	CAN1_SetInvalidMessageInterruptHandler@handler+1,_CAN1_InvalidMessageHandler+1
  6766   00554E  C52A  F51A         	movff	CAN1_SetInvalidMessageInterruptHandler@handler+2,_CAN1_InvalidMessageHandler+2
  6767   005552  0012               	return		;funcret
  6768   005554                     __end_of_CAN1_SetInvalidMessageInterruptHandler:
  6769                           	callstack 0
  6770                           
  6771 ;; *************** function _CAN1_SetBusWakeUpActivityInterruptHandler *****************
  6772 ;; Defined at:
  6773 ;;		line 409 in file "mcc_generated_files/can1.c"
  6774 ;; Parameters:    Size  Location     Type
  6775 ;;  handler         3    2[COMRAM] PTR FTN()void 
  6776 ;;		 -> DefaultBusWakeUpActivityHandler(1), 
  6777 ;; Auto vars:     Size  Location     Type
  6778 ;;		None
  6779 ;; Return value:  Size  Location     Type
  6780 ;;                  1    wreg      void 
  6781 ;; Registers used:
  6782 ;;		wreg, status,2, status,0
  6783 ;; Tracked objects:
  6784 ;;		On entry : 0/0
  6785 ;;		On exit  : 0/0
  6786 ;;		Unchanged: 0/0
  6787 ;; Data sizes:     COMRAM   BANK5   BANK6   BANK7   BANK8   BANK9  BANK10  BANK11  BANK12  BANK13  BANK14  BANK15  BANK1
      +6  BANK17  BANK18  BANK19  BANK20  BANK21  BANK22  BANK23  BANK24  BANK25  BANK26  BANK27  BANK28  BANK29  BANK30  BANK3
      +1  BANK32  BANK33  BANK34  BANK35  BANK36  BANK37  BANK38  BANK39  BANK40  BANK41  BANK42  BANK43  BANK44  BANK45  BANK4
      +6  BANK47  BANK48  BANK49  BANK50  BANK51  BANK52  BANK53  BANK54
  6788 ;;      Params:         3       0       0       0       0       0       0       0       0       0       0       0       
      +0       0       0       0       0       0       0       0       0       0       0       0       0       0       0       
      +0       0       0       0       0       0       0       0       0       0       0       0       0       0       0       
      +0       0       0       0       0       0       0       0       0
  6789 ;;      Locals:         0       0       0       0       0       0       0       0       0       0       0       0       
      +0       0       0       0       0       0       0       0       0       0       0       0       0       0       0       
      +0       0       0       0       0       0       0       0       0       0       0       0       0       0       0       
      +0       0       0       0       0       0       0       0       0
  6790 ;;      Temps:          0       0       0       0       0       0       0       0       0       0       0       0       
      +0       0       0       0       0       0       0       0       0       0       0       0       0       0       0       
      +0       0       0       0       0       0       0       0       0       0       0       0       0       0       0       
      +0       0       0       0       0       0       0       0       0
  6791 ;;      Totals:         3       0       0       0       0       0       0       0       0       0       0       0       
      +0       0       0       0       0       0       0       0       0       0       0       0       0       0       0       
      +0       0       0       0       0       0       0       0       0       0       0       0       0       0       0       
      +0       0       0       0       0       0       0       0       0
  6792 ;;Total ram usage:        3 bytes
  6793 ;; Hardware stack levels used: 1
  6794 ;; Hardware stack levels required when called: 3
  6795 ;; This function calls:
  6796 ;;		Nothing
  6797 ;; This function is called by:
  6798 ;;		_CAN1_ErrorNotificationInterruptEnable
  6799 ;; This function uses a non-reentrant model
  6800 ;;
  6801                           
  6802                           	psect	text19
  6803   005554                     __ptext19:
  6804                           	callstack 0
  6805   005554                     _CAN1_SetBusWakeUpActivityInterruptHandler:
  6806                           	callstack 120
  6807   005554                     
  6808                           ;mcc_generated_files/can1.c: 409: void CAN1_SetBusWakeUpActivityInterruptHandler(void (*
      +                          handler)(void));mcc_generated_files/can1.c: 410: {;mcc_generated_files/can1.c: 411:     
      +                          CAN1_BusWakeUpActivityHandler = handler;
  6809   005554  C528  F515         	movff	CAN1_SetBusWakeUpActivityInterruptHandler@handler,_CAN1_BusWakeUpActivityHandler
  6810   005558  C529  F516         	movff	CAN1_SetBusWakeUpActivityInterruptHandler@handler+1,_CAN1_BusWakeUpActivityHandle
      +                          r+1
  6811   00555C  C52A  F517         	movff	CAN1_SetBusWakeUpActivityInterruptHandler@handler+2,_CAN1_BusWakeUpActivityHandle
      +                          r+2
  6812   005560  0012               	return		;funcret
  6813   005562                     __end_of_CAN1_SetBusWakeUpActivityInterruptHandler:
  6814                           	callstack 0
  6815                           
  6816 ;; *************** function _CAN1_SetBusErrorInterruptHandler *****************
  6817 ;; Defined at:
  6818 ;;		line 414 in file "mcc_generated_files/can1.c"
  6819 ;; Parameters:    Size  Location     Type
  6820 ;;  handler         3    2[COMRAM] PTR FTN()void 
  6821 ;;		 -> DefaultBusErrorHandler(1), 
  6822 ;; Auto vars:     Size  Location     Type
  6823 ;;		None
  6824 ;; Return value:  Size  Location     Type
  6825 ;;                  1    wreg      void 
  6826 ;; Registers used:
  6827 ;;		wreg, status,2, status,0
  6828 ;; Tracked objects:
  6829 ;;		On entry : 0/0
  6830 ;;		On exit  : 0/0
  6831 ;;		Unchanged: 0/0
  6832 ;; Data sizes:     COMRAM   BANK5   BANK6   BANK7   BANK8   BANK9  BANK10  BANK11  BANK12  BANK13  BANK14  BANK15  BANK1
      +6  BANK17  BANK18  BANK19  BANK20  BANK21  BANK22  BANK23  BANK24  BANK25  BANK26  BANK27  BANK28  BANK29  BANK30  BANK3
      +1  BANK32  BANK33  BANK34  BANK35  BANK36  BANK37  BANK38  BANK39  BANK40  BANK41  BANK42  BANK43  BANK44  BANK45  BANK4
      +6  BANK47  BANK48  BANK49  BANK50  BANK51  BANK52  BANK53  BANK54
  6833 ;;      Params:         3       0       0       0       0       0       0       0       0       0       0       0       
      +0       0       0       0       0       0       0       0       0       0       0       0       0       0       0       
      +0       0       0       0       0       0       0       0       0       0       0       0       0       0       0       
      +0       0       0       0       0       0       0       0       0
  6834 ;;      Locals:         0       0       0       0       0       0       0       0       0       0       0       0       
      +0       0       0       0       0       0       0       0       0       0       0       0       0       0       0       
      +0       0       0       0       0       0       0       0       0       0       0       0       0       0       0       
      +0       0       0       0       0       0       0       0       0
  6835 ;;      Temps:          0       0       0       0       0       0       0       0       0       0       0       0       
      +0       0       0       0       0       0       0       0       0       0       0       0       0       0       0       
      +0       0       0       0       0       0       0       0       0       0       0       0       0       0       0       
      +0       0       0       0       0       0       0       0       0
  6836 ;;      Totals:         3       0       0       0       0       0       0       0       0       0       0       0       
      +0       0       0       0       0       0       0       0       0       0       0       0       0       0       0       
      +0       0       0       0       0       0       0       0       0       0       0       0       0       0       0       
      +0       0       0       0       0       0       0       0       0
  6837 ;;Total ram usage:        3 bytes
  6838 ;; Hardware stack levels used: 1
  6839 ;; Hardware stack levels required when called: 3
  6840 ;; This function calls:
  6841 ;;		Nothing
  6842 ;; This function is called by:
  6843 ;;		_CAN1_ErrorNotificationInterruptEnable
  6844 ;; This function uses a non-reentrant model
  6845 ;;
  6846                           
  6847                           	psect	text20
  6848   005562                     __ptext20:
  6849                           	callstack 0
  6850   005562                     _CAN1_SetBusErrorInterruptHandler:
  6851                           	callstack 120
  6852   005562                     
  6853                           ;mcc_generated_files/can1.c: 414: void CAN1_SetBusErrorInterruptHandler(void (*handler)(
      +                          void));mcc_generated_files/can1.c: 415: {;mcc_generated_files/can1.c: 416:     CAN1_BusE
      +                          rrorHandler = handler;
  6854   005562  C528  F512         	movff	CAN1_SetBusErrorInterruptHandler@handler,_CAN1_BusErrorHandler
  6855   005566  C529  F513         	movff	CAN1_SetBusErrorInterruptHandler@handler+1,_CAN1_BusErrorHandler+1
  6856   00556A  C52A  F514         	movff	CAN1_SetBusErrorInterruptHandler@handler+2,_CAN1_BusErrorHandler+2
  6857   00556E  0012               	return		;funcret
  6858   005570                     __end_of_CAN1_SetBusErrorInterruptHandler:
  6859                           	callstack 0
  6860                           
  6861 ;; *************** function _CAN1_BitRateConfiguration *****************
  6862 ;; Defined at:
  6863 ;;		line 145 in file "mcc_generated_files/can1.c"
  6864 ;; Parameters:    Size  Location     Type
  6865 ;;		None
  6866 ;; Auto vars:     Size  Location     Type
  6867 ;;		None
  6868 ;; Return value:  Size  Location     Type
  6869 ;;                  1    wreg      void 
  6870 ;; Registers used:
  6871 ;;		wreg, status,2
  6872 ;; Tracked objects:
  6873 ;;		On entry : 0/0
  6874 ;;		On exit  : 0/0
  6875 ;;		Unchanged: 0/0
  6876 ;; Data sizes:     COMRAM   BANK5   BANK6   BANK7   BANK8   BANK9  BANK10  BANK11  BANK12  BANK13  BANK14  BANK15  BANK1
      +6  BANK17  BANK18  BANK19  BANK20  BANK21  BANK22  BANK23  BANK24  BANK25  BANK26  BANK27  BANK28  BANK29  BANK30  BANK3
      +1  BANK32  BANK33  BANK34  BANK35  BANK36  BANK37  BANK38  BANK39  BANK40  BANK41  BANK42  BANK43  BANK44  BANK45  BANK4
      +6  BANK47  BANK48  BANK49  BANK50  BANK51  BANK52  BANK53  BANK54
  6877 ;;      Params:         0       0       0       0       0       0       0       0       0       0       0       0       
      +0       0       0       0       0       0       0       0       0       0       0       0       0       0       0       
      +0       0       0       0       0       0       0       0       0       0       0       0       0       0       0       
      +0       0       0       0       0       0       0       0       0
  6878 ;;      Locals:         0       0       0       0       0       0       0       0       0       0       0       0       
      +0       0       0       0       0       0       0       0       0       0       0       0       0       0       0       
      +0       0       0       0       0       0       0       0       0       0       0       0       0       0       0       
      +0       0       0       0       0       0       0       0       0
  6879 ;;      Temps:          0       0       0       0       0       0       0       0       0       0       0       0       
      +0       0       0       0       0       0       0       0       0       0       0       0       0       0       0       
      +0       0       0       0       0       0       0       0       0       0       0       0       0       0       0       
      +0       0       0       0       0       0       0       0       0
  6880 ;;      Totals:         0       0       0       0       0       0       0       0       0       0       0       0       
      +0       0       0       0       0       0       0       0       0       0       0       0       0       0       0       
      +0       0       0       0       0       0       0       0       0       0       0       0       0       0       0       
      +0       0       0       0       0       0       0       0       0
  6881 ;;Total ram usage:        0 bytes
  6882 ;; Hardware stack levels used: 1
  6883 ;; Hardware stack levels required when called: 3
  6884 ;; This function calls:
  6885 ;;		Nothing
  6886 ;; This function is called by:
  6887 ;;		_CAN1_Initialize
  6888 ;; This function uses a non-reentrant model
  6889 ;;
  6890                           
  6891                           	psect	text21
  6892   0054F8                     __ptext21:
  6893                           	callstack 0
  6894   0054F8                     _CAN1_BitRateConfiguration:
  6895                           	callstack 121
  6896   0054F8                     
  6897                           ;mcc_generated_files/can1.c: 148:     C1NBTCFGL = 0x07;
  6898   0054F8  0E07               	movlw	7
  6899   0054FA  0101               	movlb	1	; () banked
  6900   0054FC  6F04               	movwf	4,b	;volatile
  6901                           
  6902                           ;mcc_generated_files/can1.c: 151:     C1NBTCFGH = 0x07;
  6903   0054FE  0E07               	movlw	7
  6904   005500  6F05               	movwf	5,b	;volatile
  6905                           
  6906                           ;mcc_generated_files/can1.c: 154:     C1NBTCFGU = 0x1E;
  6907   005502  0E1E               	movlw	30
  6908   005504  6F06               	movwf	6,b	;volatile
  6909                           
  6910                           ;mcc_generated_files/can1.c: 157:     C1NBTCFGT = 0x00;
  6911   005506  0E00               	movlw	0
  6912   005508  6F07               	movwf	7,b	;volatile
  6913   00550A                     
  6914                           ; BSR set to: 1
  6915   00550A  0012               	return		;funcret
  6916   00550C                     __end_of_CAN1_BitRateConfiguration:
  6917                           	callstack 0
  6918                           
  6919 ;; *************** function _ADC_Initialize *****************
  6920 ;; Defined at:
  6921 ;;		line 65 in file "mcc_generated_files/adc.c"
  6922 ;; Parameters:    Size  Location     Type
  6923 ;;		None
  6924 ;; Auto vars:     Size  Location     Type
  6925 ;;		None
  6926 ;; Return value:  Size  Location     Type
  6927 ;;                  1    wreg      void 
  6928 ;; Registers used:
  6929 ;;		wreg, status,2, status,0, cstack
  6930 ;; Tracked objects:
  6931 ;;		On entry : 0/0
  6932 ;;		On exit  : 0/0
  6933 ;;		Unchanged: 0/0
  6934 ;; Data sizes:     COMRAM   BANK5   BANK6   BANK7   BANK8   BANK9  BANK10  BANK11  BANK12  BANK13  BANK14  BANK15  BANK1
      +6  BANK17  BANK18  BANK19  BANK20  BANK21  BANK22  BANK23  BANK24  BANK25  BANK26  BANK27  BANK28  BANK29  BANK30  BANK3
      +1  BANK32  BANK33  BANK34  BANK35  BANK36  BANK37  BANK38  BANK39  BANK40  BANK41  BANK42  BANK43  BANK44  BANK45  BANK4
      +6  BANK47  BANK48  BANK49  BANK50  BANK51  BANK52  BANK53  BANK54
  6935 ;;      Params:         0       0       0       0       0       0       0       0       0       0       0       0       
      +0       0       0       0       0       0       0       0       0       0       0       0       0       0       0       
      +0       0       0       0       0       0       0       0       0       0       0       0       0       0       0       
      +0       0       0       0       0       0       0       0       0
  6936 ;;      Locals:         0       0       0       0       0       0       0       0       0       0       0       0       
      +0       0       0       0       0       0       0       0       0       0       0       0       0       0       0       
      +0       0       0       0       0       0       0       0       0       0       0       0       0       0       0       
      +0       0       0       0       0       0       0       0       0
  6937 ;;      Temps:          0       0       0       0       0       0       0       0       0       0       0       0       
      +0       0       0       0       0       0       0       0       0       0       0       0       0       0       0       
      +0       0       0       0       0       0       0       0       0       0       0       0       0       0       0       
      +0       0       0       0       0       0       0       0       0
  6938 ;;      Totals:         0       0       0       0       0       0       0       0       0       0       0       0       
      +0       0       0       0       0       0       0       0       0       0       0       0       0       0       0       
      +0       0       0       0       0       0       0       0       0       0       0       0       0       0       0       
      +0       0       0       0       0       0       0       0       0
  6939 ;;Total ram usage:        0 bytes
  6940 ;; Hardware stack levels used: 1
  6941 ;; Hardware stack levels required when called: 4
  6942 ;; This function calls:
  6943 ;;		_ADC_SetADIInterruptHandler
  6944 ;;		_ADC_SetActiveClockTuningInterruptHandler
  6945 ;;		_ADC_SetContext1ThresholdInterruptHandler
  6946 ;; This function is called by:
  6947 ;;		_SYSTEM_Initialize
  6948 ;; This function uses a non-reentrant model
  6949 ;;
  6950                           
  6951                           	psect	text22
  6952   004F00                     __ptext22:
  6953                           	callstack 0
  6954   004F00                     _ADC_Initialize:
  6955                           	callstack 121
  6956   004F00                     
  6957                           ;mcc_generated_files/adc.c: 68:     ADACT = 0x00;
  6958   004F00  0E00               	movlw	0
  6959   004F02  0103               	movlb	3	; () banked
  6960   004F04  6FF9               	movwf	249,b	;volatile
  6961                           
  6962                           ;mcc_generated_files/adc.c: 71:     ADCLK = 0x00;
  6963   004F06  0E00               	movlw	0
  6964   004F08  6FFA               	movwf	250,b	;volatile
  6965                           
  6966                           ;mcc_generated_files/adc.c: 74:     ADCP = 0x00;
  6967   004F0A  0E00               	movlw	0
  6968   004F0C  6FD8               	movwf	216,b	;volatile
  6969                           
  6970                           ;mcc_generated_files/adc.c: 80:     ADCTX = 0x0;
  6971   004F0E  0E00               	movlw	0
  6972   004F10  6FFB               	movwf	251,b	;volatile
  6973                           
  6974                           ;mcc_generated_files/adc.c: 83:     ADLTHL = 0x00;
  6975   004F12  0E00               	movlw	0
  6976   004F14  6FD9               	movwf	217,b	;volatile
  6977                           
  6978                           ;mcc_generated_files/adc.c: 86:     ADLTHH = 0x00;
  6979   004F16  0E00               	movlw	0
  6980   004F18  6FDA               	movwf	218,b	;volatile
  6981                           
  6982                           ;mcc_generated_files/adc.c: 89:     ADUTHL = 0x00;
  6983   004F1A  0E00               	movlw	0
  6984   004F1C  6FDB               	movwf	219,b	;volatile
  6985                           
  6986                           ;mcc_generated_files/adc.c: 92:     ADUTHH = 0x00;
  6987   004F1E  0E00               	movlw	0
  6988   004F20  6FDC               	movwf	220,b	;volatile
  6989                           
  6990                           ;mcc_generated_files/adc.c: 95:     ADSTPTL = 0x00;
  6991   004F22  0E00               	movlw	0
  6992   004F24  6FDF               	movwf	223,b	;volatile
  6993                           
  6994                           ;mcc_generated_files/adc.c: 98:     ADSTPTH = 0x00;
  6995   004F26  0E00               	movlw	0
  6996   004F28  6FE0               	movwf	224,b	;volatile
  6997                           
  6998                           ;mcc_generated_files/adc.c: 101:     ADACCL = 0x00;
  6999   004F2A  0E00               	movlw	0
  7000   004F2C  6FE3               	movwf	227,b	;volatile
  7001                           
  7002                           ;mcc_generated_files/adc.c: 104:     ADACCH = 0x00;
  7003   004F2E  0E00               	movlw	0
  7004   004F30  6FE4               	movwf	228,b	;volatile
  7005                           
  7006                           ;mcc_generated_files/adc.c: 107:     ADACCU = 0x00;
  7007   004F32  0E00               	movlw	0
  7008   004F34  6FE5               	movwf	229,b	;volatile
  7009                           
  7010                           ;mcc_generated_files/adc.c: 110:     ADCNT = 0x00;
  7011   004F36  0E00               	movlw	0
  7012   004F38  6FE6               	movwf	230,b	;volatile
  7013                           
  7014                           ;mcc_generated_files/adc.c: 113:     ADRPT = 0x00;
  7015   004F3A  0E00               	movlw	0
  7016   004F3C  6FE7               	movwf	231,b	;volatile
  7017                           
  7018                           ;mcc_generated_files/adc.c: 116:     ADRESL = 0x00;
  7019   004F3E  0E00               	movlw	0
  7020   004F40  6FEA               	movwf	234,b	;volatile
  7021                           
  7022                           ;mcc_generated_files/adc.c: 119:     ADRESH = 0x00;
  7023   004F42  0E00               	movlw	0
  7024   004F44  6FEB               	movwf	235,b	;volatile
  7025                           
  7026                           ;mcc_generated_files/adc.c: 122:     ADPCH = 0x02;
  7027   004F46  0E02               	movlw	2
  7028   004F48  6FEC               	movwf	236,b	;volatile
  7029                           
  7030                           ;mcc_generated_files/adc.c: 125:     ADACQL = 0x00;
  7031   004F4A  0E00               	movlw	0
  7032   004F4C  6FEE               	movwf	238,b	;volatile
  7033                           
  7034                           ;mcc_generated_files/adc.c: 128:     ADACQH = 0x00;
  7035   004F4E  0E00               	movlw	0
  7036   004F50  6FEF               	movwf	239,b	;volatile
  7037                           
  7038                           ;mcc_generated_files/adc.c: 131:     ADCAP = 0x00;
  7039   004F52  0E00               	movlw	0
  7040   004F54  6FF0               	movwf	240,b	;volatile
  7041                           
  7042                           ;mcc_generated_files/adc.c: 134:     ADPREL = 0x00;
  7043   004F56  0E00               	movlw	0
  7044   004F58  6FF1               	movwf	241,b	;volatile
  7045                           
  7046                           ;mcc_generated_files/adc.c: 137:     ADPREH = 0x00;
  7047   004F5A  0E00               	movlw	0
  7048   004F5C  6FF2               	movwf	242,b	;volatile
  7049                           
  7050                           ;mcc_generated_files/adc.c: 140:     ADCON0 = 0x00;
  7051   004F5E  0E00               	movlw	0
  7052   004F60  6FF3               	movwf	243,b	;volatile
  7053                           
  7054                           ;mcc_generated_files/adc.c: 143:     ADCON1 = 0x00;
  7055   004F62  0E00               	movlw	0
  7056   004F64  6FF4               	movwf	244,b	;volatile
  7057                           
  7058                           ;mcc_generated_files/adc.c: 146:     ADCON2 = 0x10;
  7059   004F66  0E10               	movlw	16
  7060   004F68  6FF5               	movwf	245,b	;volatile
  7061                           
  7062                           ;mcc_generated_files/adc.c: 149:     ADCON3 = 0x00;
  7063   004F6A  0E00               	movlw	0
  7064   004F6C  6FF6               	movwf	246,b	;volatile
  7065                           
  7066                           ;mcc_generated_files/adc.c: 152:     ADSTAT = 0x00;
  7067   004F6E  0E00               	movlw	0
  7068   004F70  6FF7               	movwf	247,b	;volatile
  7069                           
  7070                           ;mcc_generated_files/adc.c: 155:     ADREF = 0x00;
  7071   004F72  0E00               	movlw	0
  7072   004F74  6FF8               	movwf	248,b	;volatile
  7073                           
  7074                           ;mcc_generated_files/adc.c: 158:     ADCSEL1 = 0x00;
  7075   004F76  0E00               	movlw	0
  7076   004F78  6FFC               	movwf	252,b	;volatile
  7077   004F7A                     
  7078                           ; BSR set to: 3
  7079                           ;mcc_generated_files/adc.c: 161:     PIR1bits.ADIF = 0;
  7080   004F7A  94AF               	bcf	175,2,c	;volatile
  7081   004F7C                     
  7082                           ; BSR set to: 3
  7083                           ;mcc_generated_files/adc.c: 164:     PIR1bits.ACTIF = 0;
  7084   004F7C  96AF               	bcf	175,3,c	;volatile
  7085   004F7E                     
  7086                           ; BSR set to: 3
  7087                           ;mcc_generated_files/adc.c: 167:     PIR2bits.ADCH1IF = 0;
  7088   004F7E  90B0               	bcf	176,0,c	;volatile
  7089   004F80                     
  7090                           ; BSR set to: 3
  7091                           ;mcc_generated_files/adc.c: 171:     ADC_SetADIInterruptHandler(ADC_DefaultADI_ISR);
  7092   004F80  0E00               	movlw	0
  7093   004F82  6E28               	movwf	ADC_SetADIInterruptHandler@InterruptHandler^(0+1280),c
  7094   004F84  0E00               	movlw	0
  7095   004F86  6E29               	movwf	(ADC_SetADIInterruptHandler@InterruptHandler+1)^(0+1280),c
  7096   004F88  0E00               	movlw	0
  7097   004F8A  6E2A               	movwf	(ADC_SetADIInterruptHandler@InterruptHandler+2)^(0+1280),c
  7098   004F8C  ECC6  F02A         	call	_ADC_SetADIInterruptHandler	;wreg free
  7099   004F90                     
  7100                           ;mcc_generated_files/adc.c: 172:     ADC_SetContext1ThresholdInterruptHandler(ADC_Defaul
      +                          tContext1Threshold_ISR);
  7101   004F90  0E00               	movlw	0
  7102   004F92  6E28               	movwf	ADC_SetContext1ThresholdInterruptHandler@InterruptHandler^(0+1280),c
  7103   004F94  0E00               	movlw	0
  7104   004F96  6E29               	movwf	(ADC_SetContext1ThresholdInterruptHandler@InterruptHandler+1)^(0+1280),c
  7105   004F98  0E00               	movlw	0
  7106   004F9A  6E2A               	movwf	(ADC_SetContext1ThresholdInterruptHandler@InterruptHandler+2)^(0+1280),c
  7107   004F9C  ECB8  F02A         	call	_ADC_SetContext1ThresholdInterruptHandler	;wreg free
  7108   004FA0                     
  7109                           ;mcc_generated_files/adc.c: 173:     ADC_SetActiveClockTuningInterruptHandler(ADC_Defaul
      +                          tActiveClockTuning_ISR);
  7110   004FA0  0E00               	movlw	0
  7111   004FA2  6E28               	movwf	ADC_SetActiveClockTuningInterruptHandler@InterruptHandler^(0+1280),c
  7112   004FA4  0E00               	movlw	0
  7113   004FA6  6E29               	movwf	(ADC_SetActiveClockTuningInterruptHandler@InterruptHandler+1)^(0+1280),c
  7114   004FA8  0E00               	movlw	0
  7115   004FAA  6E2A               	movwf	(ADC_SetActiveClockTuningInterruptHandler@InterruptHandler+2)^(0+1280),c
  7116   004FAC  ECBF  F02A         	call	_ADC_SetActiveClockTuningInterruptHandler	;wreg free
  7117   004FB0                     
  7118                           ;mcc_generated_files/adc.c: 176:     ADCON0 = 0x84;
  7119   004FB0  0E84               	movlw	132
  7120   004FB2  0103               	movlb	3	; () banked
  7121   004FB4  6FF3               	movwf	243,b	;volatile
  7122   004FB6                     
  7123                           ; BSR set to: 3
  7124   004FB6  0012               	return		;funcret
  7125   004FB8                     __end_of_ADC_Initialize:
  7126                           	callstack 0
  7127                           
  7128 ;; *************** function _ADC_SetContext1ThresholdInterruptHandler *****************
  7129 ;; Defined at:
  7130 ;;		line 423 in file "mcc_generated_files/adc.c"
  7131 ;; Parameters:    Size  Location     Type
  7132 ;;  InterruptHan    3    2[COMRAM] PTR FTN()void 
  7133 ;;		 -> ADC_DefaultContext1Threshold_ISR(1), 
  7134 ;; Auto vars:     Size  Location     Type
  7135 ;;		None
  7136 ;; Return value:  Size  Location     Type
  7137 ;;                  1    wreg      void 
  7138 ;; Registers used:
  7139 ;;		wreg, status,2, status,0
  7140 ;; Tracked objects:
  7141 ;;		On entry : 0/0
  7142 ;;		On exit  : 0/0
  7143 ;;		Unchanged: 0/0
  7144 ;; Data sizes:     COMRAM   BANK5   BANK6   BANK7   BANK8   BANK9  BANK10  BANK11  BANK12  BANK13  BANK14  BANK15  BANK1
      +6  BANK17  BANK18  BANK19  BANK20  BANK21  BANK22  BANK23  BANK24  BANK25  BANK26  BANK27  BANK28  BANK29  BANK30  BANK3
      +1  BANK32  BANK33  BANK34  BANK35  BANK36  BANK37  BANK38  BANK39  BANK40  BANK41  BANK42  BANK43  BANK44  BANK45  BANK4
      +6  BANK47  BANK48  BANK49  BANK50  BANK51  BANK52  BANK53  BANK54
  7145 ;;      Params:         3       0       0       0       0       0       0       0       0       0       0       0       
      +0       0       0       0       0       0       0       0       0       0       0       0       0       0       0       
      +0       0       0       0       0       0       0       0       0       0       0       0       0       0       0       
      +0       0       0       0       0       0       0       0       0
  7146 ;;      Locals:         0       0       0       0       0       0       0       0       0       0       0       0       
      +0       0       0       0       0       0       0       0       0       0       0       0       0       0       0       
      +0       0       0       0       0       0       0       0       0       0       0       0       0       0       0       
      +0       0       0       0       0       0       0       0       0
  7147 ;;      Temps:          0       0       0       0       0       0       0       0       0       0       0       0       
      +0       0       0       0       0       0       0       0       0       0       0       0       0       0       0       
      +0       0       0       0       0       0       0       0       0       0       0       0       0       0       0       
      +0       0       0       0       0       0       0       0       0
  7148 ;;      Totals:         3       0       0       0       0       0       0       0       0       0       0       0       
      +0       0       0       0       0       0       0       0       0       0       0       0       0       0       0       
      +0       0       0       0       0       0       0       0       0       0       0       0       0       0       0       
      +0       0       0       0       0       0       0       0       0
  7149 ;;Total ram usage:        3 bytes
  7150 ;; Hardware stack levels used: 1
  7151 ;; Hardware stack levels required when called: 3
  7152 ;; This function calls:
  7153 ;;		Nothing
  7154 ;; This function is called by:
  7155 ;;		_ADC_Initialize
  7156 ;; This function uses a non-reentrant model
  7157 ;;
  7158                           
  7159                           	psect	text23
  7160   005570                     __ptext23:
  7161                           	callstack 0
  7162   005570                     _ADC_SetContext1ThresholdInterruptHandler:
  7163                           	callstack 121
  7164   005570                     
  7165                           ;mcc_generated_files/adc.c: 423: void ADC_SetContext1ThresholdInterruptHandler(void (* I
      +                          nterruptHandler)(void));mcc_generated_files/adc.c: 424: {;mcc_generated_files/adc.c: 425
      +                          :     ADC_Context1Thereshld_ISR = InterruptHandler;
  7166   005570  C528  F549         	movff	ADC_SetContext1ThresholdInterruptHandler@InterruptHandler,_ADC_Context1Thereshld_
      +                          ISR
  7167   005574  C529  F54A         	movff	ADC_SetContext1ThresholdInterruptHandler@InterruptHandler+1,_ADC_Context1Thereshl
      +                          d_ISR+1
  7168   005578  C52A  F54B         	movff	ADC_SetContext1ThresholdInterruptHandler@InterruptHandler+2,_ADC_Context1Thereshl
      +                          d_ISR+2
  7169   00557C  0012               	return		;funcret
  7170   00557E                     __end_of_ADC_SetContext1ThresholdInterruptHandler:
  7171                           	callstack 0
  7172                           
  7173 ;; *************** function _ADC_SetActiveClockTuningInterruptHandler *****************
  7174 ;; Defined at:
  7175 ;;		line 428 in file "mcc_generated_files/adc.c"
  7176 ;; Parameters:    Size  Location     Type
  7177 ;;  InterruptHan    3    2[COMRAM] PTR FTN()void 
  7178 ;;		 -> ADC_DefaultActiveClockTuning_ISR(1), 
  7179 ;; Auto vars:     Size  Location     Type
  7180 ;;		None
  7181 ;; Return value:  Size  Location     Type
  7182 ;;                  1    wreg      void 
  7183 ;; Registers used:
  7184 ;;		wreg, status,2, status,0
  7185 ;; Tracked objects:
  7186 ;;		On entry : 0/0
  7187 ;;		On exit  : 0/0
  7188 ;;		Unchanged: 0/0
  7189 ;; Data sizes:     COMRAM   BANK5   BANK6   BANK7   BANK8   BANK9  BANK10  BANK11  BANK12  BANK13  BANK14  BANK15  BANK1
      +6  BANK17  BANK18  BANK19  BANK20  BANK21  BANK22  BANK23  BANK24  BANK25  BANK26  BANK27  BANK28  BANK29  BANK30  BANK3
      +1  BANK32  BANK33  BANK34  BANK35  BANK36  BANK37  BANK38  BANK39  BANK40  BANK41  BANK42  BANK43  BANK44  BANK45  BANK4
      +6  BANK47  BANK48  BANK49  BANK50  BANK51  BANK52  BANK53  BANK54
  7190 ;;      Params:         3       0       0       0       0       0       0       0       0       0       0       0       
      +0       0       0       0       0       0       0       0       0       0       0       0       0       0       0       
      +0       0       0       0       0       0       0       0       0       0       0       0       0       0       0       
      +0       0       0       0       0       0       0       0       0
  7191 ;;      Locals:         0       0       0       0       0       0       0       0       0       0       0       0       
      +0       0       0       0       0       0       0       0       0       0       0       0       0       0       0       
      +0       0       0       0       0       0       0       0       0       0       0       0       0       0       0       
      +0       0       0       0       0       0       0       0       0
  7192 ;;      Temps:          0       0       0       0       0       0       0       0       0       0       0       0       
      +0       0       0       0       0       0       0       0       0       0       0       0       0       0       0       
      +0       0       0       0       0       0       0       0       0       0       0       0       0       0       0       
      +0       0       0       0       0       0       0       0       0
  7193 ;;      Totals:         3       0       0       0       0       0       0       0       0       0       0       0       
      +0       0       0       0       0       0       0       0       0       0       0       0       0       0       0       
      +0       0       0       0       0       0       0       0       0       0       0       0       0       0       0       
      +0       0       0       0       0       0       0       0       0
  7194 ;;Total ram usage:        3 bytes
  7195 ;; Hardware stack levels used: 1
  7196 ;; Hardware stack levels required when called: 3
  7197 ;; This function calls:
  7198 ;;		Nothing
  7199 ;; This function is called by:
  7200 ;;		_ADC_Initialize
  7201 ;; This function uses a non-reentrant model
  7202 ;;
  7203                           
  7204                           	psect	text24
  7205   00557E                     __ptext24:
  7206                           	callstack 0
  7207   00557E                     _ADC_SetActiveClockTuningInterruptHandler:
  7208                           	callstack 121
  7209   00557E                     
  7210                           ;mcc_generated_files/adc.c: 428: void ADC_SetActiveClockTuningInterruptHandler(void (* I
      +                          nterruptHandler)(void));mcc_generated_files/adc.c: 429: {;mcc_generated_files/adc.c: 430
      +                          :     ADC_ActiveClockTuning_ISR = InterruptHandler;
  7211   00557E  C528  F546         	movff	ADC_SetActiveClockTuningInterruptHandler@InterruptHandler,_ADC_ActiveClockTuning_
      +                          ISR
  7212   005582  C529  F547         	movff	ADC_SetActiveClockTuningInterruptHandler@InterruptHandler+1,_ADC_ActiveClockTunin
      +                          g_ISR+1
  7213   005586  C52A  F548         	movff	ADC_SetActiveClockTuningInterruptHandler@InterruptHandler+2,_ADC_ActiveClockTunin
      +                          g_ISR+2
  7214   00558A  0012               	return		;funcret
  7215   00558C                     __end_of_ADC_SetActiveClockTuningInterruptHandler:
  7216                           	callstack 0
  7217                           
  7218 ;; *************** function _ADC_SetADIInterruptHandler *****************
  7219 ;; Defined at:
  7220 ;;		line 418 in file "mcc_generated_files/adc.c"
  7221 ;; Parameters:    Size  Location     Type
  7222 ;;  InterruptHan    3    2[COMRAM] PTR FTN()void 
  7223 ;;		 -> ADC_DefaultADI_ISR(1), 
  7224 ;; Auto vars:     Size  Location     Type
  7225 ;;		None
  7226 ;; Return value:  Size  Location     Type
  7227 ;;                  1    wreg      void 
  7228 ;; Registers used:
  7229 ;;		wreg, status,2, status,0
  7230 ;; Tracked objects:
  7231 ;;		On entry : 0/0
  7232 ;;		On exit  : 0/0
  7233 ;;		Unchanged: 0/0
  7234 ;; Data sizes:     COMRAM   BANK5   BANK6   BANK7   BANK8   BANK9  BANK10  BANK11  BANK12  BANK13  BANK14  BANK15  BANK1
      +6  BANK17  BANK18  BANK19  BANK20  BANK21  BANK22  BANK23  BANK24  BANK25  BANK26  BANK27  BANK28  BANK29  BANK30  BANK3
      +1  BANK32  BANK33  BANK34  BANK35  BANK36  BANK37  BANK38  BANK39  BANK40  BANK41  BANK42  BANK43  BANK44  BANK45  BANK4
      +6  BANK47  BANK48  BANK49  BANK50  BANK51  BANK52  BANK53  BANK54
  7235 ;;      Params:         3       0       0       0       0       0       0       0       0       0       0       0       
      +0       0       0       0       0       0       0       0       0       0       0       0       0       0       0       
      +0       0       0       0       0       0       0       0       0       0       0       0       0       0       0       
      +0       0       0       0       0       0       0       0       0
  7236 ;;      Locals:         0       0       0       0       0       0       0       0       0       0       0       0       
      +0       0       0       0       0       0       0       0       0       0       0       0       0       0       0       
      +0       0       0       0       0       0       0       0       0       0       0       0       0       0       0       
      +0       0       0       0       0       0       0       0       0
  7237 ;;      Temps:          0       0       0       0       0       0       0       0       0       0       0       0       
      +0       0       0       0       0       0       0       0       0       0       0       0       0       0       0       
      +0       0       0       0       0       0       0       0       0       0       0       0       0       0       0       
      +0       0       0       0       0       0       0       0       0
  7238 ;;      Totals:         3       0       0       0       0       0       0       0       0       0       0       0       
      +0       0       0       0       0       0       0       0       0       0       0       0       0       0       0       
      +0       0       0       0       0       0       0       0       0       0       0       0       0       0       0       
      +0       0       0       0       0       0       0       0       0
  7239 ;;Total ram usage:        3 bytes
  7240 ;; Hardware stack levels used: 1
  7241 ;; Hardware stack levels required when called: 3
  7242 ;; This function calls:
  7243 ;;		Nothing
  7244 ;; This function is called by:
  7245 ;;		_ADC_Initialize
  7246 ;; This function uses a non-reentrant model
  7247 ;;
  7248                           
  7249                           	psect	text25
  7250   00558C                     __ptext25:
  7251                           	callstack 0
  7252   00558C                     _ADC_SetADIInterruptHandler:
  7253                           	callstack 121
  7254   00558C                     
  7255                           ;mcc_generated_files/adc.c: 418: void ADC_SetADIInterruptHandler(void (* InterruptHandle
      +                          r)(void));mcc_generated_files/adc.c: 419: {;mcc_generated_files/adc.c: 420:     ADC_Conv
      +                          ersionComplete_ISR = InterruptHandler;
  7256   00558C  C528  F54C         	movff	ADC_SetADIInterruptHandler@InterruptHandler,_ADC_ConversionComplete_ISR
  7257   005590  C529  F54D         	movff	ADC_SetADIInterruptHandler@InterruptHandler+1,_ADC_ConversionComplete_ISR+1
  7258   005594  C52A  F54E         	movff	ADC_SetADIInterruptHandler@InterruptHandler+2,_ADC_ConversionComplete_ISR+2
  7259   005598  0012               	return		;funcret
  7260   00559A                     __end_of_ADC_SetADIInterruptHandler:
  7261                           	callstack 0
  7262                           
  7263 ;; *************** function _CAN1_TransmitFIFOStatusGet *****************
  7264 ;; Defined at:
  7265 ;;		line 349 in file "mcc_generated_files/can1.c"
  7266 ;; Parameters:    Size  Location     Type
  7267 ;;  fifoChannel     1    wreg     const enum E23155
  7268 ;; Auto vars:     Size  Location     Type
  7269 ;;  fifoChannel     1    5[COMRAM] const enum E23155
  7270 ;;  status          1    4[COMRAM] enum E23133
  7271 ;; Return value:  Size  Location     Type
  7272 ;;                  1    wreg      enum E23133
  7273 ;; Registers used:
  7274 ;;		wreg, fsr2l, fsr2h, status,2, status,0, prodl, prodh, cstack
  7275 ;; Tracked objects:
  7276 ;;		On entry : 0/0
  7277 ;;		On exit  : 0/0
  7278 ;;		Unchanged: 0/0
  7279 ;; Data sizes:     COMRAM   BANK5   BANK6   BANK7   BANK8   BANK9  BANK10  BANK11  BANK12  BANK13  BANK14  BANK15  BANK1
      +6  BANK17  BANK18  BANK19  BANK20  BANK21  BANK22  BANK23  BANK24  BANK25  BANK26  BANK27  BANK28  BANK29  BANK30  BANK3
      +1  BANK32  BANK33  BANK34  BANK35  BANK36  BANK37  BANK38  BANK39  BANK40  BANK41  BANK42  BANK43  BANK44  BANK45  BANK4
      +6  BANK47  BANK48  BANK49  BANK50  BANK51  BANK52  BANK53  BANK54
  7280 ;;      Params:         0       0       0       0       0       0       0       0       0       0       0       0       
      +0       0       0       0       0       0       0       0       0       0       0       0       0       0       0       
      +0       0       0       0       0       0       0       0       0       0       0       0       0       0       0       
      +0       0       0       0       0       0       0       0       0
  7281 ;;      Locals:         2       0       0       0       0       0       0       0       0       0       0       0       
      +0       0       0       0       0       0       0       0       0       0       0       0       0       0       0       
      +0       0       0       0       0       0       0       0       0       0       0       0       0       0       0       
      +0       0       0       0       0       0       0       0       0
  7282 ;;      Temps:          0       0       0       0       0       0       0       0       0       0       0       0       
      +0       0       0       0       0       0       0       0       0       0       0       0       0       0       0       
      +0       0       0       0       0       0       0       0       0       0       0       0       0       0       0       
      +0       0       0       0       0       0       0       0       0
  7283 ;;      Totals:         2       0       0       0       0       0       0       0       0       0       0       0       
      +0       0       0       0       0       0       0       0       0       0       0       0       0       0       0       
      +0       0       0       0       0       0       0       0       0       0       0       0       0       0       0       
      +0       0       0       0       0       0       0       0       0
  7284 ;;Total ram usage:        2 bytes
  7285 ;; Hardware stack levels used: 1
  7286 ;; Hardware stack levels required when called: 4
  7287 ;; This function calls:
  7288 ;;		_GetTxFifoStatus
  7289 ;;		_isTxChannel
  7290 ;; This function is called by:
  7291 ;;		_main
  7292 ;; This function uses a non-reentrant model
  7293 ;;
  7294                           
  7295                           	psect	text26
  7296   005414                     __ptext26:
  7297                           	callstack 0
  7298   005414                     _CAN1_TransmitFIFOStatusGet:
  7299                           	callstack 122
  7300                           
  7301                           ;incstack = 0
  7302                           ;CAN1_TransmitFIFOStatusGet@fifoChannel stored from wreg
  7303   005414  6E2B               	movwf	CAN1_TransmitFIFOStatusGet@fifoChannel^(0+1280),c
  7304   005416                     
  7305                           ;mcc_generated_files/can1.c: 349: CAN_TX_FIFO_STATUS CAN1_TransmitFIFOStatusGet(const CA
      +                          N1_TX_FIFO_CHANNELS fifoChannel);mcc_generated_files/can1.c: 350: {;mcc_generated_files/
      +                          can1.c: 351:     CAN_TX_FIFO_STATUS status = CAN_TX_FIFO_FULL;
  7306   005416  0E00               	movlw	0
  7307   005418  6E2A               	movwf	CAN1_TransmitFIFOStatusGet@status^(0+1280),c
  7308   00541A                     
  7309                           ;mcc_generated_files/can1.c: 353:     if (isTxChannel(fifoChannel))
  7310   00541A  502B               	movf	CAN1_TransmitFIFOStatusGet@fifoChannel^(0+1280),w,c
  7311   00541C  ECBE  F029         	call	_isTxChannel
  7312   005420  0900               	iorlw	0
  7313   005422  B4D8               	btfsc	status,2,c
  7314   005424  EF16  F02A         	goto	u1561
  7315   005428  EF18  F02A         	goto	u1560
  7316   00542C                     u1561:
  7317   00542C  EF1C  F02A         	goto	l2883
  7318   005430                     u1560:
  7319   005430                     
  7320                           ;mcc_generated_files/can1.c: 354:     {;mcc_generated_files/can1.c: 355:         status 
      +                          = GetTxFifoStatus(fifoChannel);
  7321   005430  502B               	movf	CAN1_TransmitFIFOStatusGet@fifoChannel^(0+1280),w,c
  7322   005432  EC5A  F02A         	call	_GetTxFifoStatus
  7323   005436  6E2A               	movwf	CAN1_TransmitFIFOStatusGet@status^(0+1280),c
  7324   005438                     l2883:
  7325                           
  7326                           ;mcc_generated_files/can1.c: 358:     return status;
  7327   005438  502A               	movf	CAN1_TransmitFIFOStatusGet@status^(0+1280),w,c
  7328   00543A  0012               	return		;funcret
  7329   00543C                     __end_of_CAN1_TransmitFIFOStatusGet:
  7330                           	callstack 0
  7331                           
  7332 ;; *************** function _CAN1_Transmit *****************
  7333 ;; Defined at:
  7334 ;;		line 327 in file "mcc_generated_files/can1.c"
  7335 ;; Parameters:    Size  Location     Type
  7336 ;;  fifoChannel     1    wreg     const enum E23155
  7337 ;;  txCanMsg        2   24[COMRAM] PTR struct .
  7338 ;;		 -> main@msg(7), 
  7339 ;; Auto vars:     Size  Location     Type
  7340 ;;  fifoChannel     1   29[COMRAM] const enum E23155
  7341 ;;  txFifoObj       2   27[COMRAM] PTR unsigned char 
  7342 ;;		 -> RAM(14079), 
  7343 ;;  status          1   26[COMRAM] enum E23112
  7344 ;; Return value:  Size  Location     Type
  7345 ;;                  1    wreg      enum E23112
  7346 ;; Registers used:
  7347 ;;		wreg, fsr1l, fsr1h, fsr2l, fsr2h, status,2, status,0, tblptrl, tblptrh, tblptru, prodl, prodh, cstack
  7348 ;; Tracked objects:
  7349 ;;		On entry : 0/0
  7350 ;;		On exit  : 0/0
  7351 ;;		Unchanged: 0/0
  7352 ;; Data sizes:     COMRAM   BANK5   BANK6   BANK7   BANK8   BANK9  BANK10  BANK11  BANK12  BANK13  BANK14  BANK15  BANK1
      +6  BANK17  BANK18  BANK19  BANK20  BANK21  BANK22  BANK23  BANK24  BANK25  BANK26  BANK27  BANK28  BANK29  BANK30  BANK3
      +1  BANK32  BANK33  BANK34  BANK35  BANK36  BANK37  BANK38  BANK39  BANK40  BANK41  BANK42  BANK43  BANK44  BANK45  BANK4
      +6  BANK47  BANK48  BANK49  BANK50  BANK51  BANK52  BANK53  BANK54
  7353 ;;      Params:         2       0       0       0       0       0       0       0       0       0       0       0       
      +0       0       0       0       0       0       0       0       0       0       0       0       0       0       0       
      +0       0       0       0       0       0       0       0       0       0       0       0       0       0       0       
      +0       0       0       0       0       0       0       0       0
  7354 ;;      Locals:         4       0       0       0       0       0       0       0       0       0       0       0       
      +0       0       0       0       0       0       0       0       0       0       0       0       0       0       0       
      +0       0       0       0       0       0       0       0       0       0       0       0       0       0       0       
      +0       0       0       0       0       0       0       0       0
  7355 ;;      Temps:          0       0       0       0       0       0       0       0       0       0       0       0       
      +0       0       0       0       0       0       0       0       0       0       0       0       0       0       0       
      +0       0       0       0       0       0       0       0       0       0       0       0       0       0       0       
      +0       0       0       0       0       0       0       0       0
  7356 ;;      Totals:         6       0       0       0       0       0       0       0       0       0       0       0       
      +0       0       0       0       0       0       0       0       0       0       0       0       0       0       0       
      +0       0       0       0       0       0       0       0       0       0       0       0       0       0       0       
      +0       0       0       0       0       0       0       0       0
  7357 ;;Total ram usage:        6 bytes
  7358 ;; Hardware stack levels used: 1
  7359 ;; Hardware stack levels required when called: 5
  7360 ;; This function calls:
  7361 ;;		_ValidateTransmission
  7362 ;;		_WriteMessageToFifo
  7363 ;;		_isTxChannel
  7364 ;; This function is called by:
  7365 ;;		_main
  7366 ;; This function uses a non-reentrant model
  7367 ;;
  7368                           
  7369                           	psect	text27
  7370   005050                     __ptext27:
  7371                           	callstack 0
  7372   005050                     _CAN1_Transmit:
  7373                           	callstack 121
  7374                           
  7375                           ;incstack = 0
  7376                           ;CAN1_Transmit@fifoChannel stored from wreg
  7377   005050  6E43               	movwf	CAN1_Transmit@fifoChannel^(0+1280),c
  7378   005052                     
  7379                           ;mcc_generated_files/can1.c: 331:     if (isTxChannel(fifoChannel))
  7380   005052  5043               	movf	CAN1_Transmit@fifoChannel^(0+1280),w,c
  7381   005054  ECBE  F029         	call	_isTxChannel
  7382   005058  0900               	iorlw	0
  7383   00505A  B4D8               	btfsc	status,2,c
  7384   00505C  EF32  F028         	goto	u1531
  7385   005060  EF34  F028         	goto	u1530
  7386   005064                     u1531:
  7387   005064  EF6F  F028         	goto	l311
  7388   005068                     u1530:
  7389   005068                     
  7390                           ;mcc_generated_files/can1.c: 332:     {;mcc_generated_files/can1.c: 333:         status 
      +                          = ValidateTransmission(fifoChannel, txCanMsg);
  7391   005068  C53E  F529         	movff	CAN1_Transmit@txCanMsg,ValidateTransmission@txCanMsg
  7392   00506C  C53F  F52A         	movff	CAN1_Transmit@txCanMsg+1,ValidateTransmission@txCanMsg+1
  7393   005070  5043               	movf	CAN1_Transmit@fifoChannel^(0+1280),w,c
  7394   005072  EC15  F027         	call	_ValidateTransmission
  7395   005076  6E40               	movwf	CAN1_Transmit@status^(0+1280),c
  7396   005078                     
  7397                           ;mcc_generated_files/can1.c: 334:         if (CAN_TX_MSG_REQUEST_SUCCESS == status)
  7398   005078  5040               	movf	CAN1_Transmit@status^(0+1280),w,c
  7399   00507A  A4D8               	btfss	status,2,c
  7400   00507C  EF42  F028         	goto	u1541
  7401   005080  EF44  F028         	goto	u1540
  7402   005084                     u1541:
  7403   005084  EF6F  F028         	goto	l311
  7404   005088                     u1540:
  7405   005088                     
  7406                           ;mcc_generated_files/can1.c: 335:         {;mcc_generated_files/can1.c: 336:            
      +                           uint8_t *txFifoObj = (uint8_t *) FIFO[fifoChannel].UA;
  7407   005088  5043               	movf	CAN1_Transmit@fifoChannel^(0+1280),w,c
  7408   00508A  0D0C               	mullw	12
  7409   00508C  0E58               	movlw	88
  7410   00508E  24F3               	addwf	243,w,c
  7411   005090  6ED9               	movwf	fsr2l,c
  7412   005092  0E01               	movlw	1
  7413   005094  20F4               	addwfc	prodh,w,c
  7414   005096  6EDA               	movwf	fsr2h,c
  7415   005098  C4DE F541          	movff	postinc2,CAN1_Transmit@txFifoObj
  7416   00509C  C4DD F542          	movff	postdec2,CAN1_Transmit@txFifoObj+1
  7417   0050A0                     
  7418                           ;mcc_generated_files/can1.c: 338:             if (txFifoObj != ((void*)0))
  7419   0050A0  5041               	movf	CAN1_Transmit@txFifoObj^(0+1280),w,c
  7420   0050A2  1042               	iorwf	(CAN1_Transmit@txFifoObj+1)^(0+1280),w,c
  7421   0050A4  B4D8               	btfsc	status,2,c
  7422   0050A6  EF57  F028         	goto	u1551
  7423   0050AA  EF59  F028         	goto	u1550
  7424   0050AE                     u1551:
  7425   0050AE  EF6F  F028         	goto	l308
  7426   0050B2                     u1550:
  7427   0050B2                     
  7428                           ;mcc_generated_files/can1.c: 339:             {;mcc_generated_files/can1.c: 340:        
      +                                   WriteMessageToFifo(txFifoObj, txCanMsg);
  7429   0050B2  C541  F533         	movff	CAN1_Transmit@txFifoObj,WriteMessageToFifo@txFifoObj
  7430   0050B6  C542  F534         	movff	CAN1_Transmit@txFifoObj+1,WriteMessageToFifo@txFifoObj+1
  7431   0050BA  C53E  F535         	movff	CAN1_Transmit@txCanMsg,WriteMessageToFifo@txCanMsg
  7432   0050BE  C53F  F536         	movff	CAN1_Transmit@txCanMsg+1,WriteMessageToFifo@txCanMsg+1
  7433   0050C2  EC89  F023         	call	_WriteMessageToFifo	;wreg free
  7434   0050C6                     
  7435                           ;mcc_generated_files/can1.c: 341:                 FIFO[fifoChannel].CONH |= (0x2 | 0x1);
  7436   0050C6  5043               	movf	CAN1_Transmit@fifoChannel^(0+1280),w,c
  7437   0050C8  0D0C               	mullw	12
  7438   0050CA  0E51               	movlw	81
  7439   0050CC  24F3               	addwf	243,w,c
  7440   0050CE  6ED9               	movwf	fsr2l,c
  7441   0050D0  0E01               	movlw	1
  7442   0050D2  20F4               	addwfc	prodh,w,c
  7443   0050D4  6EDA               	movwf	fsr2h,c
  7444   0050D6  0E03               	movlw	3
  7445   0050D8  12DF               	iorwf	indf2,f,c
  7446   0050DA  EF6F  F028         	goto	l311
  7447   0050DE                     l308:
  7448   0050DE                     l311:
  7449   0050DE  0012               	return		;funcret
  7450   0050E0                     __end_of_CAN1_Transmit:
  7451                           	callstack 0
  7452                           
  7453 ;; *************** function _isTxChannel *****************
  7454 ;; Defined at:
  7455 ;;		line 247 in file "mcc_generated_files/can1.c"
  7456 ;; Parameters:    Size  Location     Type
  7457 ;;  channel         1    wreg     unsigned char 
  7458 ;; Auto vars:     Size  Location     Type
  7459 ;;  channel         1    3[COMRAM] unsigned char 
  7460 ;; Return value:  Size  Location     Type
  7461 ;;                  1    wreg      _Bool 
  7462 ;; Registers used:
  7463 ;;		wreg, fsr2l, fsr2h, status,2, status,0, prodl, prodh
  7464 ;; Tracked objects:
  7465 ;;		On entry : 0/0
  7466 ;;		On exit  : 0/0
  7467 ;;		Unchanged: 0/0
  7468 ;; Data sizes:     COMRAM   BANK5   BANK6   BANK7   BANK8   BANK9  BANK10  BANK11  BANK12  BANK13  BANK14  BANK15  BANK1
      +6  BANK17  BANK18  BANK19  BANK20  BANK21  BANK22  BANK23  BANK24  BANK25  BANK26  BANK27  BANK28  BANK29  BANK30  BANK3
      +1  BANK32  BANK33  BANK34  BANK35  BANK36  BANK37  BANK38  BANK39  BANK40  BANK41  BANK42  BANK43  BANK44  BANK45  BANK4
      +6  BANK47  BANK48  BANK49  BANK50  BANK51  BANK52  BANK53  BANK54
  7469 ;;      Params:         0       0       0       0       0       0       0       0       0       0       0       0       
      +0       0       0       0       0       0       0       0       0       0       0       0       0       0       0       
      +0       0       0       0       0       0       0       0       0       0       0       0       0       0       0       
      +0       0       0       0       0       0       0       0       0
  7470 ;;      Locals:         2       0       0       0       0       0       0       0       0       0       0       0       
      +0       0       0       0       0       0       0       0       0       0       0       0       0       0       0       
      +0       0       0       0       0       0       0       0       0       0       0       0       0       0       0       
      +0       0       0       0       0       0       0       0       0
  7471 ;;      Temps:          0       0       0       0       0       0       0       0       0       0       0       0       
      +0       0       0       0       0       0       0       0       0       0       0       0       0       0       0       
      +0       0       0       0       0       0       0       0       0       0       0       0       0       0       0       
      +0       0       0       0       0       0       0       0       0
  7472 ;;      Totals:         2       0       0       0       0       0       0       0       0       0       0       0       
      +0       0       0       0       0       0       0       0       0       0       0       0       0       0       0       
      +0       0       0       0       0       0       0       0       0       0       0       0       0       0       0       
      +0       0       0       0       0       0       0       0       0
  7473 ;;Total ram usage:        2 bytes
  7474 ;; Hardware stack levels used: 1
  7475 ;; Hardware stack levels required when called: 3
  7476 ;; This function calls:
  7477 ;;		Nothing
  7478 ;; This function is called by:
  7479 ;;		_CAN1_Transmit
  7480 ;;		_CAN1_TransmitFIFOStatusGet
  7481 ;; This function uses a non-reentrant model
  7482 ;;
  7483                           
  7484                           	psect	text28
  7485   00537C                     __ptext28:
  7486                           	callstack 0
  7487   00537C                     _isTxChannel:
  7488                           	callstack 122
  7489                           
  7490                           ;incstack = 0
  7491                           ;isTxChannel@channel stored from wreg
  7492   00537C  6E29               	movwf	isTxChannel@channel^(0+1280),c
  7493   00537E                     
  7494                           ;mcc_generated_files/can1.c: 247: static _Bool isTxChannel(uint8_t channel);mcc_generate
      +                          d_files/can1.c: 248: {;mcc_generated_files/can1.c: 249:     return channel < 4u && (FIFO
      +                          [channel].CONL & 0x80);
  7495   00537E  0E00               	movlw	0
  7496   005380  6E28               	movwf	_isTxChannel$599^(0+1280),c
  7497   005382  0E04               	movlw	4
  7498   005384  6029               	cpfslt	isTxChannel@channel^(0+1280),c
  7499   005386  EFC7  F029         	goto	u1331
  7500   00538A  EFC9  F029         	goto	u1330
  7501   00538E                     u1331:
  7502   00538E  EFDB  F029         	goto	l286
  7503   005392                     u1330:
  7504   005392  5029               	movf	isTxChannel@channel^(0+1280),w,c
  7505   005394  0D0C               	mullw	12
  7506   005396  0E50               	movlw	80
  7507   005398  24F3               	addwf	243,w,c
  7508   00539A  6ED9               	movwf	fsr2l,c
  7509   00539C  0E01               	movlw	1
  7510   00539E  20F4               	addwfc	prodh,w,c
  7511   0053A0  6EDA               	movwf	fsr2h,c
  7512   0053A2  0101               	movlb	1	; () banked
  7513   0053A4  AEDF               	btfss	indf2,7,c
  7514   0053A6  EFD7  F029         	goto	u1341
  7515   0053AA  EFD9  F029         	goto	u1340
  7516   0053AE                     u1341:
  7517   0053AE  EFDB  F029         	goto	l286
  7518   0053B2                     u1340:
  7519   0053B2                     
  7520                           ; BSR set to: 1
  7521   0053B2  0E01               	movlw	1
  7522   0053B4  6E28               	movwf	_isTxChannel$599^(0+1280),c
  7523   0053B6                     l286:
  7524   0053B6  5028               	movf	_isTxChannel$599^(0+1280),w,c
  7525   0053B8  0012               	return		;funcret
  7526   0053BA                     __end_of_isTxChannel:
  7527                           	callstack 0
  7528                           
  7529 ;; *************** function _WriteMessageToFifo *****************
  7530 ;; Defined at:
  7531 ;;		line 257 in file "mcc_generated_files/can1.c"
  7532 ;; Parameters:    Size  Location     Type
  7533 ;;  txFifoObj       2   13[COMRAM] PTR unsigned char 
  7534 ;;		 -> RAM(14079), 
  7535 ;;  txCanMsg        2   15[COMRAM] PTR struct .
  7536 ;;		 -> main@msg(7), 
  7537 ;; Auto vars:     Size  Location     Type
  7538 ;;  msgId           4   20[COMRAM] unsigned long 
  7539 ;;  status          1   19[COMRAM] unsigned char 
  7540 ;;  payloadOffse    1    0        const unsigned char 
  7541 ;; Return value:  Size  Location     Type
  7542 ;;                  1    wreg      void 
  7543 ;; Registers used:
  7544 ;;		wreg, fsr1l, fsr1h, fsr2l, fsr2h, status,2, status,0, tblptrl, tblptrh, tblptru, cstack
  7545 ;; Tracked objects:
  7546 ;;		On entry : 0/0
  7547 ;;		On exit  : 0/0
  7548 ;;		Unchanged: 0/0
  7549 ;; Data sizes:     COMRAM   BANK5   BANK6   BANK7   BANK8   BANK9  BANK10  BANK11  BANK12  BANK13  BANK14  BANK15  BANK1
      +6  BANK17  BANK18  BANK19  BANK20  BANK21  BANK22  BANK23  BANK24  BANK25  BANK26  BANK27  BANK28  BANK29  BANK30  BANK3
      +1  BANK32  BANK33  BANK34  BANK35  BANK36  BANK37  BANK38  BANK39  BANK40  BANK41  BANK42  BANK43  BANK44  BANK45  BANK4
      +6  BANK47  BANK48  BANK49  BANK50  BANK51  BANK52  BANK53  BANK54
  7550 ;;      Params:         4       0       0       0       0       0       0       0       0       0       0       0       
      +0       0       0       0       0       0       0       0       0       0       0       0       0       0       0       
      +0       0       0       0       0       0       0       0       0       0       0       0       0       0       0       
      +0       0       0       0       0       0       0       0       0
  7551 ;;      Locals:         5       0       0       0       0       0       0       0       0       0       0       0       
      +0       0       0       0       0       0       0       0       0       0       0       0       0       0       0       
      +0       0       0       0       0       0       0       0       0       0       0       0       0       0       0       
      +0       0       0       0       0       0       0       0       0
  7552 ;;      Temps:          2       0       0       0       0       0       0       0       0       0       0       0       
      +0       0       0       0       0       0       0       0       0       0       0       0       0       0       0       
      +0       0       0       0       0       0       0       0       0       0       0       0       0       0       0       
      +0       0       0       0       0       0       0       0       0
  7553 ;;      Totals:        11       0       0       0       0       0       0       0       0       0       0       0       
      +0       0       0       0       0       0       0       0       0       0       0       0       0       0       0       
      +0       0       0       0       0       0       0       0       0       0       0       0       0       0       0       
      +0       0       0       0       0       0       0       0       0
  7554 ;;Total ram usage:       11 bytes
  7555 ;; Hardware stack levels used: 1
  7556 ;; Hardware stack levels required when called: 4
  7557 ;; This function calls:
  7558 ;;		_memcpy
  7559 ;; This function is called by:
  7560 ;;		_CAN1_Transmit
  7561 ;; This function uses a non-reentrant model
  7562 ;;
  7563                           
  7564                           	psect	text29
  7565   004712                     __ptext29:
  7566                           	callstack 0
  7567   004712                     _WriteMessageToFifo:
  7568                           	callstack 121
  7569   004712                     
  7570                           ;mcc_generated_files/can1.c: 257: static void WriteMessageToFifo(uint8_t *txFifoObj, CAN
      +                          _MSG_OBJ *txCanMsg);mcc_generated_files/can1.c: 258: {;mcc_generated_files/can1.c: 259: 
      +                              uint32_t msgId = txCanMsg->msgId;
  7571   004712  C535  F4D9         	movff	WriteMessageToFifo@txCanMsg,fsr2l
  7572   004716  C536  F4DA         	movff	WriteMessageToFifo@txCanMsg+1,fsr2h
  7573   00471A  C4DE F53A          	movff	postinc2,WriteMessageToFifo@msgId
  7574   00471E  C4DE F53B          	movff	postinc2,WriteMessageToFifo@msgId+1
  7575   004722  C4DE F53C          	movff	postinc2,WriteMessageToFifo@msgId+2
  7576   004726  C4DE F53D          	movff	postinc2,WriteMessageToFifo@msgId+3
  7577   00472A                     
  7578                           ;mcc_generated_files/can1.c: 267:     if (CAN_FRAME_EXT == txCanMsg->field.idType)
  7579   00472A  EE20 F004          	lfsr	2,4
  7580   00472E  5035               	movf	WriteMessageToFifo@txCanMsg^(0+1280),w,c
  7581   004730  26D9               	addwf	fsr2l,f,c
  7582   004732  5036               	movf	(WriteMessageToFifo@txCanMsg+1)^(0+1280),w,c
  7583   004734  22DA               	addwfc	fsr2h,f,c
  7584   004736  A0DF               	btfss	indf2,0,c
  7585   004738  EFA0  F023         	goto	u1351
  7586   00473C  EFA2  F023         	goto	u1350
  7587   004740                     u1351:
  7588   004740  EFDB  F023         	goto	l2787
  7589   004744                     u1350:
  7590   004744                     
  7591                           ;mcc_generated_files/can1.c: 268:     {;mcc_generated_files/can1.c: 269:         txFifoO
      +                          bj[1] = (msgId << (3U)) & (0xF8U);
  7592   004744  EE20 F001          	lfsr	2,1
  7593   004748  5033               	movf	WriteMessageToFifo@txFifoObj^(0+1280),w,c
  7594   00474A  26D9               	addwf	fsr2l,f,c
  7595   00474C  5034               	movf	(WriteMessageToFifo@txFifoObj+1)^(0+1280),w,c
  7596   00474E  22DA               	addwfc	fsr2h,f,c
  7597   004750  383A               	swapf	WriteMessageToFifo@msgId^(0+1280),w,c
  7598   004752  42E8               	rrncf	wreg,f,c
  7599   004754  0BF8               	andlw	248
  7600   004756  0BF8               	andlw	248
  7601   004758  6EDF               	movwf	indf2,c
  7602   00475A                     
  7603                           ;mcc_generated_files/can1.c: 270:         msgId >>= (5U);
  7604   00475A  0E05               	movlw	5
  7605   00475C  6E37               	movwf	??_WriteMessageToFifo^(0+1280),c
  7606   00475E                     u1365:
  7607   00475E  90D8               	bcf	status,0,c
  7608   004760  323D               	rrcf	(WriteMessageToFifo@msgId+3)^(0+1280),f,c
  7609   004762  323C               	rrcf	(WriteMessageToFifo@msgId+2)^(0+1280),f,c
  7610   004764  323B               	rrcf	(WriteMessageToFifo@msgId+1)^(0+1280),f,c
  7611   004766  323A               	rrcf	WriteMessageToFifo@msgId^(0+1280),f,c
  7612   004768  2E37               	decfsz	??_WriteMessageToFifo^(0+1280),f,c
  7613   00476A  EFAF  F023         	goto	u1365
  7614   00476E                     
  7615                           ;mcc_generated_files/can1.c: 271:         txFifoObj[2] = msgId;
  7616   00476E  EE20 F002          	lfsr	2,2
  7617   004772  5033               	movf	WriteMessageToFifo@txFifoObj^(0+1280),w,c
  7618   004774  26D9               	addwf	fsr2l,f,c
  7619   004776  5034               	movf	(WriteMessageToFifo@txFifoObj+1)^(0+1280),w,c
  7620   004778  22DA               	addwfc	fsr2h,f,c
  7621   00477A  C53A  F4DF         	movff	WriteMessageToFifo@msgId,indf2
  7622   00477E                     
  7623                           ;mcc_generated_files/can1.c: 272:         msgId >>= (8U);
  7624   00477E  C53B  F53A         	movff	WriteMessageToFifo@msgId+1,WriteMessageToFifo@msgId
  7625   004782  C53C  F53B         	movff	WriteMessageToFifo@msgId+2,WriteMessageToFifo@msgId+1
  7626   004786  C53D  F53C         	movff	WriteMessageToFifo@msgId+3,WriteMessageToFifo@msgId+2
  7627   00478A  6A3D               	clrf	(WriteMessageToFifo@msgId+3)^(0+1280),c
  7628   00478C                     
  7629                           ;mcc_generated_files/can1.c: 273:         txFifoObj[3] = (msgId & (0x1FU));
  7630   00478C  EE20 F003          	lfsr	2,3
  7631   004790  5033               	movf	WriteMessageToFifo@txFifoObj^(0+1280),w,c
  7632   004792  26D9               	addwf	fsr2l,f,c
  7633   004794  5034               	movf	(WriteMessageToFifo@txFifoObj+1)^(0+1280),w,c
  7634   004796  22DA               	addwfc	fsr2h,f,c
  7635   004798  503A               	movf	WriteMessageToFifo@msgId^(0+1280),w,c
  7636   00479A  0B1F               	andlw	31
  7637   00479C  6EDF               	movwf	indf2,c
  7638   00479E                     
  7639                           ;mcc_generated_files/can1.c: 274:         msgId >>= (5U);
  7640   00479E  0E05               	movlw	5
  7641   0047A0  6E37               	movwf	??_WriteMessageToFifo^(0+1280),c
  7642   0047A2                     u1375:
  7643   0047A2  90D8               	bcf	status,0,c
  7644   0047A4  323D               	rrcf	(WriteMessageToFifo@msgId+3)^(0+1280),f,c
  7645   0047A6  323C               	rrcf	(WriteMessageToFifo@msgId+2)^(0+1280),f,c
  7646   0047A8  323B               	rrcf	(WriteMessageToFifo@msgId+1)^(0+1280),f,c
  7647   0047AA  323A               	rrcf	WriteMessageToFifo@msgId^(0+1280),f,c
  7648   0047AC  2E37               	decfsz	??_WriteMessageToFifo^(0+1280),f,c
  7649   0047AE  EFD1  F023         	goto	u1375
  7650                           
  7651                           ;mcc_generated_files/can1.c: 275:     }
  7652   0047B2  EFF2  F023         	goto	l2789
  7653   0047B6                     l2787:
  7654                           
  7655                           ;mcc_generated_files/can1.c: 277:     {;mcc_generated_files/can1.c: 278:         txFifoO
      +                          bj[1] = txFifoObj[2] = txFifoObj[3] = 0;
  7656   0047B6  EE20 F003          	lfsr	2,3
  7657   0047BA  5033               	movf	WriteMessageToFifo@txFifoObj^(0+1280),w,c
  7658   0047BC  26D9               	addwf	fsr2l,f,c
  7659   0047BE  5034               	movf	(WriteMessageToFifo@txFifoObj+1)^(0+1280),w,c
  7660   0047C0  22DA               	addwfc	fsr2h,f,c
  7661   0047C2  6ADF               	clrf	indf2,c
  7662   0047C4  EE10 F002          	lfsr	1,2
  7663   0047C8  5033               	movf	WriteMessageToFifo@txFifoObj^(0+1280),w,c
  7664   0047CA  26E1               	addwf	fsr1l,f,c
  7665   0047CC  5034               	movf	(WriteMessageToFifo@txFifoObj+1)^(0+1280),w,c
  7666   0047CE  22E2               	addwfc	fsr1h,f,c
  7667   0047D0  C4DF F4E7          	movff	indf2,indf1
  7668   0047D4  EE20 F001          	lfsr	2,1
  7669   0047D8  5033               	movf	WriteMessageToFifo@txFifoObj^(0+1280),w,c
  7670   0047DA  26D9               	addwf	fsr2l,f,c
  7671   0047DC  5034               	movf	(WriteMessageToFifo@txFifoObj+1)^(0+1280),w,c
  7672   0047DE  22DA               	addwfc	fsr2h,f,c
  7673   0047E0  C4E7 F4DF          	movff	indf1,indf2
  7674   0047E4                     l2789:
  7675                           
  7676                           ;mcc_generated_files/can1.c: 281:     txFifoObj[0] = msgId;
  7677   0047E4  C533  F4D9         	movff	WriteMessageToFifo@txFifoObj,fsr2l
  7678   0047E8  C534  F4DA         	movff	WriteMessageToFifo@txFifoObj+1,fsr2h
  7679   0047EC  C53A  F4DF         	movff	WriteMessageToFifo@msgId,indf2
  7680   0047F0                     
  7681                           ;mcc_generated_files/can1.c: 282:     msgId >>= (8U);
  7682   0047F0  C53B  F53A         	movff	WriteMessageToFifo@msgId+1,WriteMessageToFifo@msgId
  7683   0047F4  C53C  F53B         	movff	WriteMessageToFifo@msgId+2,WriteMessageToFifo@msgId+1
  7684   0047F8  C53D  F53C         	movff	WriteMessageToFifo@msgId+3,WriteMessageToFifo@msgId+2
  7685   0047FC  6A3D               	clrf	(WriteMessageToFifo@msgId+3)^(0+1280),c
  7686   0047FE                     
  7687                           ;mcc_generated_files/can1.c: 283:     txFifoObj[1] |= (msgId & (0x07U));
  7688   0047FE  C53A  F537         	movff	WriteMessageToFifo@msgId,??_WriteMessageToFifo
  7689   004802  0E07               	movlw	7
  7690   004804  1637               	andwf	??_WriteMessageToFifo^(0+1280),f,c
  7691   004806  EE20 F001          	lfsr	2,1
  7692   00480A  5033               	movf	WriteMessageToFifo@txFifoObj^(0+1280),w,c
  7693   00480C  26D9               	addwf	fsr2l,f,c
  7694   00480E  5034               	movf	(WriteMessageToFifo@txFifoObj+1)^(0+1280),w,c
  7695   004810  22DA               	addwfc	fsr2h,f,c
  7696   004812  5037               	movf	??_WriteMessageToFifo^(0+1280),w,c
  7697   004814  12DF               	iorwf	indf2,f,c
  7698   004816                     
  7699                           ;mcc_generated_files/can1.c: 285:     status = txCanMsg->field.dlc;
  7700   004816  EE20 F004          	lfsr	2,4
  7701   00481A  5035               	movf	WriteMessageToFifo@txCanMsg^(0+1280),w,c
  7702   00481C  26D9               	addwf	fsr2l,f,c
  7703   00481E  5036               	movf	(WriteMessageToFifo@txCanMsg+1)^(0+1280),w,c
  7704   004820  22DA               	addwfc	fsr2h,f,c
  7705   004822  30DF               	rrcf	223,w,c
  7706   004824  32E8               	rrcf	wreg,f,c
  7707   004826  0B0F               	andlw	15
  7708   004828  6E39               	movwf	WriteMessageToFifo@status^(0+1280),c
  7709   00482A                     
  7710                           ;mcc_generated_files/can1.c: 286:     status |= (txCanMsg->field.idType << (4U));
  7711   00482A  EE20 F004          	lfsr	2,4
  7712   00482E  5035               	movf	WriteMessageToFifo@txCanMsg^(0+1280),w,c
  7713   004830  26D9               	addwf	fsr2l,f,c
  7714   004832  5036               	movf	(WriteMessageToFifo@txCanMsg+1)^(0+1280),w,c
  7715   004834  22DA               	addwfc	fsr2h,f,c
  7716   004836  B0DF               	btfsc	indf2,0,c
  7717   004838  EF20  F024         	goto	u1381
  7718   00483C  EF24  F024         	goto	u1380
  7719   004840                     u1381:
  7720   004840  6A37               	clrf	??_WriteMessageToFifo^(0+1280),c
  7721   004842  2A37               	incf	??_WriteMessageToFifo^(0+1280),f,c
  7722   004844  EF25  F024         	goto	u1388
  7723   004848                     u1380:
  7724   004848  6A37               	clrf	??_WriteMessageToFifo^(0+1280),c
  7725   00484A                     u1388:
  7726   00484A  3837               	swapf	??_WriteMessageToFifo^(0+1280),w,c
  7727   00484C  0BF0               	andlw	240
  7728   00484E  1239               	iorwf	WriteMessageToFifo@status^(0+1280),f,c
  7729   004850                     
  7730                           ;mcc_generated_files/can1.c: 287:     status |= (txCanMsg->field.frameType << (5U));
  7731   004850  EE20 F004          	lfsr	2,4
  7732   004854  5035               	movf	WriteMessageToFifo@txCanMsg^(0+1280),w,c
  7733   004856  26D9               	addwf	fsr2l,f,c
  7734   004858  5036               	movf	(WriteMessageToFifo@txCanMsg+1)^(0+1280),w,c
  7735   00485A  22DA               	addwfc	fsr2h,f,c
  7736   00485C  B2DF               	btfsc	indf2,1,c
  7737   00485E  EF33  F024         	goto	u1391
  7738   004862  EF37  F024         	goto	u1390
  7739   004866                     u1391:
  7740   004866  0E20               	movlw	32
  7741   004868  6E37               	movwf	??_WriteMessageToFifo^(0+1280),c
  7742   00486A  EF38  F024         	goto	u1405
  7743   00486E                     u1390:
  7744   00486E  6A37               	clrf	??_WriteMessageToFifo^(0+1280),c
  7745   004870                     u1405:
  7746   004870  5037               	movf	??_WriteMessageToFifo^(0+1280),w,c
  7747   004872  1239               	iorwf	WriteMessageToFifo@status^(0+1280),f,c
  7748   004874                     
  7749                           ;mcc_generated_files/can1.c: 288:     status |= (txCanMsg->field.brs << (6U));
  7750   004874  EE20 F004          	lfsr	2,4
  7751   004878  5035               	movf	WriteMessageToFifo@txCanMsg^(0+1280),w,c
  7752   00487A  26D9               	addwf	fsr2l,f,c
  7753   00487C  5036               	movf	(WriteMessageToFifo@txCanMsg+1)^(0+1280),w,c
  7754   00487E  22DA               	addwfc	fsr2h,f,c
  7755   004880  BEDF               	btfsc	indf2,7,c
  7756   004882  EF45  F024         	goto	u1411
  7757   004886  EF49  F024         	goto	u1410
  7758   00488A                     u1411:
  7759   00488A  0E40               	movlw	64
  7760   00488C  6E37               	movwf	??_WriteMessageToFifo^(0+1280),c
  7761   00488E  EF4A  F024         	goto	u1425
  7762   004892                     u1410:
  7763   004892  6A37               	clrf	??_WriteMessageToFifo^(0+1280),c
  7764   004894                     u1425:
  7765   004894  5037               	movf	??_WriteMessageToFifo^(0+1280),w,c
  7766   004896  1239               	iorwf	WriteMessageToFifo@status^(0+1280),f,c
  7767   004898                     
  7768                           ;mcc_generated_files/can1.c: 289:     status |= (txCanMsg->field.formatType << (7U));
  7769   004898  EE20 F004          	lfsr	2,4
  7770   00489C  5035               	movf	WriteMessageToFifo@txCanMsg^(0+1280),w,c
  7771   00489E  26D9               	addwf	fsr2l,f,c
  7772   0048A0  5036               	movf	(WriteMessageToFifo@txCanMsg+1)^(0+1280),w,c
  7773   0048A2  22DA               	addwfc	fsr2h,f,c
  7774   0048A4  BCDF               	btfsc	indf2,6,c
  7775   0048A6  EF57  F024         	goto	u1431
  7776   0048AA  EF5B  F024         	goto	u1430
  7777   0048AE                     u1431:
  7778   0048AE  0E80               	movlw	128
  7779   0048B0  6E37               	movwf	??_WriteMessageToFifo^(0+1280),c
  7780   0048B2  EF5C  F024         	goto	u1445
  7781   0048B6                     u1430:
  7782   0048B6  6A37               	clrf	??_WriteMessageToFifo^(0+1280),c
  7783   0048B8                     u1445:
  7784   0048B8  5037               	movf	??_WriteMessageToFifo^(0+1280),w,c
  7785   0048BA  1239               	iorwf	WriteMessageToFifo@status^(0+1280),f,c
  7786   0048BC                     
  7787                           ;mcc_generated_files/can1.c: 290:     txFifoObj[4] = status;
  7788   0048BC  EE20 F004          	lfsr	2,4
  7789   0048C0  5033               	movf	WriteMessageToFifo@txFifoObj^(0+1280),w,c
  7790   0048C2  26D9               	addwf	fsr2l,f,c
  7791   0048C4  5034               	movf	(WriteMessageToFifo@txFifoObj+1)^(0+1280),w,c
  7792   0048C6  22DA               	addwfc	fsr2h,f,c
  7793   0048C8  C539  F4DF         	movff	WriteMessageToFifo@status,indf2
  7794   0048CC                     
  7795                           ;mcc_generated_files/can1.c: 292:     if (CAN_FRAME_DATA == txCanMsg->field.frameType)
  7796   0048CC  EE20 F004          	lfsr	2,4
  7797   0048D0  5035               	movf	WriteMessageToFifo@txCanMsg^(0+1280),w,c
  7798   0048D2  26D9               	addwf	fsr2l,f,c
  7799   0048D4  5036               	movf	(WriteMessageToFifo@txCanMsg+1)^(0+1280),w,c
  7800   0048D6  22DA               	addwfc	fsr2h,f,c
  7801   0048D8  B2DF               	btfsc	indf2,1,c
  7802   0048DA  EF71  F024         	goto	u1451
  7803   0048DE  EF73  F024         	goto	u1450
  7804   0048E2                     u1451:
  7805   0048E2  EF9C  F024         	goto	l296
  7806   0048E6                     u1450:
  7807   0048E6                     
  7808                           ;mcc_generated_files/can1.c: 293:     {;mcc_generated_files/can1.c: 294:         memcpy(
      +                          txFifoObj + payloadOffsetBytes, txCanMsg->data, (DLC_BYTES[(txCanMsg->field.dlc)]));
  7809   0048E6  0E08               	movlw	8
  7810   0048E8  2433               	addwf	WriteMessageToFifo@txFifoObj^(0+1280),w,c
  7811   0048EA  6E28               	movwf	memcpy@d1^(0+1280),c
  7812   0048EC  0E00               	movlw	0
  7813   0048EE  2034               	addwfc	(WriteMessageToFifo@txFifoObj+1)^(0+1280),w,c
  7814   0048F0  6E29               	movwf	(memcpy@d1+1)^(0+1280),c
  7815   0048F2  EE20 F005          	lfsr	2,5
  7816   0048F6  5035               	movf	WriteMessageToFifo@txCanMsg^(0+1280),w,c
  7817   0048F8  26D9               	addwf	fsr2l,f,c
  7818   0048FA  5036               	movf	(WriteMessageToFifo@txCanMsg+1)^(0+1280),w,c
  7819   0048FC  22DA               	addwfc	fsr2h,f,c
  7820   0048FE  C4DE F52A          	movff	postinc2,memcpy@s1
  7821   004902  C4DD F52B          	movff	postdec2,memcpy@s1+1
  7822   004906  EE20 F004          	lfsr	2,4
  7823   00490A  5035               	movf	WriteMessageToFifo@txCanMsg^(0+1280),w,c
  7824   00490C  26D9               	addwf	fsr2l,f,c
  7825   00490E  5036               	movf	(WriteMessageToFifo@txCanMsg+1)^(0+1280),w,c
  7826   004910  22DA               	addwfc	fsr2h,f,c
  7827   004912  30DF               	rrcf	223,w,c
  7828   004914  32E8               	rrcf	wreg,f,c
  7829   004916  0B0F               	andlw	15
  7830   004918  6E37               	movwf	??_WriteMessageToFifo^(0+1280),c
  7831   00491A  5037               	movf	??_WriteMessageToFifo^(0+1280),w,c
  7832   00491C  0F01               	addlw	low _DLC_BYTES
  7833   00491E  6E38               	movwf	(??_WriteMessageToFifo+1)^(0+1280),c
  7834   004920  C538  F4F6         	movff	??_WriteMessageToFifo+1,tblptrl
  7835   004924                     	if	1	;There is more than 1 active tblptr byte
  7836   004924  0E37               	movlw	high __smallconst
  7837   004926  6EF7               	movwf	tblptrh,c
  7838   004928                     	endif
  7839   004928                     	if	0	;tblptru may be non-zero
  7840   004928                     	endif
  7841   004928                     	if	1	;Program memory is > 0xFFFF, there are 3 active tblptr bytes
  7842   004928  0E00               	movlw	low (__smallconst shr (0+16))
  7843   00492A  6EF8               	movwf	tblptru,c
  7844   00492C                     	endif
  7845   00492C  0008               	tblrd		*
  7846   00492E  50F5               	movf	tablat,w,c
  7847   004930  6E2C               	movwf	memcpy@n^(0+1280),c
  7848   004932  6A2D               	clrf	(memcpy@n+1)^(0+1280),c
  7849   004934  EC70  F029         	call	_memcpy	;wreg free
  7850   004938                     l296:
  7851   004938  0012               	return		;funcret
  7852   00493A                     __end_of_WriteMessageToFifo:
  7853                           	callstack 0
  7854                           
  7855 ;; *************** function _memcpy *****************
  7856 ;; Defined at:
  7857 ;;		line 4 in file "C:\Program Files\Microchip\xc8\v2.46\pic\sources\c99\common\memcpy.c"
  7858 ;; Parameters:    Size  Location     Type
  7859 ;;  d1              2    2[COMRAM] PTR void 
  7860 ;;		 -> RAM(14079), 
  7861 ;;  s1              2    4[COMRAM] PTR const void 
  7862 ;;		 -> msg_data(8), 
  7863 ;;  n               2    6[COMRAM] unsigned int 
  7864 ;; Auto vars:     Size  Location     Type
  7865 ;;  s               2   11[COMRAM] PTR const unsigned char 
  7866 ;;		 -> msg_data(8), 
  7867 ;;  d               2    9[COMRAM] PTR unsigned char 
  7868 ;;		 -> RAM(14079), 
  7869 ;;  tmp             1    8[COMRAM] unsigned char 
  7870 ;; Return value:  Size  Location     Type
  7871 ;;                  2    2[COMRAM] PTR void 
  7872 ;; Registers used:
  7873 ;;		wreg, fsr2l, fsr2h, status,2, status,0
  7874 ;; Tracked objects:
  7875 ;;		On entry : 0/0
  7876 ;;		On exit  : 0/0
  7877 ;;		Unchanged: 0/0
  7878 ;; Data sizes:     COMRAM   BANK5   BANK6   BANK7   BANK8   BANK9  BANK10  BANK11  BANK12  BANK13  BANK14  BANK15  BANK1
      +6  BANK17  BANK18  BANK19  BANK20  BANK21  BANK22  BANK23  BANK24  BANK25  BANK26  BANK27  BANK28  BANK29  BANK30  BANK3
      +1  BANK32  BANK33  BANK34  BANK35  BANK36  BANK37  BANK38  BANK39  BANK40  BANK41  BANK42  BANK43  BANK44  BANK45  BANK4
      +6  BANK47  BANK48  BANK49  BANK50  BANK51  BANK52  BANK53  BANK54
  7879 ;;      Params:         6       0       0       0       0       0       0       0       0       0       0       0       
      +0       0       0       0       0       0       0       0       0       0       0       0       0       0       0       
      +0       0       0       0       0       0       0       0       0       0       0       0       0       0       0       
      +0       0       0       0       0       0       0       0       0
  7880 ;;      Locals:         5       0       0       0       0       0       0       0       0       0       0       0       
      +0       0       0       0       0       0       0       0       0       0       0       0       0       0       0       
      +0       0       0       0       0       0       0       0       0       0       0       0       0       0       0       
      +0       0       0       0       0       0       0       0       0
  7881 ;;      Temps:          0       0       0       0       0       0       0       0       0       0       0       0       
      +0       0       0       0       0       0       0       0       0       0       0       0       0       0       0       
      +0       0       0       0       0       0       0       0       0       0       0       0       0       0       0       
      +0       0       0       0       0       0       0       0       0
  7882 ;;      Totals:        11       0       0       0       0       0       0       0       0       0       0       0       
      +0       0       0       0       0       0       0       0       0       0       0       0       0       0       0       
      +0       0       0       0       0       0       0       0       0       0       0       0       0       0       0       
      +0       0       0       0       0       0       0       0       0
  7883 ;;Total ram usage:       11 bytes
  7884 ;; Hardware stack levels used: 1
  7885 ;; Hardware stack levels required when called: 3
  7886 ;; This function calls:
  7887 ;;		Nothing
  7888 ;; This function is called by:
  7889 ;;		_WriteMessageToFifo
  7890 ;; This function uses a non-reentrant model
  7891 ;;
  7892                           
  7893                           	psect	text30
  7894   0052E0                     __ptext30:
  7895                           	callstack 0
  7896   0052E0                     _memcpy:
  7897                           	callstack 121
  7898   0052E0  C52A  F531         	movff	memcpy@s1,memcpy@s
  7899   0052E4  C52B  F532         	movff	memcpy@s1+1,memcpy@s+1
  7900   0052E8  C528  F52F         	movff	memcpy@d1,memcpy@d
  7901   0052EC  C529  F530         	movff	memcpy@d1+1,memcpy@d+1
  7902   0052F0  EF8A  F029         	goto	l2689
  7903   0052F4                     l2681:
  7904   0052F4  C531  F4D9         	movff	memcpy@s,fsr2l
  7905   0052F8  C532  F4DA         	movff	memcpy@s+1,fsr2h
  7906   0052FC  50DF               	movf	indf2,w,c
  7907   0052FE  6E2E               	movwf	memcpy@tmp^(0+1280),c
  7908   005300  4A31               	infsnz	memcpy@s^(0+1280),f,c
  7909   005302  2A32               	incf	(memcpy@s+1)^(0+1280),f,c
  7910   005304  C52F  F4D9         	movff	memcpy@d,fsr2l
  7911   005308  C530  F4DA         	movff	memcpy@d+1,fsr2h
  7912   00530C  C52E  F4DF         	movff	memcpy@tmp,indf2
  7913   005310  4A2F               	infsnz	memcpy@d^(0+1280),f,c
  7914   005312  2A30               	incf	(memcpy@d+1)^(0+1280),f,c
  7915   005314                     l2689:
  7916   005314  062C               	decf	memcpy@n^(0+1280),f,c
  7917   005316  A0D8               	btfss	status,0,c
  7918   005318  062D               	decf	(memcpy@n+1)^(0+1280),f,c
  7919   00531A  282C               	incf	memcpy@n^(0+1280),w,c
  7920   00531C  E106               	bnz	u1311
  7921   00531E  282D               	incf	(memcpy@n+1)^(0+1280),w,c
  7922   005320  A4D8               	btfss	status,2,c
  7923   005322  EF95  F029         	goto	u1311
  7924   005326  EF97  F029         	goto	u1310
  7925   00532A                     u1311:
  7926   00532A  EF7A  F029         	goto	l2681
  7927   00532E                     u1310:
  7928   00532E  0012               	return		;funcret
  7929   005330                     __end_of_memcpy:
  7930                           	callstack 0
  7931                           
  7932 ;; *************** function _ValidateTransmission *****************
  7933 ;; Defined at:
  7934 ;;		line 298 in file "mcc_generated_files/can1.c"
  7935 ;; Parameters:    Size  Location     Type
  7936 ;;  validChannel    1    wreg     unsigned char 
  7937 ;;  txCanMsg        2    3[COMRAM] PTR struct .
  7938 ;;		 -> main@msg(7), 
  7939 ;; Auto vars:     Size  Location     Type
  7940 ;;  validChannel    1    8[COMRAM] unsigned char 
  7941 ;;  field           1   10[COMRAM] struct .
  7942 ;;  txMsgStatus     1    9[COMRAM] enum E23112
  7943 ;;  plsize          1    0        unsigned char 
  7944 ;; Return value:  Size  Location     Type
  7945 ;;                  1    wreg      enum E23112
  7946 ;; Registers used:
  7947 ;;		wreg, fsr2l, fsr2h, status,2, status,0, tblptrl, tblptrh, tblptru, prodl, prodh, cstack
  7948 ;; Tracked objects:
  7949 ;;		On entry : 0/0
  7950 ;;		On exit  : 0/0
  7951 ;;		Unchanged: 0/0
  7952 ;; Data sizes:     COMRAM   BANK5   BANK6   BANK7   BANK8   BANK9  BANK10  BANK11  BANK12  BANK13  BANK14  BANK15  BANK1
      +6  BANK17  BANK18  BANK19  BANK20  BANK21  BANK22  BANK23  BANK24  BANK25  BANK26  BANK27  BANK28  BANK29  BANK30  BANK3
      +1  BANK32  BANK33  BANK34  BANK35  BANK36  BANK37  BANK38  BANK39  BANK40  BANK41  BANK42  BANK43  BANK44  BANK45  BANK4
      +6  BANK47  BANK48  BANK49  BANK50  BANK51  BANK52  BANK53  BANK54
  7953 ;;      Params:         2       0       0       0       0       0       0       0       0       0       0       0       
      +0       0       0       0       0       0       0       0       0       0       0       0       0       0       0       
      +0       0       0       0       0       0       0       0       0       0       0       0       0       0       0       
      +0       0       0       0       0       0       0       0       0
  7954 ;;      Locals:         3       0       0       0       0       0       0       0       0       0       0       0       
      +0       0       0       0       0       0       0       0       0       0       0       0       0       0       0       
      +0       0       0       0       0       0       0       0       0       0       0       0       0       0       0       
      +0       0       0       0       0       0       0       0       0
  7955 ;;      Temps:          3       0       0       0       0       0       0       0       0       0       0       0       
      +0       0       0       0       0       0       0       0       0       0       0       0       0       0       0       
      +0       0       0       0       0       0       0       0       0       0       0       0       0       0       0       
      +0       0       0       0       0       0       0       0       0
  7956 ;;      Totals:         8       0       0       0       0       0       0       0       0       0       0       0       
      +0       0       0       0       0       0       0       0       0       0       0       0       0       0       0       
      +0       0       0       0       0       0       0       0       0       0       0       0       0       0       0       
      +0       0       0       0       0       0       0       0       0
  7957 ;;Total ram usage:        8 bytes
  7958 ;; Hardware stack levels used: 1
  7959 ;; Hardware stack levels required when called: 4
  7960 ;; This function calls:
  7961 ;;		_CAN1_OperationModeGet
  7962 ;;		_GetTxFifoStatus
  7963 ;; This function is called by:
  7964 ;;		_CAN1_Transmit
  7965 ;; This function uses a non-reentrant model
  7966 ;;
  7967                           
  7968                           	psect	text31
  7969   004E2A                     __ptext31:
  7970                           	callstack 0
  7971   004E2A                     _ValidateTransmission:
  7972                           	callstack 121
  7973                           
  7974                           ;incstack = 0
  7975                           ;ValidateTransmission@validChannel stored from wreg
  7976   004E2A  6E2E               	movwf	ValidateTransmission@validChannel^(0+1280),c
  7977   004E2C                     
  7978                           ;mcc_generated_files/can1.c: 298: static CAN_TX_MSG_REQUEST_STATUS ValidateTransmission(
      +                          uint8_t validChannel, CAN_MSG_OBJ *txCanMsg);mcc_generated_files/can1.c: 299: {;mcc_gene
      +                          rated_files/can1.c: 300:     CAN_TX_MSG_REQUEST_STATUS txMsgStatus = CAN_TX_MSG_REQUEST_
      +                          SUCCESS;
  7979   004E2C  0E00               	movlw	0
  7980   004E2E  6E2F               	movwf	ValidateTransmission@txMsgStatus^(0+1280),c
  7981   004E30                     
  7982                           ;mcc_generated_files/can1.c: 301:     CAN_MSG_FIELD field = txCanMsg->field;
  7983   004E30  EE20 F004          	lfsr	2,4
  7984   004E34  5029               	movf	ValidateTransmission@txCanMsg^(0+1280),w,c
  7985   004E36  26D9               	addwf	fsr2l,f,c
  7986   004E38  502A               	movf	(ValidateTransmission@txCanMsg+1)^(0+1280),w,c
  7987   004E3A  22DA               	addwfc	fsr2h,f,c
  7988   004E3C  50DF               	movf	indf2,w,c
  7989   004E3E  6E30               	movwf	ValidateTransmission@field^(0+1280),c
  7990   004E40                     
  7991                           ;mcc_generated_files/can1.c: 304:     if (CAN_BRS_MODE == field.brs && (CAN_NORMAL_2_0_M
      +                          ODE == CAN1_OperationModeGet()))
  7992   004E40  AE30               	btfss	ValidateTransmission@field^(0+1280),7,c
  7993   004E42  EF25  F027         	goto	u1461
  7994   004E46  EF27  F027         	goto	u1460
  7995   004E4A                     u1461:
  7996   004E4A  EF32  F027         	goto	l2823
  7997   004E4E                     u1460:
  7998   004E4E  ECDF  F02A         	call	_CAN1_OperationModeGet	;wreg free
  7999   004E52  0A06               	xorlw	6
  8000   004E54  A4D8               	btfss	status,2,c
  8001   004E56  EF2F  F027         	goto	u1471
  8002   004E5A  EF31  F027         	goto	u1470
  8003   004E5E                     u1471:
  8004   004E5E  EF32  F027         	goto	l2823
  8005   004E62                     u1470:
  8006   004E62                     
  8007                           ;mcc_generated_files/can1.c: 305:     {;mcc_generated_files/can1.c: 306:         txMsgSt
      +                          atus |= CAN_TX_MSG_REQUEST_BRS_ERROR;
  8008   004E62  822F               	bsf	ValidateTransmission@txMsgStatus^(0+1280),1,c
  8009   004E64                     l2823:
  8010                           
  8011                           ;mcc_generated_files/can1.c: 309:     if (field.dlc > DLC_8 && (CAN_2_0_FORMAT == field.
      +                          formatType || CAN_NORMAL_2_0_MODE == CAN1_OperationModeGet()))
  8012   004E64  3030               	rrcf	ValidateTransmission@field^(0+1280),w,c
  8013   004E66  32E8               	rrcf	wreg,f,c
  8014   004E68  0B0F               	andlw	15
  8015   004E6A  6E2B               	movwf	??_ValidateTransmission^(0+1280),c
  8016   004E6C  0E08               	movlw	8
  8017   004E6E  642B               	cpfsgt	??_ValidateTransmission^(0+1280),c
  8018   004E70  EF3C  F027         	goto	u1481
  8019   004E74  EF3E  F027         	goto	u1480
  8020   004E78                     u1481:
  8021   004E78  EF50  F027         	goto	l2831
  8022   004E7C                     u1480:
  8023   004E7C  AC30               	btfss	ValidateTransmission@field^(0+1280),6,c
  8024   004E7E  EF43  F027         	goto	u1491
  8025   004E82  EF45  F027         	goto	u1490
  8026   004E86                     u1491:
  8027   004E86  EF4F  F027         	goto	l2829
  8028   004E8A                     u1490:
  8029   004E8A  ECDF  F02A         	call	_CAN1_OperationModeGet	;wreg free
  8030   004E8E  0A06               	xorlw	6
  8031   004E90  A4D8               	btfss	status,2,c
  8032   004E92  EF4D  F027         	goto	u1501
  8033   004E96  EF4F  F027         	goto	u1500
  8034   004E9A                     u1501:
  8035   004E9A  EF50  F027         	goto	l2831
  8036   004E9E                     u1500:
  8037   004E9E                     l2829:
  8038                           
  8039                           ;mcc_generated_files/can1.c: 310:     {;mcc_generated_files/can1.c: 311:         txMsgSt
      +                          atus |= CAN_TX_MSG_REQUEST_DLC_EXCEED_ERROR;
  8040   004E9E  802F               	bsf	ValidateTransmission@txMsgStatus^(0+1280),0,c
  8041   004EA0                     l2831:
  8042                           
  8043                           ;mcc_generated_files/can1.c: 314:     if ((DLC_BYTES[(field.dlc)]) > ((DLC_BYTES[(8u + (
      +                          plsize))])))
  8044   004EA0  0E09               	movlw	low (_DLC_BYTES+8)
  8045   004EA2  6EF6               	movwf	tblptrl,c
  8046   004EA4                     	if	1	;There is more than 1 active tblptr byte
  8047   004EA4  0E37               	movlw	high __smallconst
  8048   004EA6  6EF7               	movwf	tblptrh,c
  8049   004EA8                     	endif
  8050   004EA8                     	if	0	;tblptru may be non-zero
  8051   004EA8                     	endif
  8052   004EA8                     	if	1	;Program memory is > 0xFFFF, there are 3 active tblptr bytes
  8053   004EA8  0E00               	movlw	low (__smallconst shr (0+16))
  8054   004EAA  6EF8               	movwf	tblptru,c
  8055   004EAC                     	endif
  8056   004EAC  0008               	tblrd		*
  8057   004EAE  C4F5 F52B          	movff	tablat,??_ValidateTransmission
  8058   004EB2  3030               	rrcf	ValidateTransmission@field^(0+1280),w,c
  8059   004EB4  32E8               	rrcf	wreg,f,c
  8060   004EB6  0B0F               	andlw	15
  8061   004EB8  6E2C               	movwf	(??_ValidateTransmission+1)^(0+1280),c
  8062   004EBA  502C               	movf	(??_ValidateTransmission+1)^(0+1280),w,c
  8063   004EBC  0F01               	addlw	low _DLC_BYTES
  8064   004EBE  6E2D               	movwf	(??_ValidateTransmission+2)^(0+1280),c
  8065   004EC0  C52D  F4F6         	movff	??_ValidateTransmission+2,tblptrl
  8066   004EC4                     	if	1	;There is more than 1 active tblptr byte
  8067   004EC4  0E37               	movlw	high __smallconst
  8068   004EC6  6EF7               	movwf	tblptrh,c
  8069   004EC8                     	endif
  8070   004EC8                     	if	0	;tblptru may be non-zero
  8071   004EC8                     	endif
  8072   004EC8                     	if	1	;Program memory is > 0xFFFF, there are 3 active tblptr bytes
  8073   004EC8  0E00               	movlw	low (__smallconst shr (0+16))
  8074   004ECA  6EF8               	movwf	tblptru,c
  8075   004ECC                     	endif
  8076   004ECC  0008               	tblrd		*
  8077   004ECE  50F5               	movf	tablat,w,c
  8078   004ED0  5C2B               	subwf	??_ValidateTransmission^(0+1280),w,c
  8079   004ED2  B0D8               	btfsc	status,0,c
  8080   004ED4  EF6E  F027         	goto	u1511
  8081   004ED8  EF70  F027         	goto	u1510
  8082   004EDC                     u1511:
  8083   004EDC  EF71  F027         	goto	l2835
  8084   004EE0                     u1510:
  8085   004EE0                     
  8086                           ;mcc_generated_files/can1.c: 315:     {;mcc_generated_files/can1.c: 316:         txMsgSt
      +                          atus |= CAN_TX_MSG_REQUEST_DLC_EXCEED_ERROR;
  8087   004EE0  802F               	bsf	ValidateTransmission@txMsgStatus^(0+1280),0,c
  8088   004EE2                     l2835:
  8089                           
  8090                           ;mcc_generated_files/can1.c: 319:     if (CAN_TX_FIFO_FULL == GetTxFifoStatus(validChann
      +                          el))
  8091   004EE2  502E               	movf	ValidateTransmission@validChannel^(0+1280),w,c
  8092   004EE4  EC5A  F02A         	call	_GetTxFifoStatus
  8093   004EE8  0900               	iorlw	0
  8094   004EEA  A4D8               	btfss	status,2,c
  8095   004EEC  EF7A  F027         	goto	u1521
  8096   004EF0  EF7C  F027         	goto	u1520
  8097   004EF4                     u1521:
  8098   004EF4  EF7E  F027         	goto	l2839
  8099   004EF8                     u1520:
  8100   004EF8                     
  8101                           ;mcc_generated_files/can1.c: 320:     {;mcc_generated_files/can1.c: 321:         txMsgSt
      +                          atus |= CAN_TX_MSG_REQUEST_FIFO_FULL;
  8102   004EF8  0E03               	movlw	3
  8103   004EFA  122F               	iorwf	ValidateTransmission@txMsgStatus^(0+1280),f,c
  8104   004EFC                     l2839:
  8105                           
  8106                           ;mcc_generated_files/can1.c: 324:     return txMsgStatus;
  8107   004EFC  502F               	movf	ValidateTransmission@txMsgStatus^(0+1280),w,c
  8108   004EFE  0012               	return		;funcret
  8109   004F00                     __end_of_ValidateTransmission:
  8110                           	callstack 0
  8111                           
  8112 ;; *************** function _GetTxFifoStatus *****************
  8113 ;; Defined at:
  8114 ;;		line 252 in file "mcc_generated_files/can1.c"
  8115 ;; Parameters:    Size  Location     Type
  8116 ;;  validChannel    1    wreg     unsigned char 
  8117 ;; Auto vars:     Size  Location     Type
  8118 ;;  validChannel    1    2[COMRAM] unsigned char 
  8119 ;; Return value:  Size  Location     Type
  8120 ;;                  1    wreg      enum E23133
  8121 ;; Registers used:
  8122 ;;		wreg, fsr2l, fsr2h, status,2, status,0, prodl, prodh
  8123 ;; Tracked objects:
  8124 ;;		On entry : 0/0
  8125 ;;		On exit  : 0/0
  8126 ;;		Unchanged: 0/0
  8127 ;; Data sizes:     COMRAM   BANK5   BANK6   BANK7   BANK8   BANK9  BANK10  BANK11  BANK12  BANK13  BANK14  BANK15  BANK1
      +6  BANK17  BANK18  BANK19  BANK20  BANK21  BANK22  BANK23  BANK24  BANK25  BANK26  BANK27  BANK28  BANK29  BANK30  BANK3
      +1  BANK32  BANK33  BANK34  BANK35  BANK36  BANK37  BANK38  BANK39  BANK40  BANK41  BANK42  BANK43  BANK44  BANK45  BANK4
      +6  BANK47  BANK48  BANK49  BANK50  BANK51  BANK52  BANK53  BANK54
  8128 ;;      Params:         0       0       0       0       0       0       0       0       0       0       0       0       
      +0       0       0       0       0       0       0       0       0       0       0       0       0       0       0       
      +0       0       0       0       0       0       0       0       0       0       0       0       0       0       0       
      +0       0       0       0       0       0       0       0       0
  8129 ;;      Locals:         1       0       0       0       0       0       0       0       0       0       0       0       
      +0       0       0       0       0       0       0       0       0       0       0       0       0       0       0       
      +0       0       0       0       0       0       0       0       0       0       0       0       0       0       0       
      +0       0       0       0       0       0       0       0       0
  8130 ;;      Temps:          0       0       0       0       0       0       0       0       0       0       0       0       
      +0       0       0       0       0       0       0       0       0       0       0       0       0       0       0       
      +0       0       0       0       0       0       0       0       0       0       0       0       0       0       0       
      +0       0       0       0       0       0       0       0       0
  8131 ;;      Totals:         1       0       0       0       0       0       0       0       0       0       0       0       
      +0       0       0       0       0       0       0       0       0       0       0       0       0       0       0       
      +0       0       0       0       0       0       0       0       0       0       0       0       0       0       0       
      +0       0       0       0       0       0       0       0       0
  8132 ;;Total ram usage:        1 bytes
  8133 ;; Hardware stack levels used: 1
  8134 ;; Hardware stack levels required when called: 3
  8135 ;; This function calls:
  8136 ;;		Nothing
  8137 ;; This function is called by:
  8138 ;;		_ValidateTransmission
  8139 ;;		_CAN1_TransmitFIFOStatusGet
  8140 ;; This function uses a non-reentrant model
  8141 ;;
  8142                           
  8143                           	psect	text32
  8144   0054B4                     __ptext32:
  8145                           	callstack 0
  8146   0054B4                     _GetTxFifoStatus:
  8147                           	callstack 122
  8148                           
  8149                           ;incstack = 0
  8150                           ;GetTxFifoStatus@validChannel stored from wreg
  8151   0054B4  6E28               	movwf	GetTxFifoStatus@validChannel^(0+1280),c
  8152   0054B6                     
  8153                           ;mcc_generated_files/can1.c: 252: static CAN_TX_FIFO_STATUS GetTxFifoStatus(uint8_t vali
      +                          dChannel);mcc_generated_files/can1.c: 253: {;mcc_generated_files/can1.c: 254:     return
      +                           (FIFO[validChannel].STAL & 0x1);
  8154   0054B6  5028               	movf	GetTxFifoStatus@validChannel^(0+1280),w,c
  8155   0054B8  0D0C               	mullw	12
  8156   0054BA  0E54               	movlw	84
  8157   0054BC  24F3               	addwf	243,w,c
  8158   0054BE  6ED9               	movwf	fsr2l,c
  8159   0054C0  0E01               	movlw	1
  8160   0054C2  20F4               	addwfc	prodh,w,c
  8161   0054C4  6EDA               	movwf	fsr2h,c
  8162   0054C6  50DF               	movf	indf2,w,c
  8163   0054C8  0B01               	andlw	1
  8164   0054CA  0012               	return		;funcret
  8165   0054CC                     __end_of_GetTxFifoStatus:
  8166                           	callstack 0
  8167                           
  8168 ;; *************** function _CAN1_OperationModeGet *****************
  8169 ;; Defined at:
  8170 ;;		line 241 in file "mcc_generated_files/can1.c"
  8171 ;; Parameters:    Size  Location     Type
  8172 ;;		None
  8173 ;; Auto vars:     Size  Location     Type
  8174 ;;		None
  8175 ;; Return value:  Size  Location     Type
  8176 ;;                  1    wreg      enum E23118
  8177 ;; Registers used:
  8178 ;;		wreg, status,2, status,0
  8179 ;; Tracked objects:
  8180 ;;		On entry : 0/0
  8181 ;;		On exit  : 0/0
  8182 ;;		Unchanged: 0/0
  8183 ;; Data sizes:     COMRAM   BANK5   BANK6   BANK7   BANK8   BANK9  BANK10  BANK11  BANK12  BANK13  BANK14  BANK15  BANK1
      +6  BANK17  BANK18  BANK19  BANK20  BANK21  BANK22  BANK23  BANK24  BANK25  BANK26  BANK27  BANK28  BANK29  BANK30  BANK3
      +1  BANK32  BANK33  BANK34  BANK35  BANK36  BANK37  BANK38  BANK39  BANK40  BANK41  BANK42  BANK43  BANK44  BANK45  BANK4
      +6  BANK47  BANK48  BANK49  BANK50  BANK51  BANK52  BANK53  BANK54
  8184 ;;      Params:         0       0       0       0       0       0       0       0       0       0       0       0       
      +0       0       0       0       0       0       0       0       0       0       0       0       0       0       0       
      +0       0       0       0       0       0       0       0       0       0       0       0       0       0       0       
      +0       0       0       0       0       0       0       0       0
  8185 ;;      Locals:         0       0       0       0       0       0       0       0       0       0       0       0       
      +0       0       0       0       0       0       0       0       0       0       0       0       0       0       0       
      +0       0       0       0       0       0       0       0       0       0       0       0       0       0       0       
      +0       0       0       0       0       0       0       0       0
  8186 ;;      Temps:          0       0       0       0       0       0       0       0       0       0       0       0       
      +0       0       0       0       0       0       0       0       0       0       0       0       0       0       0       
      +0       0       0       0       0       0       0       0       0       0       0       0       0       0       0       
      +0       0       0       0       0       0       0       0       0
  8187 ;;      Totals:         0       0       0       0       0       0       0       0       0       0       0       0       
      +0       0       0       0       0       0       0       0       0       0       0       0       0       0       0       
      +0       0       0       0       0       0       0       0       0       0       0       0       0       0       0       
      +0       0       0       0       0       0       0       0       0
  8188 ;;Total ram usage:        0 bytes
  8189 ;; Hardware stack levels used: 1
  8190 ;; Hardware stack levels required when called: 3
  8191 ;; This function calls:
  8192 ;;		Nothing
  8193 ;; This function is called by:
  8194 ;;		_CAN1_OperationModeSet
  8195 ;;		_ValidateTransmission
  8196 ;;		_main
  8197 ;; This function uses a non-reentrant model
  8198 ;;
  8199                           
  8200                           	psect	text33
  8201   0055BE                     __ptext33:
  8202                           	callstack 0
  8203   0055BE                     _CAN1_OperationModeGet:
  8204                           	callstack 120
  8205   0055BE                     
  8206                           ;mcc_generated_files/can1.c: 243:     return C1CONUbits.OPMOD;
  8207   0055BE  0101               	movlb	1	; () banked
  8208   0055C0  3902               	swapf	2,w,b	;volatile
  8209   0055C2  32E8               	rrcf	wreg,f,c
  8210   0055C4  0B07               	andlw	7
  8211   0055C6                     
  8212                           ; BSR set to: 1
  8213   0055C6  0012               	return		;funcret
  8214   0055C8                     __end_of_CAN1_OperationModeGet:
  8215                           	callstack 0
  8216                           
  8217 ;; *************** function _ADC_StartConversion *****************
  8218 ;; Defined at:
  8219 ;;		line 223 in file "mcc_generated_files/adc.c"
  8220 ;; Parameters:    Size  Location     Type
  8221 ;;  channel         1    wreg     enum E22915
  8222 ;; Auto vars:     Size  Location     Type
  8223 ;;  channel         1    2[COMRAM] enum E22915
  8224 ;; Return value:  Size  Location     Type
  8225 ;;                  1    wreg      void 
  8226 ;; Registers used:
  8227 ;;		wreg
  8228 ;; Tracked objects:
  8229 ;;		On entry : 0/0
  8230 ;;		On exit  : 0/0
  8231 ;;		Unchanged: 0/0
  8232 ;; Data sizes:     COMRAM   BANK5   BANK6   BANK7   BANK8   BANK9  BANK10  BANK11  BANK12  BANK13  BANK14  BANK15  BANK1
      +6  BANK17  BANK18  BANK19  BANK20  BANK21  BANK22  BANK23  BANK24  BANK25  BANK26  BANK27  BANK28  BANK29  BANK30  BANK3
      +1  BANK32  BANK33  BANK34  BANK35  BANK36  BANK37  BANK38  BANK39  BANK40  BANK41  BANK42  BANK43  BANK44  BANK45  BANK4
      +6  BANK47  BANK48  BANK49  BANK50  BANK51  BANK52  BANK53  BANK54
  8233 ;;      Params:         0       0       0       0       0       0       0       0       0       0       0       0       
      +0       0       0       0       0       0       0       0       0       0       0       0       0       0       0       
      +0       0       0       0       0       0       0       0       0       0       0       0       0       0       0       
      +0       0       0       0       0       0       0       0       0
  8234 ;;      Locals:         1       0       0       0       0       0       0       0       0       0       0       0       
      +0       0       0       0       0       0       0       0       0       0       0       0       0       0       0       
      +0       0       0       0       0       0       0       0       0       0       0       0       0       0       0       
      +0       0       0       0       0       0       0       0       0
  8235 ;;      Temps:          0       0       0       0       0       0       0       0       0       0       0       0       
      +0       0       0       0       0       0       0       0       0       0       0       0       0       0       0       
      +0       0       0       0       0       0       0       0       0       0       0       0       0       0       0       
      +0       0       0       0       0       0       0       0       0
  8236 ;;      Totals:         1       0       0       0       0       0       0       0       0       0       0       0       
      +0       0       0       0       0       0       0       0       0       0       0       0       0       0       0       
      +0       0       0       0       0       0       0       0       0       0       0       0       0       0       0       
      +0       0       0       0       0       0       0       0       0
  8237 ;;Total ram usage:        1 bytes
  8238 ;; Hardware stack levels used: 1
  8239 ;; Hardware stack levels required when called: 3
  8240 ;; This function calls:
  8241 ;;		Nothing
  8242 ;; This function is called by:
  8243 ;;		_main
  8244 ;; This function uses a non-reentrant model
  8245 ;;
  8246                           
  8247                           	psect	text34
  8248   00559A                     __ptext34:
  8249                           	callstack 0
  8250   00559A                     _ADC_StartConversion:
  8251                           	callstack 123
  8252                           
  8253                           ; BSR set to: 1
  8254                           ;incstack = 0
  8255                           ;ADC_StartConversion@channel stored from wreg
  8256   00559A  6E28               	movwf	ADC_StartConversion@channel^(0+1280),c
  8257   00559C                     
  8258                           ;mcc_generated_files/adc.c: 223: void ADC_StartConversion(ADC_channel_t channel);mcc_gen
      +                          erated_files/adc.c: 224: {;mcc_generated_files/adc.c: 226:     ADPCH = channel;
  8259   00559C  C528  F3EC         	movff	ADC_StartConversion@channel,1004	;volatile
  8260   0055A0                     
  8261                           ;mcc_generated_files/adc.c: 229:     ADCON0bits.ON = 1;
  8262   0055A0  0103               	movlb	3	; () banked
  8263   0055A2  8FF3               	bsf	243,7,b	;volatile
  8264   0055A4                     
  8265                           ; BSR set to: 3
  8266                           ;mcc_generated_files/adc.c: 232:     ADCON0bits.GO = 1;
  8267   0055A4  81F3               	bsf	243,0,b	;volatile
  8268   0055A6                     
  8269                           ; BSR set to: 3
  8270   0055A6  0012               	return		;funcret
  8271   0055A8                     __end_of_ADC_StartConversion:
  8272                           	callstack 0
  8273                           
  8274 ;; *************** function _ADC_SelectContext *****************
  8275 ;; Defined at:
  8276 ;;		line 194 in file "mcc_generated_files/adc.c"
  8277 ;; Parameters:    Size  Location     Type
  8278 ;;  context         1    wreg     enum E22934
  8279 ;; Auto vars:     Size  Location     Type
  8280 ;;  context         1    2[COMRAM] enum E22934
  8281 ;; Return value:  Size  Location     Type
  8282 ;;                  1    wreg      void 
  8283 ;; Registers used:
  8284 ;;		wreg
  8285 ;; Tracked objects:
  8286 ;;		On entry : 0/0
  8287 ;;		On exit  : 0/0
  8288 ;;		Unchanged: 0/0
  8289 ;; Data sizes:     COMRAM   BANK5   BANK6   BANK7   BANK8   BANK9  BANK10  BANK11  BANK12  BANK13  BANK14  BANK15  BANK1
      +6  BANK17  BANK18  BANK19  BANK20  BANK21  BANK22  BANK23  BANK24  BANK25  BANK26  BANK27  BANK28  BANK29  BANK30  BANK3
      +1  BANK32  BANK33  BANK34  BANK35  BANK36  BANK37  BANK38  BANK39  BANK40  BANK41  BANK42  BANK43  BANK44  BANK45  BANK4
      +6  BANK47  BANK48  BANK49  BANK50  BANK51  BANK52  BANK53  BANK54
  8290 ;;      Params:         0       0       0       0       0       0       0       0       0       0       0       0       
      +0       0       0       0       0       0       0       0       0       0       0       0       0       0       0       
      +0       0       0       0       0       0       0       0       0       0       0       0       0       0       0       
      +0       0       0       0       0       0       0       0       0
  8291 ;;      Locals:         1       0       0       0       0       0       0       0       0       0       0       0       
      +0       0       0       0       0       0       0       0       0       0       0       0       0       0       0       
      +0       0       0       0       0       0       0       0       0       0       0       0       0       0       0       
      +0       0       0       0       0       0       0       0       0
  8292 ;;      Temps:          0       0       0       0       0       0       0       0       0       0       0       0       
      +0       0       0       0       0       0       0       0       0       0       0       0       0       0       0       
      +0       0       0       0       0       0       0       0       0       0       0       0       0       0       0       
      +0       0       0       0       0       0       0       0       0
  8293 ;;      Totals:         1       0       0       0       0       0       0       0       0       0       0       0       
      +0       0       0       0       0       0       0       0       0       0       0       0       0       0       0       
      +0       0       0       0       0       0       0       0       0       0       0       0       0       0       0       
      +0       0       0       0       0       0       0       0       0
  8294 ;;Total ram usage:        1 bytes
  8295 ;; Hardware stack levels used: 1
  8296 ;; Hardware stack levels required when called: 3
  8297 ;; This function calls:
  8298 ;;		Nothing
  8299 ;; This function is called by:
  8300 ;;		_main
  8301 ;; This function uses a non-reentrant model
  8302 ;;
  8303                           
  8304                           	psect	text35
  8305   0055C8                     __ptext35:
  8306                           	callstack 0
  8307   0055C8                     _ADC_SelectContext:
  8308                           	callstack 123
  8309                           
  8310                           ; BSR set to: 3
  8311                           ;incstack = 0
  8312                           ;ADC_SelectContext@context stored from wreg
  8313   0055C8  6E28               	movwf	ADC_SelectContext@context^(0+1280),c
  8314   0055CA                     
  8315                           ;mcc_generated_files/adc.c: 194: __attribute__((inline)) void ADC_SelectContext(ADC_cont
      +                          ext_t context);mcc_generated_files/adc.c: 195: {;mcc_generated_files/adc.c: 196:     ADC
      +                          TX = context;
  8316   0055CA  C528  F3FB         	movff	ADC_SelectContext@context,1019	;volatile
  8317   0055CE  0012               	return		;funcret
  8318   0055D0                     __end_of_ADC_SelectContext:
  8319                           	callstack 0
  8320                           
  8321 ;; *************** function _ADC_IsConversionDone *****************
  8322 ;; Defined at:
  8323 ;;		line 235 in file "mcc_generated_files/adc.c"
  8324 ;; Parameters:    Size  Location     Type
  8325 ;;		None
  8326 ;; Auto vars:     Size  Location     Type
  8327 ;;		None
  8328 ;; Return value:  Size  Location     Type
  8329 ;;                  1    wreg      _Bool 
  8330 ;; Registers used:
  8331 ;;		wreg
  8332 ;; Tracked objects:
  8333 ;;		On entry : 0/0
  8334 ;;		On exit  : 0/0
  8335 ;;		Unchanged: 0/0
  8336 ;; Data sizes:     COMRAM   BANK5   BANK6   BANK7   BANK8   BANK9  BANK10  BANK11  BANK12  BANK13  BANK14  BANK15  BANK1
      +6  BANK17  BANK18  BANK19  BANK20  BANK21  BANK22  BANK23  BANK24  BANK25  BANK26  BANK27  BANK28  BANK29  BANK30  BANK3
      +1  BANK32  BANK33  BANK34  BANK35  BANK36  BANK37  BANK38  BANK39  BANK40  BANK41  BANK42  BANK43  BANK44  BANK45  BANK4
      +6  BANK47  BANK48  BANK49  BANK50  BANK51  BANK52  BANK53  BANK54
  8337 ;;      Params:         0       0       0       0       0       0       0       0       0       0       0       0       
      +0       0       0       0       0       0       0       0       0       0       0       0       0       0       0       
      +0       0       0       0       0       0       0       0       0       0       0       0       0       0       0       
      +0       0       0       0       0       0       0       0       0
  8338 ;;      Locals:         0       0       0       0       0       0       0       0       0       0       0       0       
      +0       0       0       0       0       0       0       0       0       0       0       0       0       0       0       
      +0       0       0       0       0       0       0       0       0       0       0       0       0       0       0       
      +0       0       0       0       0       0       0       0       0
  8339 ;;      Temps:          0       0       0       0       0       0       0       0       0       0       0       0       
      +0       0       0       0       0       0       0       0       0       0       0       0       0       0       0       
      +0       0       0       0       0       0       0       0       0       0       0       0       0       0       0       
      +0       0       0       0       0       0       0       0       0
  8340 ;;      Totals:         0       0       0       0       0       0       0       0       0       0       0       0       
      +0       0       0       0       0       0       0       0       0       0       0       0       0       0       0       
      +0       0       0       0       0       0       0       0       0       0       0       0       0       0       0       
      +0       0       0       0       0       0       0       0       0
  8341 ;;Total ram usage:        0 bytes
  8342 ;; Hardware stack levels used: 1
  8343 ;; Hardware stack levels required when called: 3
  8344 ;; This function calls:
  8345 ;;		Nothing
  8346 ;; This function is called by:
  8347 ;;		_main
  8348 ;; This function uses a non-reentrant model
  8349 ;;
  8350                           
  8351                           	psect	text36
  8352   0054CC                     __ptext36:
  8353                           	callstack 0
  8354   0054CC                     _ADC_IsConversionDone:
  8355                           	callstack 123
  8356   0054CC                     
  8357                           ;mcc_generated_files/adc.c: 237:     return (_Bool) (!ADCON0bits.GO);
  8358   0054CC  0103               	movlb	3	; () banked
  8359   0054CE  A1F3               	btfss	243,0,b	;volatile
  8360   0054D0  EF6C  F02A         	goto	u1571
  8361   0054D4  EF6F  F02A         	goto	u1570
  8362   0054D8                     u1571:
  8363   0054D8  0E01               	movlw	1
  8364   0054DA  EF70  F02A         	goto	u1580
  8365   0054DE                     u1570:
  8366   0054DE  0E00               	movlw	0
  8367   0054E0                     u1580:
  8368   0054E0                     
  8369                           ; BSR set to: 3
  8370   0054E0  0012               	return		;funcret
  8371   0054E2                     __end_of_ADC_IsConversionDone:
  8372                           	callstack 0
  8373                           
  8374 ;; *************** function _ADC_GetConversionResult *****************
  8375 ;; Defined at:
  8376 ;;		line 240 in file "mcc_generated_files/adc.c"
  8377 ;; Parameters:    Size  Location     Type
  8378 ;;		None
  8379 ;; Auto vars:     Size  Location     Type
  8380 ;;		None
  8381 ;; Return value:  Size  Location     Type
  8382 ;;                  2    2[COMRAM] unsigned short 
  8383 ;; Registers used:
  8384 ;;		wreg, status,2, status,0
  8385 ;; Tracked objects:
  8386 ;;		On entry : 0/0
  8387 ;;		On exit  : 0/0
  8388 ;;		Unchanged: 0/0
  8389 ;; Data sizes:     COMRAM   BANK5   BANK6   BANK7   BANK8   BANK9  BANK10  BANK11  BANK12  BANK13  BANK14  BANK15  BANK1
      +6  BANK17  BANK18  BANK19  BANK20  BANK21  BANK22  BANK23  BANK24  BANK25  BANK26  BANK27  BANK28  BANK29  BANK30  BANK3
      +1  BANK32  BANK33  BANK34  BANK35  BANK36  BANK37  BANK38  BANK39  BANK40  BANK41  BANK42  BANK43  BANK44  BANK45  BANK4
      +6  BANK47  BANK48  BANK49  BANK50  BANK51  BANK52  BANK53  BANK54
  8390 ;;      Params:         2       0       0       0       0       0       0       0       0       0       0       0       
      +0       0       0       0       0       0       0       0       0       0       0       0       0       0       0       
      +0       0       0       0       0       0       0       0       0       0       0       0       0       0       0       
      +0       0       0       0       0       0       0       0       0
  8391 ;;      Locals:         0       0       0       0       0       0       0       0       0       0       0       0       
      +0       0       0       0       0       0       0       0       0       0       0       0       0       0       0       
      +0       0       0       0       0       0       0       0       0       0       0       0       0       0       0       
      +0       0       0       0       0       0       0       0       0
  8392 ;;      Temps:          2       0       0       0       0       0       0       0       0       0       0       0       
      +0       0       0       0       0       0       0       0       0       0       0       0       0       0       0       
      +0       0       0       0       0       0       0       0       0       0       0       0       0       0       0       
      +0       0       0       0       0       0       0       0       0
  8393 ;;      Totals:         4       0       0       0       0       0       0       0       0       0       0       0       
      +0       0       0       0       0       0       0       0       0       0       0       0       0       0       0       
      +0       0       0       0       0       0       0       0       0       0       0       0       0       0       0       
      +0       0       0       0       0       0       0       0       0
  8394 ;;Total ram usage:        4 bytes
  8395 ;; Hardware stack levels used: 1
  8396 ;; Hardware stack levels required when called: 3
  8397 ;; This function calls:
  8398 ;;		Nothing
  8399 ;; This function is called by:
  8400 ;;		_main
  8401 ;; This function uses a non-reentrant model
  8402 ;;
  8403                           
  8404                           	psect	text37
  8405   0054E2                     __ptext37:
  8406                           	callstack 0
  8407   0054E2                     _ADC_GetConversionResult:
  8408                           	callstack 123
  8409   0054E2                     
  8410                           ;mcc_generated_files/adc.c: 243:     return ((adc_result_t) ((ADRESH << 8) + ADRESL));
  8411   0054E2  0103               	movlb	3	; () banked
  8412   0054E4  51EB               	movf	235,w,b	;volatile
  8413   0054E6  6E2B               	movwf	(??_ADC_GetConversionResult+1)^(0+1280),c
  8414   0054E8  6A2A               	clrf	??_ADC_GetConversionResult^(0+1280),c
  8415   0054EA  51EA               	movf	234,w,b	;volatile
  8416   0054EC  242A               	addwf	??_ADC_GetConversionResult^(0+1280),w,c
  8417   0054EE  6E28               	movwf	?_ADC_GetConversionResult^(0+1280),c
  8418   0054F0  0E00               	movlw	0
  8419   0054F2  202B               	addwfc	(??_ADC_GetConversionResult+1)^(0+1280),w,c
  8420   0054F4  6E29               	movwf	(?_ADC_GetConversionResult+1)^(0+1280),c
  8421   0054F6                     
  8422                           ; BSR set to: 3
  8423   0054F6  0012               	return		;funcret
  8424   0054F8                     __end_of_ADC_GetConversionResult:
  8425                           	callstack 0
  8426                           
  8427 ;; *************** function _INTERRUPT_InterruptManager *****************
  8428 ;; Defined at:
  8429 ;;		line 58 in file "mcc_generated_files/interrupt_manager.c"
  8430 ;; Parameters:    Size  Location     Type
  8431 ;;		None
  8432 ;; Auto vars:     Size  Location     Type
  8433 ;;		None
  8434 ;; Return value:  Size  Location     Type
  8435 ;;                  1    wreg      void 
  8436 ;; Registers used:
  8437 ;;		wreg, pcl, pclath, pclatu, tosl, cstack
  8438 ;; Tracked objects:
  8439 ;;		On entry : 0/0
  8440 ;;		On exit  : 0/0
  8441 ;;		Unchanged: 0/0
  8442 ;; Data sizes:     COMRAM   BANK5   BANK6   BANK7   BANK8   BANK9  BANK10  BANK11  BANK12  BANK13  BANK14  BANK15  BANK1
      +6  BANK17  BANK18  BANK19  BANK20  BANK21  BANK22  BANK23  BANK24  BANK25  BANK26  BANK27  BANK28  BANK29  BANK30  BANK3
      +1  BANK32  BANK33  BANK34  BANK35  BANK36  BANK37  BANK38  BANK39  BANK40  BANK41  BANK42  BANK43  BANK44  BANK45  BANK4
      +6  BANK47  BANK48  BANK49  BANK50  BANK51  BANK52  BANK53  BANK54
  8443 ;;      Params:         0       0       0       0       0       0       0       0       0       0       0       0       
      +0       0       0       0       0       0       0       0       0       0       0       0       0       0       0       
      +0       0       0       0       0       0       0       0       0       0       0       0       0       0       0       
      +0       0       0       0       0       0       0       0       0
  8444 ;;      Locals:         0       0       0       0       0       0       0       0       0       0       0       0       
      +0       0       0       0       0       0       0       0       0       0       0       0       0       0       0       
      +0       0       0       0       0       0       0       0       0       0       0       0       0       0       0       
      +0       0       0       0       0       0       0       0       0
  8445 ;;      Temps:          2       0       0       0       0       0       0       0       0       0       0       0       
      +0       0       0       0       0       0       0       0       0       0       0       0       0       0       0       
      +0       0       0       0       0       0       0       0       0       0       0       0       0       0       0       
      +0       0       0       0       0       0       0       0       0
  8446 ;;      Totals:         2       0       0       0       0       0       0       0       0       0       0       0       
      +0       0       0       0       0       0       0       0       0       0       0       0       0       0       0       
      +0       0       0       0       0       0       0       0       0       0       0       0       0       0       0       
      +0       0       0       0       0       0       0       0       0
  8447 ;;Total ram usage:        2 bytes
  8448 ;; Hardware stack levels used: 1
  8449 ;; Hardware stack levels required when called: 2
  8450 ;; This function calls:
  8451 ;;		_CAN1_ISR
  8452 ;; This function is called by:
  8453 ;;		Interrupt level 2
  8454 ;; This function uses a non-reentrant model
  8455 ;;
  8456                           
  8457                           	psect	text38
  8458   0053BA                     __ptext38:
  8459                           	callstack 0
  8460   0053BA                     _INTERRUPT_InterruptManager:
  8461                           	callstack 120
  8462                           
  8463                           ; BSR set to: 3
  8464                           ;incstack = 0
  8465   0053BA  C4FA F526          	movff	pclath,??_INTERRUPT_InterruptManager
  8466   0053BE  C4FB F527          	movff	pclatu,??_INTERRUPT_InterruptManager+1
  8467   0053C2                     
  8468                           ;mcc_generated_files/interrupt_manager.c: 61:     if(PIE0bits.CANIE == 1 && PIR0bits.CAN
      +                          IF == 1)
  8469   0053C2  AC9E               	btfss	158,6,c	;volatile
  8470   0053C4  EFE6  F029         	goto	i2u60_41
  8471   0053C8  EFE8  F029         	goto	i2u60_40
  8472   0053CC                     i2u60_41:
  8473   0053CC  EFF1  F029         	goto	i2l640
  8474   0053D0                     i2u60_40:
  8475   0053D0  ACAE               	btfss	174,6,c	;volatile
  8476   0053D2  EFED  F029         	goto	i2u61_41
  8477   0053D6  EFEF  F029         	goto	i2u61_40
  8478   0053DA                     i2u61_41:
  8479   0053DA  EFF1  F029         	goto	i2l640
  8480   0053DE                     i2u61_40:
  8481   0053DE                     
  8482                           ;mcc_generated_files/interrupt_manager.c: 62:     {;mcc_generated_files/interrupt_manage
      +                          r.c: 63:         CAN1_ISR();
  8483   0053DE  EC7F  F026         	call	_CAN1_ISR	;wreg free
  8484   0053E2                     i2l640:
  8485   0053E2  C527  F4FB         	movff	??_INTERRUPT_InterruptManager+1,pclatu
  8486   0053E6  C526  F4FA         	movff	??_INTERRUPT_InterruptManager,pclath
  8487   0053EA  0011               	retfie		f
  8488   0053EC                     __end_of_INTERRUPT_InterruptManager:
  8489                           	callstack 0
  8490                           
  8491 ;; *************** function _CAN1_ISR *****************
  8492 ;; Defined at:
  8493 ;;		line 434 in file "mcc_generated_files/can1.c"
  8494 ;; Parameters:    Size  Location     Type
  8495 ;;		None
  8496 ;; Auto vars:     Size  Location     Type
  8497 ;;		None
  8498 ;; Return value:  Size  Location     Type
  8499 ;;                  1    wreg      void 
  8500 ;; Registers used:
  8501 ;;		wreg, pcl, pclath, pclatu, tosl, cstack
  8502 ;; Tracked objects:
  8503 ;;		On entry : 0/0
  8504 ;;		On exit  : 0/0
  8505 ;;		Unchanged: 0/0
  8506 ;; Data sizes:     COMRAM   BANK5   BANK6   BANK7   BANK8   BANK9  BANK10  BANK11  BANK12  BANK13  BANK14  BANK15  BANK1
      +6  BANK17  BANK18  BANK19  BANK20  BANK21  BANK22  BANK23  BANK24  BANK25  BANK26  BANK27  BANK28  BANK29  BANK30  BANK3
      +1  BANK32  BANK33  BANK34  BANK35  BANK36  BANK37  BANK38  BANK39  BANK40  BANK41  BANK42  BANK43  BANK44  BANK45  BANK4
      +6  BANK47  BANK48  BANK49  BANK50  BANK51  BANK52  BANK53  BANK54
  8507 ;;      Params:         0       0       0       0       0       0       0       0       0       0       0       0       
      +0       0       0       0       0       0       0       0       0       0       0       0       0       0       0       
      +0       0       0       0       0       0       0       0       0       0       0       0       0       0       0       
      +0       0       0       0       0       0       0       0       0
  8508 ;;      Locals:         0       0       0       0       0       0       0       0       0       0       0       0       
      +0       0       0       0       0       0       0       0       0       0       0       0       0       0       0       
      +0       0       0       0       0       0       0       0       0       0       0       0       0       0       0       
      +0       0       0       0       0       0       0       0       0
  8509 ;;      Temps:          0       0       0       0       0       0       0       0       0       0       0       0       
      +0       0       0       0       0       0       0       0       0       0       0       0       0       0       0       
      +0       0       0       0       0       0       0       0       0       0       0       0       0       0       0       
      +0       0       0       0       0       0       0       0       0
  8510 ;;      Totals:         0       0       0       0       0       0       0       0       0       0       0       0       
      +0       0       0       0       0       0       0       0       0       0       0       0       0       0       0       
      +0       0       0       0       0       0       0       0       0       0       0       0       0       0       0       
      +0       0       0       0       0       0       0       0       0
  8511 ;;Total ram usage:        0 bytes
  8512 ;; Hardware stack levels used: 1
  8513 ;; Hardware stack levels required when called: 1
  8514 ;; This function calls:
  8515 ;;		NULL
  8516 ;;		_DefaultBusErrorHandler
  8517 ;;		_DefaultBusWakeUpActivityHandler
  8518 ;;		_DefaultInvalidMessageHandler
  8519 ;;		_DefaultModeChangeHandler
  8520 ;;		_DefaultSystemErrorHandler
  8521 ;;		_DefaultTxAttemptHandler
  8522 ;; This function is called by:
  8523 ;;		_INTERRUPT_InterruptManager
  8524 ;; This function uses a non-reentrant model
  8525 ;;
  8526                           
  8527                           	psect	text39
  8528   004CFE                     __ptext39:
  8529                           	callstack 0
  8530   004CFE                     _CAN1_ISR:
  8531                           	callstack 120
  8532   004CFE                     
  8533                           ;mcc_generated_files/can1.c: 436:     if (1 == C1INTHbits.IVMIF)
  8534   004CFE  0101               	movlb	1	; () banked
  8535   004D00  AF1D               	btfss	29,7,b	;volatile
  8536   004D02  EF85  F026         	goto	i2u34_41
  8537   004D06  EF87  F026         	goto	i2u34_40
  8538   004D0A                     i2u34_41:
  8539   004D0A  EF96  F026         	goto	i2l1759
  8540   004D0E                     i2u34_40:
  8541   004D0E                     
  8542                           ; BSR set to: 1
  8543                           ;mcc_generated_files/can1.c: 437:     {;mcc_generated_files/can1.c: 438:         CAN1_In
      +                          validMessageHandler();
  8544   004D0E  D802               	call	i2u35_48
  8545   004D10  EF94  F026         	goto	i2u35_49
  8546   004D14                     i2u35_48:
  8547   004D14  0005               	push	
  8548   004D16  6EFA               	movwf	pclath,c
  8549   004D18  5018               	movf	_CAN1_InvalidMessageHandler^(0+1280),w,c
  8550   004D1A  6EFD               	movwf	tosl,c
  8551   004D1C  5019               	movf	(_CAN1_InvalidMessageHandler+1)^(0+1280),w,c
  8552   004D1E  6EFE               	movwf	tosh,c
  8553   004D20  501A               	movf	(_CAN1_InvalidMessageHandler+2)^(0+1280),w,c
  8554   004D22  6EFF               	movwf	tosu,c
  8555   004D24  50FA               	movf	pclath,w,c
  8556   004D26  0012               	return		;indir
  8557   004D28                     i2u35_49:
  8558   004D28                     
  8559                           ;mcc_generated_files/can1.c: 439:         C1INTHbits.IVMIF = 0;
  8560   004D28  0101               	movlb	1	; () banked
  8561   004D2A  9F1D               	bcf	29,7,b	;volatile
  8562   004D2C                     i2l1759:
  8563                           
  8564                           ; BSR set to: 1
  8565                           ;mcc_generated_files/can1.c: 442:     if (1 == C1INTHbits.WAKIF)
  8566   004D2C  AD1D               	btfss	29,6,b	;volatile
  8567   004D2E  EF9B  F026         	goto	i2u36_41
  8568   004D32  EF9D  F026         	goto	i2u36_40
  8569   004D36                     i2u36_41:
  8570   004D36  EFAC  F026         	goto	i2l1765
  8571   004D3A                     i2u36_40:
  8572   004D3A                     
  8573                           ; BSR set to: 1
  8574                           ;mcc_generated_files/can1.c: 443:     {;mcc_generated_files/can1.c: 444:         CAN1_Bu
      +                          sWakeUpActivityHandler();
  8575   004D3A  D802               	call	i2u37_48
  8576   004D3C  EFAA  F026         	goto	i2u37_49
  8577   004D40                     i2u37_48:
  8578   004D40  0005               	push	
  8579   004D42  6EFA               	movwf	pclath,c
  8580   004D44  5015               	movf	_CAN1_BusWakeUpActivityHandler^(0+1280),w,c
  8581   004D46  6EFD               	movwf	tosl,c
  8582   004D48  5016               	movf	(_CAN1_BusWakeUpActivityHandler+1)^(0+1280),w,c
  8583   004D4A  6EFE               	movwf	tosh,c
  8584   004D4C  5017               	movf	(_CAN1_BusWakeUpActivityHandler+2)^(0+1280),w,c
  8585   004D4E  6EFF               	movwf	tosu,c
  8586   004D50  50FA               	movf	pclath,w,c
  8587   004D52  0012               	return		;indir
  8588   004D54                     i2u37_49:
  8589   004D54                     
  8590                           ;mcc_generated_files/can1.c: 445:         C1INTHbits.WAKIF = 0;
  8591   004D54  0101               	movlb	1	; () banked
  8592   004D56  9D1D               	bcf	29,6,b	;volatile
  8593   004D58                     i2l1765:
  8594                           
  8595                           ; BSR set to: 1
  8596                           ;mcc_generated_files/can1.c: 448:     if (1 == C1INTHbits.CERRIF)
  8597   004D58  AB1D               	btfss	29,5,b	;volatile
  8598   004D5A  EFB1  F026         	goto	i2u38_41
  8599   004D5E  EFB3  F026         	goto	i2u38_40
  8600   004D62                     i2u38_41:
  8601   004D62  EFC2  F026         	goto	i2l1771
  8602   004D66                     i2u38_40:
  8603   004D66                     
  8604                           ; BSR set to: 1
  8605                           ;mcc_generated_files/can1.c: 449:     {;mcc_generated_files/can1.c: 450:         CAN1_Bu
      +                          sErrorHandler();
  8606   004D66  D802               	call	i2u39_48
  8607   004D68  EFC0  F026         	goto	i2u39_49
  8608   004D6C                     i2u39_48:
  8609   004D6C  0005               	push	
  8610   004D6E  6EFA               	movwf	pclath,c
  8611   004D70  5012               	movf	_CAN1_BusErrorHandler^(0+1280),w,c
  8612   004D72  6EFD               	movwf	tosl,c
  8613   004D74  5013               	movf	(_CAN1_BusErrorHandler+1)^(0+1280),w,c
  8614   004D76  6EFE               	movwf	tosh,c
  8615   004D78  5014               	movf	(_CAN1_BusErrorHandler+2)^(0+1280),w,c
  8616   004D7A  6EFF               	movwf	tosu,c
  8617   004D7C  50FA               	movf	pclath,w,c
  8618   004D7E  0012               	return		;indir
  8619   004D80                     i2u39_49:
  8620   004D80                     
  8621                           ;mcc_generated_files/can1.c: 451:         C1INTHbits.CERRIF = 0;
  8622   004D80  0101               	movlb	1	; () banked
  8623   004D82  9B1D               	bcf	29,5,b	;volatile
  8624   004D84                     i2l1771:
  8625                           
  8626                           ; BSR set to: 1
  8627                           ;mcc_generated_files/can1.c: 454:     if (1 == C1INTLbits.MODIF)
  8628   004D84  A71C               	btfss	28,3,b	;volatile
  8629   004D86  EFC7  F026         	goto	i2u40_41
  8630   004D8A  EFC9  F026         	goto	i2u40_40
  8631   004D8E                     i2u40_41:
  8632   004D8E  EFD8  F026         	goto	i2l1777
  8633   004D92                     i2u40_40:
  8634   004D92                     
  8635                           ; BSR set to: 1
  8636                           ;mcc_generated_files/can1.c: 455:     {;mcc_generated_files/can1.c: 456:         CAN1_Mo
      +                          deChangeHandler();
  8637   004D92  D802               	call	i2u41_48
  8638   004D94  EFD6  F026         	goto	i2u41_49
  8639   004D98                     i2u41_48:
  8640   004D98  0005               	push	
  8641   004D9A  6EFA               	movwf	pclath,c
  8642   004D9C  500F               	movf	_CAN1_ModeChangeHandler^(0+1280),w,c
  8643   004D9E  6EFD               	movwf	tosl,c
  8644   004DA0  5010               	movf	(_CAN1_ModeChangeHandler+1)^(0+1280),w,c
  8645   004DA2  6EFE               	movwf	tosh,c
  8646   004DA4  5011               	movf	(_CAN1_ModeChangeHandler+2)^(0+1280),w,c
  8647   004DA6  6EFF               	movwf	tosu,c
  8648   004DA8  50FA               	movf	pclath,w,c
  8649   004DAA  0012               	return		;indir
  8650   004DAC                     i2u41_49:
  8651   004DAC                     
  8652                           ;mcc_generated_files/can1.c: 457:         C1INTLbits.MODIF = 0;
  8653   004DAC  0101               	movlb	1	; () banked
  8654   004DAE  971C               	bcf	28,3,b	;volatile
  8655   004DB0                     i2l1777:
  8656                           
  8657                           ; BSR set to: 1
  8658                           ;mcc_generated_files/can1.c: 460:     if (1 == C1INTHbits.SERRIF)
  8659   004DB0  A91D               	btfss	29,4,b	;volatile
  8660   004DB2  EFDD  F026         	goto	i2u42_41
  8661   004DB6  EFDF  F026         	goto	i2u42_40
  8662   004DBA                     i2u42_41:
  8663   004DBA  EFEE  F026         	goto	i2l1783
  8664   004DBE                     i2u42_40:
  8665   004DBE                     
  8666                           ; BSR set to: 1
  8667                           ;mcc_generated_files/can1.c: 461:     {;mcc_generated_files/can1.c: 462:         CAN1_Sy
      +                          stemErrorHandler();
  8668   004DBE  D802               	call	i2u43_48
  8669   004DC0  EFEC  F026         	goto	i2u43_49
  8670   004DC4                     i2u43_48:
  8671   004DC4  0005               	push	
  8672   004DC6  6EFA               	movwf	pclath,c
  8673   004DC8  500C               	movf	_CAN1_SystemErrorHandler^(0+1280),w,c
  8674   004DCA  6EFD               	movwf	tosl,c
  8675   004DCC  500D               	movf	(_CAN1_SystemErrorHandler+1)^(0+1280),w,c
  8676   004DCE  6EFE               	movwf	tosh,c
  8677   004DD0  500E               	movf	(_CAN1_SystemErrorHandler+2)^(0+1280),w,c
  8678   004DD2  6EFF               	movwf	tosu,c
  8679   004DD4  50FA               	movf	pclath,w,c
  8680   004DD6  0012               	return		;indir
  8681   004DD8                     i2u43_49:
  8682   004DD8                     
  8683                           ;mcc_generated_files/can1.c: 463:         C1INTHbits.SERRIF = 0;
  8684   004DD8  0101               	movlb	1	; () banked
  8685   004DDA  991D               	bcf	29,4,b	;volatile
  8686   004DDC                     i2l1783:
  8687                           
  8688                           ; BSR set to: 1
  8689                           ;mcc_generated_files/can1.c: 466:     if (1 == C1INTHbits.TXATIF)
  8690   004DDC  A51D               	btfss	29,2,b	;volatile
  8691   004DDE  EFF3  F026         	goto	i2u44_41
  8692   004DE2  EFF5  F026         	goto	i2u44_40
  8693   004DE6                     i2u44_41:
  8694   004DE6  EF13  F027         	goto	i2l365
  8695   004DEA                     i2u44_40:
  8696   004DEA                     
  8697                           ; BSR set to: 1
  8698                           ;mcc_generated_files/can1.c: 467:     {;mcc_generated_files/can1.c: 468:         CAN1_Tx
      +                          AttemptHandler();
  8699   004DEA  D802               	call	i2u45_48
  8700   004DEC  EF02  F027         	goto	i2u45_49
  8701   004DF0                     i2u45_48:
  8702   004DF0  0005               	push	
  8703   004DF2  6EFA               	movwf	pclath,c
  8704   004DF4  5009               	movf	_CAN1_TxAttemptHandler^(0+1280),w,c
  8705   004DF6  6EFD               	movwf	tosl,c
  8706   004DF8  500A               	movf	(_CAN1_TxAttemptHandler+1)^(0+1280),w,c
  8707   004DFA  6EFE               	movwf	tosh,c
  8708   004DFC  500B               	movf	(_CAN1_TxAttemptHandler+2)^(0+1280),w,c
  8709   004DFE  6EFF               	movwf	tosu,c
  8710   004E00  50FA               	movf	pclath,w,c
  8711   004E02  0012               	return		;indir
  8712   004E04                     i2u45_49:
  8713   004E04                     
  8714                           ;mcc_generated_files/can1.c: 469:         if (1 == C1TXQSTALbits.TXATIF)
  8715   004E04  0101               	movlb	1	; () banked
  8716   004E06  A954               	btfss	84,4,b	;volatile
  8717   004E08  EF08  F027         	goto	i2u46_41
  8718   004E0C  EF0A  F027         	goto	i2u46_40
  8719   004E10                     i2u46_41:
  8720   004E10  EF0B  F027         	goto	i2l366
  8721   004E14                     i2u46_40:
  8722   004E14                     
  8723                           ; BSR set to: 1
  8724                           ;mcc_generated_files/can1.c: 470:         {;mcc_generated_files/can1.c: 471:            
      +                           C1TXQSTALbits.TXATIF = 0;
  8725   004E14  9954               	bcf	84,4,b	;volatile
  8726   004E16                     i2l366:
  8727                           
  8728                           ; BSR set to: 1
  8729                           ;mcc_generated_files/can1.c: 473:         if (1 == C1FIFOSTA1Lbits.TXATIF)
  8730   004E16  A960               	btfss	96,4,b	;volatile
  8731   004E18  EF10  F027         	goto	i2u47_41
  8732   004E1C  EF12  F027         	goto	i2u47_40
  8733   004E20                     i2u47_41:
  8734   004E20  EF13  F027         	goto	i2l365
  8735   004E24                     i2u47_40:
  8736   004E24                     
  8737                           ; BSR set to: 1
  8738                           ;mcc_generated_files/can1.c: 474:         {;mcc_generated_files/can1.c: 475:            
      +                           C1FIFOSTA1Lbits.TXATIF = 0;
  8739   004E24  9960               	bcf	96,4,b	;volatile
  8740   004E26                     i2l365:
  8741                           
  8742                           ; BSR set to: 1
  8743                           ;mcc_generated_files/can1.c: 479:     PIR0bits.CANIF = 0;
  8744   004E26  9CAE               	bcf	174,6,c	;volatile
  8745   004E28                     
  8746                           ; BSR set to: 1
  8747   004E28  0012               	return		;funcret
  8748   004E2A                     __end_of_CAN1_ISR:
  8749                           	callstack 0
  8750                           
  8751 ;; *************** function _DefaultTxAttemptHandler *****************
  8752 ;; Defined at:
  8753 ;;		line 112 in file "mcc_generated_files/can1.c"
  8754 ;; Parameters:    Size  Location     Type
  8755 ;;		None
  8756 ;; Auto vars:     Size  Location     Type
  8757 ;;		None
  8758 ;; Return value:  Size  Location     Type
  8759 ;;                  1    wreg      void 
  8760 ;; Registers used:
  8761 ;;		None
  8762 ;; Tracked objects:
  8763 ;;		On entry : 0/0
  8764 ;;		On exit  : 0/0
  8765 ;;		Unchanged: 0/0
  8766 ;; Data sizes:     COMRAM   BANK5   BANK6   BANK7   BANK8   BANK9  BANK10  BANK11  BANK12  BANK13  BANK14  BANK15  BANK1
      +6  BANK17  BANK18  BANK19  BANK20  BANK21  BANK22  BANK23  BANK24  BANK25  BANK26  BANK27  BANK28  BANK29  BANK30  BANK3
      +1  BANK32  BANK33  BANK34  BANK35  BANK36  BANK37  BANK38  BANK39  BANK40  BANK41  BANK42  BANK43  BANK44  BANK45  BANK4
      +6  BANK47  BANK48  BANK49  BANK50  BANK51  BANK52  BANK53  BANK54
  8767 ;;      Params:         0       0       0       0       0       0       0       0       0       0       0       0       
      +0       0       0       0       0       0       0       0       0       0       0       0       0       0       0       
      +0       0       0       0       0       0       0       0       0       0       0       0       0       0       0       
      +0       0       0       0       0       0       0       0       0
  8768 ;;      Locals:         0       0       0       0       0       0       0       0       0       0       0       0       
      +0       0       0       0       0       0       0       0       0       0       0       0       0       0       0       
      +0       0       0       0       0       0       0       0       0       0       0       0       0       0       0       
      +0       0       0       0       0       0       0       0       0
  8769 ;;      Temps:          0       0       0       0       0       0       0       0       0       0       0       0       
      +0       0       0       0       0       0       0       0       0       0       0       0       0       0       0       
      +0       0       0       0       0       0       0       0       0       0       0       0       0       0       0       
      +0       0       0       0       0       0       0       0       0
  8770 ;;      Totals:         0       0       0       0       0       0       0       0       0       0       0       0       
      +0       0       0       0       0       0       0       0       0       0       0       0       0       0       0       
      +0       0       0       0       0       0       0       0       0       0       0       0       0       0       0       
      +0       0       0       0       0       0       0       0       0
  8771 ;;Total ram usage:        0 bytes
  8772 ;; Hardware stack levels used: 1
  8773 ;; This function calls:
  8774 ;;		Nothing
  8775 ;; This function is called by:
  8776 ;;		_CAN1_ErrorNotificationInterruptEnable
  8777 ;;		_CAN1_ISR
  8778 ;; This function uses a non-reentrant model
  8779 ;;
  8780                           
  8781                           	psect	text40
  8782   0055D6                     __ptext40:
  8783                           	callstack 0
  8784   0055D6                     _DefaultTxAttemptHandler:
  8785                           	callstack 120
  8786   0055D6  0012               	return		;funcret
  8787   0055D8                     __end_of_DefaultTxAttemptHandler:
  8788                           	callstack 0
  8789                           
  8790 ;; *************** function _DefaultSystemErrorHandler *****************
  8791 ;; Defined at:
  8792 ;;		line 108 in file "mcc_generated_files/can1.c"
  8793 ;; Parameters:    Size  Location     Type
  8794 ;;		None
  8795 ;; Auto vars:     Size  Location     Type
  8796 ;;		None
  8797 ;; Return value:  Size  Location     Type
  8798 ;;                  1    wreg      void 
  8799 ;; Registers used:
  8800 ;;		None
  8801 ;; Tracked objects:
  8802 ;;		On entry : 0/0
  8803 ;;		On exit  : 0/0
  8804 ;;		Unchanged: 0/0
  8805 ;; Data sizes:     COMRAM   BANK5   BANK6   BANK7   BANK8   BANK9  BANK10  BANK11  BANK12  BANK13  BANK14  BANK15  BANK1
      +6  BANK17  BANK18  BANK19  BANK20  BANK21  BANK22  BANK23  BANK24  BANK25  BANK26  BANK27  BANK28  BANK29  BANK30  BANK3
      +1  BANK32  BANK33  BANK34  BANK35  BANK36  BANK37  BANK38  BANK39  BANK40  BANK41  BANK42  BANK43  BANK44  BANK45  BANK4
      +6  BANK47  BANK48  BANK49  BANK50  BANK51  BANK52  BANK53  BANK54
  8806 ;;      Params:         0       0       0       0       0       0       0       0       0       0       0       0       
      +0       0       0       0       0       0       0       0       0       0       0       0       0       0       0       
      +0       0       0       0       0       0       0       0       0       0       0       0       0       0       0       
      +0       0       0       0       0       0       0       0       0
  8807 ;;      Locals:         0       0       0       0       0       0       0       0       0       0       0       0       
      +0       0       0       0       0       0       0       0       0       0       0       0       0       0       0       
      +0       0       0       0       0       0       0       0       0       0       0       0       0       0       0       
      +0       0       0       0       0       0       0       0       0
  8808 ;;      Temps:          0       0       0       0       0       0       0       0       0       0       0       0       
      +0       0       0       0       0       0       0       0       0       0       0       0       0       0       0       
      +0       0       0       0       0       0       0       0       0       0       0       0       0       0       0       
      +0       0       0       0       0       0       0       0       0
  8809 ;;      Totals:         0       0       0       0       0       0       0       0       0       0       0       0       
      +0       0       0       0       0       0       0       0       0       0       0       0       0       0       0       
      +0       0       0       0       0       0       0       0       0       0       0       0       0       0       0       
      +0       0       0       0       0       0       0       0       0
  8810 ;;Total ram usage:        0 bytes
  8811 ;; Hardware stack levels used: 1
  8812 ;; This function calls:
  8813 ;;		Nothing
  8814 ;; This function is called by:
  8815 ;;		_CAN1_ErrorNotificationInterruptEnable
  8816 ;;		_CAN1_ISR
  8817 ;; This function uses a non-reentrant model
  8818 ;;
  8819                           
  8820                           	psect	text41
  8821   0055D8                     __ptext41:
  8822                           	callstack 0
  8823   0055D8                     _DefaultSystemErrorHandler:
  8824                           	callstack 120
  8825   0055D8  0012               	return		;funcret
  8826   0055DA                     __end_of_DefaultSystemErrorHandler:
  8827                           	callstack 0
  8828                           
  8829 ;; *************** function _DefaultModeChangeHandler *****************
  8830 ;; Defined at:
  8831 ;;		line 104 in file "mcc_generated_files/can1.c"
  8832 ;; Parameters:    Size  Location     Type
  8833 ;;		None
  8834 ;; Auto vars:     Size  Location     Type
  8835 ;;		None
  8836 ;; Return value:  Size  Location     Type
  8837 ;;                  1    wreg      void 
  8838 ;; Registers used:
  8839 ;;		None
  8840 ;; Tracked objects:
  8841 ;;		On entry : 0/0
  8842 ;;		On exit  : 0/0
  8843 ;;		Unchanged: 0/0
  8844 ;; Data sizes:     COMRAM   BANK5   BANK6   BANK7   BANK8   BANK9  BANK10  BANK11  BANK12  BANK13  BANK14  BANK15  BANK1
      +6  BANK17  BANK18  BANK19  BANK20  BANK21  BANK22  BANK23  BANK24  BANK25  BANK26  BANK27  BANK28  BANK29  BANK30  BANK3
      +1  BANK32  BANK33  BANK34  BANK35  BANK36  BANK37  BANK38  BANK39  BANK40  BANK41  BANK42  BANK43  BANK44  BANK45  BANK4
      +6  BANK47  BANK48  BANK49  BANK50  BANK51  BANK52  BANK53  BANK54
  8845 ;;      Params:         0       0       0       0       0       0       0       0       0       0       0       0       
      +0       0       0       0       0       0       0       0       0       0       0       0       0       0       0       
      +0       0       0       0       0       0       0       0       0       0       0       0       0       0       0       
      +0       0       0       0       0       0       0       0       0
  8846 ;;      Locals:         0       0       0       0       0       0       0       0       0       0       0       0       
      +0       0       0       0       0       0       0       0       0       0       0       0       0       0       0       
      +0       0       0       0       0       0       0       0       0       0       0       0       0       0       0       
      +0       0       0       0       0       0       0       0       0
  8847 ;;      Temps:          0       0       0       0       0       0       0       0       0       0       0       0       
      +0       0       0       0       0       0       0       0       0       0       0       0       0       0       0       
      +0       0       0       0       0       0       0       0       0       0       0       0       0       0       0       
      +0       0       0       0       0       0       0       0       0
  8848 ;;      Totals:         0       0       0       0       0       0       0       0       0       0       0       0       
      +0       0       0       0       0       0       0       0       0       0       0       0       0       0       0       
      +0       0       0       0       0       0       0       0       0       0       0       0       0       0       0       
      +0       0       0       0       0       0       0       0       0
  8849 ;;Total ram usage:        0 bytes
  8850 ;; Hardware stack levels used: 1
  8851 ;; This function calls:
  8852 ;;		Nothing
  8853 ;; This function is called by:
  8854 ;;		_CAN1_ErrorNotificationInterruptEnable
  8855 ;;		_CAN1_ISR
  8856 ;; This function uses a non-reentrant model
  8857 ;;
  8858                           
  8859                           	psect	text42
  8860   0055DA                     __ptext42:
  8861                           	callstack 0
  8862   0055DA                     _DefaultModeChangeHandler:
  8863                           	callstack 120
  8864   0055DA  0012               	return		;funcret
  8865   0055DC                     __end_of_DefaultModeChangeHandler:
  8866                           	callstack 0
  8867                           
  8868 ;; *************** function _DefaultInvalidMessageHandler *****************
  8869 ;; Defined at:
  8870 ;;		line 92 in file "mcc_generated_files/can1.c"
  8871 ;; Parameters:    Size  Location     Type
  8872 ;;		None
  8873 ;; Auto vars:     Size  Location     Type
  8874 ;;		None
  8875 ;; Return value:  Size  Location     Type
  8876 ;;                  1    wreg      void 
  8877 ;; Registers used:
  8878 ;;		None
  8879 ;; Tracked objects:
  8880 ;;		On entry : 0/0
  8881 ;;		On exit  : 0/0
  8882 ;;		Unchanged: 0/0
  8883 ;; Data sizes:     COMRAM   BANK5   BANK6   BANK7   BANK8   BANK9  BANK10  BANK11  BANK12  BANK13  BANK14  BANK15  BANK1
      +6  BANK17  BANK18  BANK19  BANK20  BANK21  BANK22  BANK23  BANK24  BANK25  BANK26  BANK27  BANK28  BANK29  BANK30  BANK3
      +1  BANK32  BANK33  BANK34  BANK35  BANK36  BANK37  BANK38  BANK39  BANK40  BANK41  BANK42  BANK43  BANK44  BANK45  BANK4
      +6  BANK47  BANK48  BANK49  BANK50  BANK51  BANK52  BANK53  BANK54
  8884 ;;      Params:         0       0       0       0       0       0       0       0       0       0       0       0       
      +0       0       0       0       0       0       0       0       0       0       0       0       0       0       0       
      +0       0       0       0       0       0       0       0       0       0       0       0       0       0       0       
      +0       0       0       0       0       0       0       0       0
  8885 ;;      Locals:         0       0       0       0       0       0       0       0       0       0       0       0       
      +0       0       0       0       0       0       0       0       0       0       0       0       0       0       0       
      +0       0       0       0       0       0       0       0       0       0       0       0       0       0       0       
      +0       0       0       0       0       0       0       0       0
  8886 ;;      Temps:          0       0       0       0       0       0       0       0       0       0       0       0       
      +0       0       0       0       0       0       0       0       0       0       0       0       0       0       0       
      +0       0       0       0       0       0       0       0       0       0       0       0       0       0       0       
      +0       0       0       0       0       0       0       0       0
  8887 ;;      Totals:         0       0       0       0       0       0       0       0       0       0       0       0       
      +0       0       0       0       0       0       0       0       0       0       0       0       0       0       0       
      +0       0       0       0       0       0       0       0       0       0       0       0       0       0       0       
      +0       0       0       0       0       0       0       0       0
  8888 ;;Total ram usage:        0 bytes
  8889 ;; Hardware stack levels used: 1
  8890 ;; This function calls:
  8891 ;;		Nothing
  8892 ;; This function is called by:
  8893 ;;		_CAN1_ErrorNotificationInterruptEnable
  8894 ;;		_CAN1_ISR
  8895 ;; This function uses a non-reentrant model
  8896 ;;
  8897                           
  8898                           	psect	text43
  8899   0055DC                     __ptext43:
  8900                           	callstack 0
  8901   0055DC                     _DefaultInvalidMessageHandler:
  8902                           	callstack 120
  8903   0055DC  0012               	return		;funcret
  8904   0055DE                     __end_of_DefaultInvalidMessageHandler:
  8905                           	callstack 0
  8906                           
  8907 ;; *************** function _DefaultBusWakeUpActivityHandler *****************
  8908 ;; Defined at:
  8909 ;;		line 96 in file "mcc_generated_files/can1.c"
  8910 ;; Parameters:    Size  Location     Type
  8911 ;;		None
  8912 ;; Auto vars:     Size  Location     Type
  8913 ;;		None
  8914 ;; Return value:  Size  Location     Type
  8915 ;;                  1    wreg      void 
  8916 ;; Registers used:
  8917 ;;		None
  8918 ;; Tracked objects:
  8919 ;;		On entry : 0/0
  8920 ;;		On exit  : 0/0
  8921 ;;		Unchanged: 0/0
  8922 ;; Data sizes:     COMRAM   BANK5   BANK6   BANK7   BANK8   BANK9  BANK10  BANK11  BANK12  BANK13  BANK14  BANK15  BANK1
      +6  BANK17  BANK18  BANK19  BANK20  BANK21  BANK22  BANK23  BANK24  BANK25  BANK26  BANK27  BANK28  BANK29  BANK30  BANK3
      +1  BANK32  BANK33  BANK34  BANK35  BANK36  BANK37  BANK38  BANK39  BANK40  BANK41  BANK42  BANK43  BANK44  BANK45  BANK4
      +6  BANK47  BANK48  BANK49  BANK50  BANK51  BANK52  BANK53  BANK54
  8923 ;;      Params:         0       0       0       0       0       0       0       0       0       0       0       0       
      +0       0       0       0       0       0       0       0       0       0       0       0       0       0       0       
      +0       0       0       0       0       0       0       0       0       0       0       0       0       0       0       
      +0       0       0       0       0       0       0       0       0
  8924 ;;      Locals:         0       0       0       0       0       0       0       0       0       0       0       0       
      +0       0       0       0       0       0       0       0       0       0       0       0       0       0       0       
      +0       0       0       0       0       0       0       0       0       0       0       0       0       0       0       
      +0       0       0       0       0       0       0       0       0
  8925 ;;      Temps:          0       0       0       0       0       0       0       0       0       0       0       0       
      +0       0       0       0       0       0       0       0       0       0       0       0       0       0       0       
      +0       0       0       0       0       0       0       0       0       0       0       0       0       0       0       
      +0       0       0       0       0       0       0       0       0
  8926 ;;      Totals:         0       0       0       0       0       0       0       0       0       0       0       0       
      +0       0       0       0       0       0       0       0       0       0       0       0       0       0       0       
      +0       0       0       0       0       0       0       0       0       0       0       0       0       0       0       
      +0       0       0       0       0       0       0       0       0
  8927 ;;Total ram usage:        0 bytes
  8928 ;; Hardware stack levels used: 1
  8929 ;; This function calls:
  8930 ;;		Nothing
  8931 ;; This function is called by:
  8932 ;;		_CAN1_ErrorNotificationInterruptEnable
  8933 ;;		_CAN1_ISR
  8934 ;; This function uses a non-reentrant model
  8935 ;;
  8936                           
  8937                           	psect	text44
  8938   0055DE                     __ptext44:
  8939                           	callstack 0
  8940   0055DE                     _DefaultBusWakeUpActivityHandler:
  8941                           	callstack 120
  8942   0055DE  0012               	return		;funcret
  8943   0055E0                     __end_of_DefaultBusWakeUpActivityHandler:
  8944                           	callstack 0
  8945                           
  8946 ;; *************** function _DefaultBusErrorHandler *****************
  8947 ;; Defined at:
  8948 ;;		line 100 in file "mcc_generated_files/can1.c"
  8949 ;; Parameters:    Size  Location     Type
  8950 ;;		None
  8951 ;; Auto vars:     Size  Location     Type
  8952 ;;		None
  8953 ;; Return value:  Size  Location     Type
  8954 ;;                  1    wreg      void 
  8955 ;; Registers used:
  8956 ;;		None
  8957 ;; Tracked objects:
  8958 ;;		On entry : 0/0
  8959 ;;		On exit  : 0/0
  8960 ;;		Unchanged: 0/0
  8961 ;; Data sizes:     COMRAM   BANK5   BANK6   BANK7   BANK8   BANK9  BANK10  BANK11  BANK12  BANK13  BANK14  BANK15  BANK1
      +6  BANK17  BANK18  BANK19  BANK20  BANK21  BANK22  BANK23  BANK24  BANK25  BANK26  BANK27  BANK28  BANK29  BANK30  BANK3
      +1  BANK32  BANK33  BANK34  BANK35  BANK36  BANK37  BANK38  BANK39  BANK40  BANK41  BANK42  BANK43  BANK44  BANK45  BANK4
      +6  BANK47  BANK48  BANK49  BANK50  BANK51  BANK52  BANK53  BANK54
  8962 ;;      Params:         0       0       0       0       0       0       0       0       0       0       0       0       
      +0       0       0       0       0       0       0       0       0       0       0       0       0       0       0       
      +0       0       0       0       0       0       0       0       0       0       0       0       0       0       0       
      +0       0       0       0       0       0       0       0       0
  8963 ;;      Locals:         0       0       0       0       0       0       0       0       0       0       0       0       
      +0       0       0       0       0       0       0       0       0       0       0       0       0       0       0       
      +0       0       0       0       0       0       0       0       0       0       0       0       0       0       0       
      +0       0       0       0       0       0       0       0       0
  8964 ;;      Temps:          0       0       0       0       0       0       0       0       0       0       0       0       
      +0       0       0       0       0       0       0       0       0       0       0       0       0       0       0       
      +0       0       0       0       0       0       0       0       0       0       0       0       0       0       0       
      +0       0       0       0       0       0       0       0       0
  8965 ;;      Totals:         0       0       0       0       0       0       0       0       0       0       0       0       
      +0       0       0       0       0       0       0       0       0       0       0       0       0       0       0       
      +0       0       0       0       0       0       0       0       0       0       0       0       0       0       0       
      +0       0       0       0       0       0       0       0       0
  8966 ;;Total ram usage:        0 bytes
  8967 ;; Hardware stack levels used: 1
  8968 ;; This function calls:
  8969 ;;		Nothing
  8970 ;; This function is called by:
  8971 ;;		_CAN1_ErrorNotificationInterruptEnable
  8972 ;;		_CAN1_ISR
  8973 ;; This function uses a non-reentrant model
  8974 ;;
  8975                           
  8976                           	psect	text45
  8977   0055E0                     __ptext45:
  8978                           	callstack 0
  8979   0055E0                     _DefaultBusErrorHandler:
  8980                           	callstack 120
  8981   0055E0  0012               	return		;funcret
  8982   0055E2                     __end_of_DefaultBusErrorHandler:
  8983                           	callstack 0
  8984                           
  8985                           ;
  8986                           ; H/W Interrupt Vector Table @ 0x8
  8987                           ;
  8988                           
  8989                           	psect	ivt0x8
  8990   000008                     __pivt0x8:
  8991                           	callstack 0
  8992   000008                     ivt0x8_base:
  8993                           	callstack 0
  8994                           
  8995                           ; high-priority vector
  8996   000008  EFDD  F029         	goto	_INTERRUPT_InterruptManager
  8997   000018                     	org	16
  8998                           
  8999                           ; low-priority vector
  9000   000018  00FF               	reset	
  9001                           
  9002                           	psect	rparam
  9003   000000                     
  9004                           	psect	config
  9005                           
  9006                           ;Config register CONFIG1 @ 0x300000
  9007                           ;	External Oscillator Selection
  9008                           ;	FEXTOSC = HS, HS (crystal oscillator) above 8 MHz
  9009                           ;	Reset Oscillator Selection
  9010                           ;	RSTOSC = EXTOSC, EXTOSC operating per FEXTOSC bits (device manufacturing default)
  9011   300000                     	org	3145728
  9012   300000  FA                 	db	250
  9013                           
  9014                           ;Config register CONFIG2 @ 0x300001
  9015                           ;	Clock out Enable bit
  9016                           ;	CLKOUTEN = OFF, CLKOUT function is disabled
  9017                           ;	PRLOCKED One-Way Set Enable bit
  9018                           ;	PR1WAY = ON, PRLOCKED bit can be cleared and set only once
  9019                           ;	Clock Switch Enable bit
  9020                           ;	CSWEN = ON, Writing to NOSC and NDIV is allowed
  9021                           ;	JTAG Enable bit
  9022                           ;	JTAGEN = OFF, Disable JTAG Boundary Scan mode, JTAG pins revert to user functions
  9023                           ;	Fail-Safe Clock Monitor Enable bit
  9024                           ;	FCMEN = ON, Fail-Safe Clock Monitor enabled
  9025                           ;	Fail-Safe Clock Monitor -Primary XTAL Enable bit
  9026                           ;	FCMENP = ON, FSCM timer will set FSCMP bit and OSFIF interrupt on Primary XTAL failure
  9027                           ;	Fail-Safe Clock Monitor -Secondary XTAL Enable bit
  9028                           ;	FCMENS = ON, FSCM timer will set FSCMS bit and OSFIF interrupt on Secondary XTAL failu
      +                          re
  9029   300001                     	org	3145729
  9030   300001  EF                 	db	239
  9031                           
  9032                           ;Config register CONFIG3 @ 0x300002
  9033                           ;	MCLR Enable bit
  9034                           ;	MCLRE = EXTMCLR, If LVP = 0, MCLR pin is MCLR; If LVP = 1, RE3 pin function is MCLR
  9035                           ;	Power-up timer selection bits
  9036                           ;	PWRTS = PWRT_OFF, PWRT is disabled
  9037                           ;	Multi-vector enable bit
  9038                           ;	MVECEN = OFF, Interrupt contoller does not use vector table to prioritze interrupts
  9039                           ;	IVTLOCK bit One-way set enable bit
  9040                           ;	IVT1WAY = ON, IVTLOCKED bit can be cleared and set only once
  9041                           ;	Low Power BOR Enable bit
  9042                           ;	LPBOREN = OFF, Low-Power BOR disabled
  9043                           ;	Brown-out Reset Enable bits
  9044                           ;	BOREN = SBORDIS, Brown-out Reset enabled , SBOREN bit is ignored
  9045   300002                     	org	3145730
  9046   300002  F7                 	db	247
  9047                           
  9048                           ;Config register CONFIG4 @ 0x300003
  9049                           ;	Brown-out Reset Voltage Selection bits
  9050                           ;	BORV = VBOR_1P9, Brown-out Reset Voltage (VBOR) set to 1.9V
  9051                           ;	ZCD Disable bit
  9052                           ;	ZCD = OFF, ZCD module is disabled. ZCD can be enabled by setting the ZCDSEN bit of ZCD
      +                          CON
  9053                           ;	PPSLOCK bit One-Way Set Enable bit
  9054                           ;	PPS1WAY = ON, PPSLOCKED bit can be cleared and set only once; PPS registers remain loc
      +                          ked after one clear/set cycle
  9055                           ;	Stack Full/Underflow Reset Enable bit
  9056                           ;	STVREN = ON, Stack full/underflow will cause Reset
  9057                           ;	Low Voltage Programming Enable bit
  9058                           ;	LVP = ON, Low voltage programming enabled. MCLR/VPP pin function is MCLR. MCLRE config
      +                          uration bit is ignored
  9059                           ;	Extended Instruction Set Enable bit
  9060                           ;	XINST = OFF, Extended Instruction Set and Indexed Addressing Mode disabled
  9061   300003                     	org	3145731
  9062   300003  FF                 	db	255
  9063                           
  9064                           ;Config register CONFIG5 @ 0x300004
  9065                           ;	WDT Period selection bits
  9066                           ;	WDTCPS = WDTCPS_31, Divider ratio 1:65536; software control of WDTPS
  9067                           ;	WDT operating mode
  9068                           ;	WDTE = OFF, WDT Disabled; SWDTEN is ignored
  9069   300004                     	org	3145732
  9070   300004  9F                 	db	159
  9071                           
  9072                           ;Config register CONFIG6 @ 0x300005
  9073                           ;	WDT Window Select bits
  9074                           ;	WDTCWS = WDTCWS_7, window always open (100%); software control; keyed access not requi
      +                          red
  9075                           ;	WDT input clock selector
  9076                           ;	WDTCCS = SC, Software Control
  9077   300005                     	org	3145733
  9078   300005  FF                 	db	255
  9079                           
  9080                           ;Config register CONFIG7 @ 0x300006
  9081                           ;	Boot Block Size selection bits
  9082                           ;	BBSIZE = BBSIZE_512, Boot Block size is 512 words
  9083                           ;	Boot Block enable bit
  9084                           ;	BBEN = OFF, Boot block disabled
  9085                           ;	Storage Area Flash enable bit
  9086                           ;	SAFEN = OFF, SAF disabled
  9087                           ;	Background Debugger
  9088                           ;	DEBUG = 0x1, unprogrammed default
  9089   300006                     	org	3145734
  9090   300006  FF                 	db	255
  9091                           
  9092                           ;Config register CONFIG8 @ 0x300007
  9093                           ;	Boot Block Write Protection bit
  9094                           ;	WRTB = OFF, Boot Block not Write protected
  9095                           ;	Configuration Register Write Protection bit
  9096                           ;	WRTC = OFF, Configuration registers not Write protected
  9097                           ;	Data EEPROM Write Protection bit
  9098                           ;	WRTD = OFF, Data EEPROM not Write protected
  9099                           ;	SAF Write protection bit
  9100                           ;	WRTSAF = OFF, SAF not Write Protected
  9101                           ;	Application Block write protection bit
  9102                           ;	WRTAPP = OFF, Application Block not write protected
  9103   300007                     	org	3145735
  9104   300007  FF                 	db	255
  9105                           
  9106                           ;Config register CONFIG9 @ 0x300008
  9107                           ;	CRC on boot output pin selection
  9108                           ;	BOOTPINSEL = RC5, CRC on boot output pin is RC5
  9109                           ;	CRC on boot output pin enable bit
  9110                           ;	BPEN = OFF, CRC on boot output pin disabled
  9111                           ;	CRC on boot output pin open drain bit
  9112                           ;	ODCON = OFF, Pin drives both high-going and low-going signals
  9113   300008                     	org	3145736
  9114   300008  FF                 	db	255
  9115                           
  9116                           ;Config register CONFIG10 @ 0x300009
  9117                           ;	PFM and Data EEPROM Code Protection bit
  9118                           ;	CP = OFF, PFM and Data EEPROM code protection disabled
  9119   300009                     	org	3145737
  9120   300009  FF                 	db	255
  9121                           
  9122                           ;Config register CONFIG11 @ 0x30000A
  9123                           ;	CRC on boot scan enable for boot area
  9124                           ;	BOOTSCEN = OFF, CRC on boot will not include the boot area of program memory in its ca
      +                          lculation
  9125                           ;	CRC on boot Continue on Error for boot areas bit
  9126                           ;	BOOTCOE = HALT, CRC on boot will stop device if error is detected in boot areas
  9127                           ;	CRC on boot application code scan enable
  9128                           ;	APPSCEN = OFF, CRC on boot will not include the application area of program memory in 
      +                          its calculation
  9129                           ;	CRC on boot SAF area scan enable
  9130                           ;	SAFSCEN = OFF, CRC on boot will not include the SAF area of program memory in its calc
      +                          ulation
  9131                           ;	CRC on boot Data EEPROM scan enable
  9132                           ;	DATASCEN = OFF, CRC on boot will not include data EEPROM in its calculation
  9133                           ;	CRC on boot Config fuses scan enable
  9134                           ;	CFGSCEN = OFF, CRC on boot will not include the configuration fuses in its calculation
  9135                           ;	CRC on boot Continue on Error for non-boot areas bit
  9136                           ;	COE = HALT, CRC on boot will stop device if error is detected in non-boot areas
  9137                           ;	Boot on CRC Enable bit
  9138                           ;	BOOTPOR = OFF, CRC on boot will not run
  9139   30000A                     	org	3145738
  9140   30000A  FF                 	db	255
  9141                           
  9142                           ;Config register CONFIG12 @ 0x30000B
  9143                           ;	Boot Sector Polynomial for CRC on boot bits 31-24
  9144                           ;	BCRCPOLT = hFF, Bits 31:24 of BCRCPOL are 0xFF
  9145   30000B                     	org	3145739
  9146   30000B  FF                 	db	255
  9147                           
  9148                           ;Config register CONFIG13 @ 0x30000C
  9149                           ;	Boot Sector Polynomial for CRC on boot bits 23-16
  9150                           ;	BCRCPOLU = hFF, Bits 23:16 of BCRCPOL are 0xFF
  9151   30000C                     	org	3145740
  9152   30000C  FF                 	db	255
  9153                           
  9154                           ;Config register CONFIG14 @ 0x30000D
  9155                           ;	Boot Sector Polynomial for CRC on boot bits 15-8
  9156                           ;	BCRCPOLH = hFF, Bits 15:8 of BCRCPOL are 0xFF
  9157   30000D                     	org	3145741
  9158   30000D  FF                 	db	255
  9159                           
  9160                           ;Config register CONFIG15 @ 0x30000E
  9161                           ;	Boot Sector Polynomial for CRC on boot bits 7-0
  9162                           ;	BCRCPOLL = hFF, Bits 7:0 of BCRCPOL are 0xFF
  9163   30000E                     	org	3145742
  9164   30000E  FF                 	db	255
  9165                           
  9166                           ;Config register CONFIG16 @ 0x30000F
  9167                           ;	Boot Sector Seed for CRC on boot bits 31-24
  9168                           ;	BCRCSEEDT = hFF, Bits 31:24 of BCRCSEED are 0xFF
  9169   30000F                     	org	3145743
  9170   30000F  FF                 	db	255
  9171                           
  9172                           ;Config register CONFIG17 @ 0x300010
  9173                           ;	Boot Sector Seed for CRC on boot bits 23-16
  9174                           ;	BCRCSEEDU = hFF, Bits 23:16 of BCRCSEED are 0xFF
  9175   300010                     	org	3145744
  9176   300010  FF                 	db	255
  9177                           
  9178                           ;Config register CONFIG18 @ 0x300011
  9179                           ;	Boot Sector Seed for CRC on boot bits 15-8
  9180                           ;	BCRCSEEDH = hFF, Bits 15:8 of BCRCSEED are 0xFF
  9181   300011                     	org	3145745
  9182   300011  FF                 	db	255
  9183                           
  9184                           ;Config register CONFIG19 @ 0x300012
  9185                           ;	Boot Sector Seed for CRC on boot bits 7-0
  9186                           ;	BCRCSEEDL = hFF, Bits 7:0 of BCRCSEED are 0xFF
  9187   300012                     	org	3145746
  9188   300012  FF                 	db	255
  9189                           
  9190                           ;Config register CONFIG24 @ 0x300017
  9191                           ;	Non-Boot Sector Polynomial for CRC on boot bits 31-24
  9192                           ;	CRCPOLT = hFF, Bits 31:24 of CRCPOL are 0xFF
  9193   300017                     	org	3145751
  9194   300017  FF                 	db	255
  9195                           
  9196                           ;Config register CONFIG25 @ 0x300018
  9197                           ;	Non-Boot Sector Polynomial for CRC on boot bits 23-16
  9198                           ;	CRCPOLU = hFF, Bits 23:16 of CRCPOL are 0xFF
  9199   300018                     	org	3145752
  9200   300018  FF                 	db	255
  9201                           
  9202                           ;Config register CONFIG26 @ 0x300019
  9203                           ;	Non-Boot Sector Polynomial for CRC on boot bits 15-8
  9204                           ;	CRCPOLH = hFF, Bits 15:8 of CRCPOL are 0xFF
  9205   300019                     	org	3145753
  9206   300019  FF                 	db	255
  9207                           
  9208                           ;Config register CONFIG27 @ 0x30001A
  9209                           ;	Non-Boot Sector Polynomial for CRC on boot bits 7-0
  9210                           ;	CRCPOLL = hFF, Bits 7:0 of CRCPOL are 0xFF
  9211   30001A                     	org	3145754
  9212   30001A  FF                 	db	255
  9213                           
  9214                           ;Config register CONFIG28 @ 0x30001B
  9215                           ;	Non-Boot Sector Seed for CRC on boot bits 31-24
  9216                           ;	CRCSEEDT = hFF, Bits 31:24 of CRCSEED are 0xFF
  9217   30001B                     	org	3145755
  9218   30001B  FF                 	db	255
  9219                           
  9220                           ;Config register CONFIG29 @ 0x30001C
  9221                           ;	Non-Boot Sector Seed for CRC on boot bits 23-16
  9222                           ;	CRCSEEDU = hFF, Bits 23:16 of CRCSEED are 0xFF
  9223   30001C                     	org	3145756
  9224   30001C  FF                 	db	255
  9225                           
  9226                           ;Config register CONFIG30 @ 0x30001D
  9227                           ;	Non-Boot Sector Seed for CRC on boot bits 15-8
  9228                           ;	CRCSEEDH = hFF, Bits 15:8 of CRCSEED are 0xFF
  9229   30001D                     	org	3145757
  9230   30001D  FF                 	db	255
  9231                           
  9232                           ;Config register CONFIG31 @ 0x30001E
  9233                           ;	Non-Boot Sector Seed for CRC on boot bits 7-0
  9234                           ;	CRCSEEDL = hFF, Bits 7:0 of CRCSEED are 0xFF
  9235   30001E                     	org	3145758
  9236   30001E  FF                 	db	255
  9237                           tosu	equ	0x4FF
  9238                           tosh	equ	0x4FE
  9239                           tosl	equ	0x4FD
  9240                           stkptr	equ	0x4FC
  9241                           pclatu	equ	0x4FB
  9242                           pclath	equ	0x4FA
  9243                           pcl	equ	0x4F9
  9244                           tblptru	equ	0x4F8
  9245                           tblptrh	equ	0x4F7
  9246                           tblptrl	equ	0x4F6
  9247                           tablat	equ	0x4F5
  9248                           prodh	equ	0x4F4
  9249                           prodl	equ	0x4F3
  9250                           indf0	equ	0x4EF
  9251                           postinc0	equ	0x4EE
  9252                           postdec0	equ	0x4ED
  9253                           preinc0	equ	0x4EC
  9254                           plusw0	equ	0x4EB
  9255                           fsr0h	equ	0x4EA
  9256                           fsr0l	equ	0x4E9
  9257                           wreg	equ	0x4E8
  9258                           indf1	equ	0x4E7
  9259                           postinc1	equ	0x4E6
  9260                           postdec1	equ	0x4E5
  9261                           preinc1	equ	0x4E4
  9262                           plusw1	equ	0x4E3
  9263                           fsr1h	equ	0x4E2
  9264                           fsr1l	equ	0x4E1
  9265                           bsr	equ	0x4E0
  9266                           indf2	equ	0x4DF
  9267                           postinc2	equ	0x4DE
  9268                           postdec2	equ	0x4DD
  9269                           preinc2	equ	0x4DC
  9270                           plusw2	equ	0x4DB
  9271                           fsr2h	equ	0x4DA
  9272                           fsr2l	equ	0x4D9
  9273                           status	equ	0x4D8

Data Sizes:
    Strings     0
    Constant    16
    Data        4108
    BSS         47
    Persistent  9
    Stack       0

Auto Spaces:
    Space          Size  Autos    Used
    COMRAM           95     32      80
    BANK5           160     14      34
    BANK6           256      0       0
    BANK7           256      0       0
    BANK8           256      0       0
    BANK9           256      0       0
    BANK10          256      0       0
    BANK11          256      0       0
    BANK12          256      0       0
    BANK13          256      0       0
    BANK14          256      0       0
    BANK15          256      0       0
    BANK16          256      0       0
    BANK17          256      0       0
    BANK18          256      0       0
    BANK19          256      0       0
    BANK20          256      0       0
    BANK21          256      0       0
    BANK22          256      0       0
    BANK23          256      0       0
    BANK24          256      0       0
    BANK25          256      0       0
    BANK26          256      0       0
    BANK27          256      0       0
    BANK28          256      0       0
    BANK29          256      0       0
    BANK30          256      0       0
    BANK31          256      0       0
    BANK32          256      0       0
    BANK33          256      0       0
    BANK34          256      0       0
    BANK35          256      0       0
    BANK36          256      0       0
    BANK37          256      0       0
    BANK38          256      0       0
    BANK39          256      0       0
    BANK40          256      0       0
    BANK41          256      0       0
    BANK42          256      0       0
    BANK43          256      0       0
    BANK44          256      0       0
    BANK45          256      0       0
    BANK46          256      0       0
    BANK47          256      0       0
    BANK48          256      0       0
    BANK49          256      0       0
    BANK50          256      0       0
    BANK51          256      0       0
    BANK52          256      0       0
    BANK53          256      0       0
    BANK54          256      0       0

Pointer List with Targets:

    ADC_ActiveClockTuning_ISR	PTR FTN()void  size(3) Largest target is 1
		 -> ADC_DefaultActiveClockTuning_ISR(), NULL(), 

    ADC_Context1Thereshld_ISR	PTR FTN()void  size(3) Largest target is 1
		 -> ADC_DefaultContext1Threshold_ISR(), NULL(), 

    ADC_ConversionComplete_ISR	PTR FTN()void  size(3) Largest target is 1
		 -> ADC_DefaultADI_ISR(), NULL(), 

    ADC_SetActiveClockTuningInterruptHandler@InterruptHandler	PTR FTN()void  size(3) Largest target is 1
		 -> ADC_DefaultActiveClockTuning_ISR(), 

    ADC_SetADIInterruptHandler@InterruptHandler	PTR FTN()void  size(3) Largest target is 1
		 -> ADC_DefaultADI_ISR(), 

    ADC_SetContext1ThresholdInterruptHandler@InterruptHandler	PTR FTN()void  size(3) Largest target is 1
		 -> ADC_DefaultContext1Threshold_ISR(), 

    CAN1_BusErrorHandler	PTR FTN()void  size(3) Largest target is 1
		 -> DefaultBusErrorHandler(), NULL(), 

    CAN1_BusWakeUpActivityHandler	PTR FTN()void  size(3) Largest target is 1
		 -> DefaultBusWakeUpActivityHandler(), NULL(), 

    CAN1_InvalidMessageHandler	PTR FTN()void  size(3) Largest target is 1
		 -> DefaultInvalidMessageHandler(), NULL(), 

    CAN1_ModeChangeHandler	PTR FTN()void  size(3) Largest target is 1
		 -> DefaultModeChangeHandler(), NULL(), 

    CAN1_SetBusErrorInterruptHandler@handler	PTR FTN()void  size(3) Largest target is 1
		 -> DefaultBusErrorHandler(), 

    CAN1_SetBusWakeUpActivityInterruptHandler@handler	PTR FTN()void  size(3) Largest target is 1
		 -> DefaultBusWakeUpActivityHandler(), 

    CAN1_SetInvalidMessageInterruptHandler@handler	PTR FTN()void  size(3) Largest target is 1
		 -> DefaultInvalidMessageHandler(), 

    CAN1_SetModeChangeInterruptHandler@handler	PTR FTN()void  size(3) Largest target is 1
		 -> DefaultModeChangeHandler(), 

    CAN1_SetSystemErrorInterruptHandler@handler	PTR FTN()void  size(3) Largest target is 1
		 -> DefaultSystemErrorHandler(), 

    CAN1_SetTxAttemptInterruptHandler@handler	PTR FTN()void  size(3) Largest target is 1
		 -> DefaultTxAttemptHandler(), 

    CAN1_SystemErrorHandler	PTR FTN()void  size(3) Largest target is 1
		 -> DefaultSystemErrorHandler(), NULL(), 

    CAN1_Transmit@txCanMsg	PTR struct . size(2) Largest target is 8
		 -> main@msg(BANK5[7]), 

    CAN1_Transmit@txFifoObj	PTR unsigned char  size(2) Largest target is 14079
		 -> RAM(DATA[14079]), 

    CAN1_TxAttemptHandler	PTR FTN()void  size(3) Largest target is 1
		 -> DefaultTxAttemptHandler(), NULL(), 

    FIFO	const PTR volatile struct CAN_FIFOREG size(2) Largest target is 1
		 -> C1TXQCONL(BITBIGSFRhhhlllllllllll[1]), 

    ?_get_PD_Broadcast_msg$data	PTR unsigned char  size(2) Largest target is 8
		 -> msg_data(COMRAM[8]), 

    get_PD_Broadcast_msg@voltages_array	PTR enum E23239 size(2) Largest target is 10
		 -> pd_voltages(BANK5[10]), 

    ?_get_Therm_Broadcast_msg$data	PTR unsigned char  size(2) Largest target is 8
		 -> msg_data(COMRAM[8]), 

    get_Therm_Broadcast_msg@temps_array	PTR char  size(2) Largest target is 2
		 -> temps(COMRAM[2]), 

    memcpy@d	PTR unsigned char  size(2) Largest target is 14079
		 -> RAM(DATA[14079]), 

    memcpy@d1	PTR void  size(2) Largest target is 14079
		 -> RAM(DATA[14079]), 

    memcpy@s	PTR const unsigned char  size(2) Largest target is 8
		 -> msg_data(COMRAM[8]), 

    memcpy@s1	PTR const void  size(2) Largest target is 8
		 -> msg_data(COMRAM[8]), 

    msg$data	PTR unsigned char  size(2) Largest target is 8
		 -> msg_data(COMRAM[8]), 

    S369$data	PTR unsigned char  size(2) Largest target is 8
		 -> msg_data(COMRAM[8]), 

    sp__memcpy	PTR void  size(2) Largest target is 14079
		 -> RAM(DATA[14079]), 

    ValidateTransmission@txCanMsg	PTR struct . size(2) Largest target is 8
		 -> main@msg(BANK5[7]), 

    ValidateTransmission@txCanMsg$data	PTR unsigned char  size(2) Largest target is 8
		 -> msg_data(COMRAM[8]), 

    WriteMessageToFifo@txCanMsg	PTR struct . size(2) Largest target is 8
		 -> main@msg(BANK5[7]), 

    WriteMessageToFifo@txCanMsg$data	PTR unsigned char  size(2) Largest target is 8
		 -> msg_data(COMRAM[8]), 

    WriteMessageToFifo@txFifoObj	PTR unsigned char  size(2) Largest target is 14079
		 -> RAM(DATA[14079]), 


Critical Paths under _main in COMRAM

    _main->_CAN1_Transmit
    _CAN1_Initialize->_CAN1_OperationModeSet
    _CAN1_ErrorNotificationInterruptEnable->_CAN1_SetBusErrorInterruptHandler
    _CAN1_ErrorNotificationInterruptEnable->_CAN1_SetBusWakeUpActivityInterruptHandler
    _CAN1_ErrorNotificationInterruptEnable->_CAN1_SetInvalidMessageInterruptHandler
    _CAN1_ErrorNotificationInterruptEnable->_CAN1_SetModeChangeInterruptHandler
    _CAN1_ErrorNotificationInterruptEnable->_CAN1_SetSystemErrorInterruptHandler
    _CAN1_ErrorNotificationInterruptEnable->_CAN1_SetTxAttemptInterruptHandler
    _ADC_Initialize->_ADC_SetADIInterruptHandler
    _ADC_Initialize->_ADC_SetActiveClockTuningInterruptHandler
    _ADC_Initialize->_ADC_SetContext1ThresholdInterruptHandler
    _CAN1_TransmitFIFOStatusGet->_isTxChannel
    _CAN1_Transmit->_WriteMessageToFifo
    _WriteMessageToFifo->_memcpy
    _ValidateTransmission->_GetTxFifoStatus

Critical Paths under _INTERRUPT_InterruptManager in COMRAM

    None.

Critical Paths under _main in BANK5

    None.

Critical Paths under _INTERRUPT_InterruptManager in BANK5

    None.

Critical Paths under _main in BANK6

    None.

Critical Paths under _INTERRUPT_InterruptManager in BANK6

    None.

Critical Paths under _main in BANK7

    None.

Critical Paths under _INTERRUPT_InterruptManager in BANK7

    None.

Critical Paths under _main in BANK8

    None.

Critical Paths under _INTERRUPT_InterruptManager in BANK8

    None.

Critical Paths under _main in BANK9

    None.

Critical Paths under _INTERRUPT_InterruptManager in BANK9

    None.

Critical Paths under _main in BANK10

    None.

Critical Paths under _INTERRUPT_InterruptManager in BANK10

    None.

Critical Paths under _main in BANK11

    None.

Critical Paths under _INTERRUPT_InterruptManager in BANK11

    None.

Critical Paths under _main in BANK12

    None.

Critical Paths under _INTERRUPT_InterruptManager in BANK12

    None.

Critical Paths under _main in BANK13

    None.

Critical Paths under _INTERRUPT_InterruptManager in BANK13

    None.

Critical Paths under _main in BANK14

    None.

Critical Paths under _INTERRUPT_InterruptManager in BANK14

    None.

Critical Paths under _main in BANK15

    None.

Critical Paths under _INTERRUPT_InterruptManager in BANK15

    None.

Critical Paths under _main in BANK16

    None.

Critical Paths under _INTERRUPT_InterruptManager in BANK16

    None.

Critical Paths under _main in BANK17

    None.

Critical Paths under _INTERRUPT_InterruptManager in BANK17

    None.

Critical Paths under _main in BANK18

    None.

Critical Paths under _INTERRUPT_InterruptManager in BANK18

    None.

Critical Paths under _main in BANK19

    None.

Critical Paths under _INTERRUPT_InterruptManager in BANK19

    None.

Critical Paths under _main in BANK20

    None.

Critical Paths under _INTERRUPT_InterruptManager in BANK20

    None.

Critical Paths under _main in BANK21

    None.

Critical Paths under _INTERRUPT_InterruptManager in BANK21

    None.

Critical Paths under _main in BANK22

    None.

Critical Paths under _INTERRUPT_InterruptManager in BANK22

    None.

Critical Paths under _main in BANK23

    None.

Critical Paths under _INTERRUPT_InterruptManager in BANK23

    None.

Critical Paths under _main in BANK24

    None.

Critical Paths under _INTERRUPT_InterruptManager in BANK24

    None.

Critical Paths under _main in BANK25

    None.

Critical Paths under _INTERRUPT_InterruptManager in BANK25

    None.

Critical Paths under _main in BANK26

    None.

Critical Paths under _INTERRUPT_InterruptManager in BANK26

    None.

Critical Paths under _main in BANK27

    None.

Critical Paths under _INTERRUPT_InterruptManager in BANK27

    None.

Critical Paths under _main in BANK28

    None.

Critical Paths under _INTERRUPT_InterruptManager in BANK28

    None.

Critical Paths under _main in BANK29

    None.

Critical Paths under _INTERRUPT_InterruptManager in BANK29

    None.

Critical Paths under _main in BANK30

    None.

Critical Paths under _INTERRUPT_InterruptManager in BANK30

    None.

Critical Paths under _main in BANK31

    None.

Critical Paths under _INTERRUPT_InterruptManager in BANK31

    None.

Critical Paths under _main in BANK32

    None.

Critical Paths under _INTERRUPT_InterruptManager in BANK32

    None.

Critical Paths under _main in BANK33

    None.

Critical Paths under _INTERRUPT_InterruptManager in BANK33

    None.

Critical Paths under _main in BANK34

    None.

Critical Paths under _INTERRUPT_InterruptManager in BANK34

    None.

Critical Paths under _main in BANK35

    None.

Critical Paths under _INTERRUPT_InterruptManager in BANK35

    None.

Critical Paths under _main in BANK36

    None.

Critical Paths under _INTERRUPT_InterruptManager in BANK36

    None.

Critical Paths under _main in BANK37

    None.

Critical Paths under _INTERRUPT_InterruptManager in BANK37

    None.

Critical Paths under _main in BANK38

    None.

Critical Paths under _INTERRUPT_InterruptManager in BANK38

    None.

Critical Paths under _main in BANK39

    None.

Critical Paths under _INTERRUPT_InterruptManager in BANK39

    None.

Critical Paths under _main in BANK40

    None.

Critical Paths under _INTERRUPT_InterruptManager in BANK40

    None.

Critical Paths under _main in BANK41

    None.

Critical Paths under _INTERRUPT_InterruptManager in BANK41

    None.

Critical Paths under _main in BANK42

    None.

Critical Paths under _INTERRUPT_InterruptManager in BANK42

    None.

Critical Paths under _main in BANK43

    None.

Critical Paths under _INTERRUPT_InterruptManager in BANK43

    None.

Critical Paths under _main in BANK44

    None.

Critical Paths under _INTERRUPT_InterruptManager in BANK44

    None.

Critical Paths under _main in BANK45

    None.

Critical Paths under _INTERRUPT_InterruptManager in BANK45

    None.

Critical Paths under _main in BANK46

    None.

Critical Paths under _INTERRUPT_InterruptManager in BANK46

    None.

Critical Paths under _main in BANK47

    None.

Critical Paths under _INTERRUPT_InterruptManager in BANK47

    None.

Critical Paths under _main in BANK48

    None.

Critical Paths under _INTERRUPT_InterruptManager in BANK48

    None.

Critical Paths under _main in BANK49

    None.

Critical Paths under _INTERRUPT_InterruptManager in BANK49

    None.

Critical Paths under _main in BANK50

    None.

Critical Paths under _INTERRUPT_InterruptManager in BANK50

    None.

Critical Paths under _main in BANK51

    None.

Critical Paths under _INTERRUPT_InterruptManager in BANK51

    None.

Critical Paths under _main in BANK52

    None.

Critical Paths under _INTERRUPT_InterruptManager in BANK52

    None.

Critical Paths under _main in BANK53

    None.

Critical Paths under _INTERRUPT_InterruptManager in BANK53

    None.

Critical Paths under _main in BANK54

    None.

Critical Paths under _INTERRUPT_InterruptManager in BANK54

    None.

Call Graph Tables:

 ---------------------------------------------------------------------------------
 (Depth) Function   	        Calls       Base Space   Used Autos Params    Refs
 ---------------------------------------------------------------------------------
 (0) _main                                                18    18      0    6717
                                             30 COMRAM     2     2      0
                                              0 BANK5     14    14      0
            _ADC_GetConversionResult
               _ADC_IsConversionDone
                  _ADC_SelectContext
                _ADC_StartConversion
              _CAN1_OperationModeGet
              _CAN1_OperationModeSet
                      _CAN1_Transmit
         _CAN1_TransmitFIFOStatusGet
                  _SYSTEM_Initialize
                        _adc_to_temp
               _get_PD_Broadcast_msg
            _get_Therm_Broadcast_msg
 ---------------------------------------------------------------------------------
 (1) _get_Therm_Broadcast_msg                             18    11      7     666
                                              2 COMRAM    18    11      7
 ---------------------------------------------------------------------------------
 (1) _get_PD_Broadcast_msg                                19    12      7    1100
                                              2 COMRAM    19    12      7
 ---------------------------------------------------------------------------------
 (1) _adc_to_temp                                          2     0      2     121
                                              2 COMRAM     2     0      2
 ---------------------------------------------------------------------------------
 (1) _SYSTEM_Initialize                                    0     0      0    1287
                     _ADC_Initialize
                    _CAN1_Initialize
                  _CLKREF_Initialize
               _INTERRUPT_Initialize
              _OSCILLATOR_Initialize
             _PIN_MANAGER_Initialize
                     _PMD_Initialize
                    _SPI1_Initialize
 ---------------------------------------------------------------------------------
 (2) _SPI1_Initialize                                      0     0      0       0
 ---------------------------------------------------------------------------------
 (2) _PMD_Initialize                                       0     0      0       0
 ---------------------------------------------------------------------------------
 (2) _PIN_MANAGER_Initialize                               0     0      0       0
 ---------------------------------------------------------------------------------
 (2) _OSCILLATOR_Initialize                                0     0      0       0
 ---------------------------------------------------------------------------------
 (2) _INTERRUPT_Initialize                                 0     0      0       0
 ---------------------------------------------------------------------------------
 (2) _CLKREF_Initialize                                    0     0      0       0
 ---------------------------------------------------------------------------------
 (2) _CAN1_Initialize                                      0     0      0     924
          _CAN1_BitRateConfiguration
_CAN1_ErrorNotificationInterruptEnab
              _CAN1_OperationModeSet
         _CAN1_TX_FIFO_Configuration
 ---------------------------------------------------------------------------------
 (3) _CAN1_TX_FIFO_Configuration                           0     0      0       0
 ---------------------------------------------------------------------------------
 (3) _CAN1_OperationModeSet                                3     3      0     198
                                              2 COMRAM     3     3      0
              _CAN1_OperationModeGet
 ---------------------------------------------------------------------------------
 (3) _CAN1_ErrorNotificationInterruptEnable                0     0      0     726
   _CAN1_SetBusErrorInterruptHandler
_CAN1_SetBusWakeUpActivityInterruptH
_CAN1_SetInvalidMessageInterruptHand
 _CAN1_SetModeChangeInterruptHandler
_CAN1_SetSystemErrorInterruptHandler
  _CAN1_SetTxAttemptInterruptHandler
 ---------------------------------------------------------------------------------
 (4) _CAN1_SetTxAttemptInterruptHandler                    3     0      3     121
                                              2 COMRAM     3     0      3
 ---------------------------------------------------------------------------------
 (4) _CAN1_SetSystemErrorInterruptHandler                  3     0      3     121
                                              2 COMRAM     3     0      3
 ---------------------------------------------------------------------------------
 (4) _CAN1_SetModeChangeInterruptHandler                   3     0      3     121
                                              2 COMRAM     3     0      3
 ---------------------------------------------------------------------------------
 (4) _CAN1_SetInvalidMessageInterruptHandler               3     0      3     121
                                              2 COMRAM     3     0      3
 ---------------------------------------------------------------------------------
 (4) _CAN1_SetBusWakeUpActivityInterruptHandler            3     0      3     121
                                              2 COMRAM     3     0      3
 ---------------------------------------------------------------------------------
 (4) _CAN1_SetBusErrorInterruptHandler                     3     0      3     121
                                              2 COMRAM     3     0      3
 ---------------------------------------------------------------------------------
 (3) _CAN1_BitRateConfiguration                            0     0      0       0
 ---------------------------------------------------------------------------------
 (2) _ADC_Initialize                                       0     0      0     363
         _ADC_SetADIInterruptHandler
_ADC_SetActiveClockTuningInterruptHa
_ADC_SetContext1ThresholdInterruptHa
 ---------------------------------------------------------------------------------
 (3) _ADC_SetContext1ThresholdInterruptHandler             3     0      3     121
                                              2 COMRAM     3     0      3
 ---------------------------------------------------------------------------------
 (3) _ADC_SetActiveClockTuningInterruptHandler             3     0      3     121
                                              2 COMRAM     3     0      3
 ---------------------------------------------------------------------------------
 (3) _ADC_SetADIInterruptHandler                           3     0      3     121
                                              2 COMRAM     3     0      3
 ---------------------------------------------------------------------------------
 (1) _CAN1_TransmitFIFOStatusGet                           2     2      0     229
                                              4 COMRAM     2     2      0
                    _GetTxFifoStatus
                        _isTxChannel
 ---------------------------------------------------------------------------------
 (1) _CAN1_Transmit                                        6     4      2    2492
                                             24 COMRAM     6     4      2
               _ValidateTransmission
                 _WriteMessageToFifo
                        _isTxChannel
 ---------------------------------------------------------------------------------
 (2) _isTxChannel                                          2     2      0      99
                                              2 COMRAM     2     2      0
 ---------------------------------------------------------------------------------
 (2) _WriteMessageToFifo                                  12     8      4    1528
                                             13 COMRAM    11     7      4
                             _memcpy
 ---------------------------------------------------------------------------------
 (3) _memcpy                                              11     5      6     478
                                              2 COMRAM    11     5      6
 ---------------------------------------------------------------------------------
 (2) _ValidateTransmission                                 9     7      2     390
                                              3 COMRAM     8     6      2
              _CAN1_OperationModeGet
                    _GetTxFifoStatus
 ---------------------------------------------------------------------------------
 (2) _GetTxFifoStatus                                      1     1      0      31
                                              2 COMRAM     1     1      0
 ---------------------------------------------------------------------------------
 (4) _CAN1_OperationModeGet                                0     0      0       0
 ---------------------------------------------------------------------------------
 (1) _ADC_StartConversion                                  1     1      0      31
                                              2 COMRAM     1     1      0
 ---------------------------------------------------------------------------------
 (1) _ADC_SelectContext                                    1     1      0      31
                                              2 COMRAM     1     1      0
 ---------------------------------------------------------------------------------
 (1) _ADC_IsConversionDone                                 0     0      0       0
 ---------------------------------------------------------------------------------
 (1) _ADC_GetConversionResult                              4     2      2       0
                                              2 COMRAM     4     2      2
 ---------------------------------------------------------------------------------
 Estimated maximum stack depth 4
 ---------------------------------------------------------------------------------
 (Depth) Function   	        Calls       Base Space   Used Autos Params    Refs
 ---------------------------------------------------------------------------------
 (5) _INTERRUPT_InterruptManager                           2     2      0       0
                                              0 COMRAM     2     2      0
                           _CAN1_ISR
 ---------------------------------------------------------------------------------
 (6) _CAN1_ISR                                             0     0      0       0
                                NULL *
             _DefaultBusErrorHandler *
    _DefaultBusWakeUpActivityHandler *
       _DefaultInvalidMessageHandler *
           _DefaultModeChangeHandler *
          _DefaultSystemErrorHandler *
            _DefaultTxAttemptHandler *
 ---------------------------------------------------------------------------------
 (7) _DefaultTxAttemptHandler                              0     0      0       0
 ---------------------------------------------------------------------------------
 (7) _DefaultSystemErrorHandler                            0     0      0       0
 ---------------------------------------------------------------------------------
 (7) _DefaultModeChangeHandler                             0     0      0       0
 ---------------------------------------------------------------------------------
 (7) _DefaultInvalidMessageHandler                         0     0      0       0
 ---------------------------------------------------------------------------------
 (7) _DefaultBusWakeUpActivityHandler                      0     0      0       0
 ---------------------------------------------------------------------------------
 (7) _DefaultBusErrorHandler                               0     0      0       0
 ---------------------------------------------------------------------------------
 (7) NULL(Fake)                                            0     0      0       0
 ---------------------------------------------------------------------------------
 Estimated maximum stack depth 7
 ---------------------------------------------------------------------------------

 Call Graph Graphs:

 _main (ROOT)
   _ADC_GetConversionResult
   _ADC_IsConversionDone
   _ADC_SelectContext
   _ADC_StartConversion
   _CAN1_OperationModeGet
   _CAN1_OperationModeSet
     _CAN1_OperationModeGet
   _CAN1_Transmit
     _ValidateTransmission
       _CAN1_OperationModeGet
       _GetTxFifoStatus
     _WriteMessageToFifo
       _memcpy
     _isTxChannel
   _CAN1_TransmitFIFOStatusGet
     _GetTxFifoStatus
     _isTxChannel
   _SYSTEM_Initialize
     _ADC_Initialize
       _ADC_SetADIInterruptHandler
       _ADC_SetActiveClockTuningInterruptHandler
       _ADC_SetContext1ThresholdInterruptHandler
     _CAN1_Initialize
       _CAN1_BitRateConfiguration
       _CAN1_ErrorNotificationInterruptEnable
         _CAN1_SetBusErrorInterruptHandler
         _CAN1_SetBusWakeUpActivityInterruptHandler
         _CAN1_SetInvalidMessageInterruptHandler
         _CAN1_SetModeChangeInterruptHandler
         _CAN1_SetSystemErrorInterruptHandler
         _CAN1_SetTxAttemptInterruptHandler
       _CAN1_OperationModeSet
       _CAN1_TX_FIFO_Configuration
     _CLKREF_Initialize
     _INTERRUPT_Initialize
     _OSCILLATOR_Initialize
     _PIN_MANAGER_Initialize
     _PMD_Initialize
     _SPI1_Initialize
   _adc_to_temp
   _get_PD_Broadcast_msg
   _get_Therm_Broadcast_msg

 _INTERRUPT_InterruptManager (ROOT)
   _CAN1_ISR
     NULL(Fake) *
     _DefaultBusErrorHandler *
     _DefaultBusWakeUpActivityHandler *
     _DefaultInvalidMessageHandler *
     _DefaultModeChangeHandler *
     _DefaultSystemErrorHandler *
     _DefaultTxAttemptHandler *

 Address spaces:
Name               Size   Autos  Total    Cost      Usage
BIGRAM            31FF      0    1000     105       32.0%
BITBIGSFR_1        900      0       0     104        0.0%
EEDATA             400      0       0       0        0.0%
BITBIGSFRhhhlll    16C      0       0     119        0.0%
BITBANK54          100      0       0     102        0.0%
BANK54             100      0       0     103        0.0%
BITBANK53          100      0       0     100        0.0%
BANK53             100      0       0     101        0.0%
BITBANK52          100      0       0      98        0.0%
BANK52             100      0       0      99        0.0%
BITBANK51          100      0       0      96        0.0%
BANK51             100      0       0      97        0.0%
BITBANK50          100      0       0      94        0.0%
BANK50             100      0       0      95        0.0%
BITBANK49          100      0       0      92        0.0%
BANK49             100      0       0      93        0.0%
BITBANK48          100      0       0      90        0.0%
BANK48             100      0       0      91        0.0%
BITBANK47          100      0       0      88        0.0%
BANK47             100      0       0      89        0.0%
BITBANK46          100      0       0      86        0.0%
BANK46             100      0       0      87        0.0%
BITBANK45          100      0       0      84        0.0%
BANK45             100      0       0      85        0.0%
BITBANK44          100      0       0      82        0.0%
BANK44             100      0       0      83        0.0%
BITBANK43          100      0       0      80        0.0%
BANK43             100      0       0      81        0.0%
BITBANK42          100      0       0      78        0.0%
BANK42             100      0       0      79        0.0%
BITBANK41          100      0       0      76        0.0%
BANK41             100      0       0      77        0.0%
BITBANK40          100      0       0      74        0.0%
BANK40             100      0       0      75        0.0%
BITBANK39          100      0       0      72        0.0%
BANK39             100      0       0      73        0.0%
BITBANK38          100      0       0      70        0.0%
BANK38             100      0       0      71        0.0%
BITBANK37          100      0       0      68        0.0%
BANK37             100      0       0      69        0.0%
BITBANK36          100      0       0      66        0.0%
BANK36             100      0       0      67        0.0%
BITBANK35          100      0       0      64        0.0%
BANK35             100      0       0      65        0.0%
BITBANK34          100      0       0      62        0.0%
BANK34             100      0       0      63        0.0%
BITBANK33          100      0       0      60        0.0%
BANK33             100      0       0      61        0.0%
BITBANK32          100      0       0      58        0.0%
BANK32             100      0       0      59        0.0%
BITBANK31          100      0       0      56        0.0%
BANK31             100      0       0      57        0.0%
BITBANK30          100      0       0      54        0.0%
BANK30             100      0       0      55        0.0%
BITBANK29          100      0       0      52        0.0%
BANK29             100      0       0      53        0.0%
BITBANK28          100      0       0      50        0.0%
BANK28             100      0       0      51        0.0%
BITBANK27          100      0       0      48        0.0%
BANK27             100      0       0      49        0.0%
BITBANK26          100      0       0      46        0.0%
BANK26             100      0       0      47        0.0%
BITBANK25          100      0       0      44        0.0%
BANK25             100      0       0      45        0.0%
BITBANK24          100      0       0      42        0.0%
BANK24             100      0       0      43        0.0%
BITBANK23          100      0       0      40        0.0%
BANK23             100      0       0      41        0.0%
BITBANK22          100      0       0      38        0.0%
BANK22             100      0       0      39        0.0%
BITBANK21          100      0       0      36        0.0%
BANK21             100      0       0      37        0.0%
BITBANK20          100      0       0      34        0.0%
BANK20             100      0       0      35        0.0%
BITBANK19          100      0       0      32        0.0%
BANK19             100      0       0      33        0.0%
BITBANK18          100      0       0      30        0.0%
BANK18             100      0       0      31        0.0%
BITBANK17          100      0       0      28        0.0%
BANK17             100      0       0      29        0.0%
BITBANK16          100      0       0      26        0.0%
BANK16             100      0       0      27        0.0%
BITBANK15          100      0       0      24        0.0%
BANK15             100      0       0      25        0.0%
BITBANK14          100      0       0      22        0.0%
BANK14             100      0       0      23        0.0%
BITBANK13          100      0       0      20        0.0%
BANK13             100      0       0      21        0.0%
BITBANK12          100      0       0      18        0.0%
BANK12             100      0       0      19        0.0%
BITBANK11          100      0       0      16        0.0%
BANK11             100      0       0      17        0.0%
BITBANK10          100      0       0      14        0.0%
BANK10             100      0       0      15        0.0%
BITBANK9           100      0       0      12        0.0%
BANK9              100      0       0      13        0.0%
BITBANK8           100      0       0      10        0.0%
BANK8              100      0       0      11        0.0%
BITBANK7           100      0       0       8        0.0%
BANK7              100      0       0       9        0.0%
BITBANK6           100      0       0       6        0.0%
BANK6              100      0       0       7        0.0%
BITBIGSFRhhhlll     B3      0       0     124        0.0%
BITBANK5            A0      0       0       4        0.0%
BANK5               A0      E      22       5       21.2%
BITBIGSFRhhhllh     79      0       0     112        0.0%
BITCOMRAM           5F      0       0       0        0.0%
COMRAM              5F     20      50       1       84.2%
BITBIGSFRhhhlll     4C      0       0     129        0.0%
BITBIGSFRlll        39      0       0     138        0.0%
BITBIGSFRhhhlll     2C      0       0     120        0.0%
BITBIGSFRhhhhhh     29      0       0     106        0.0%
BITBIGSFRllh        25      0       0     137        0.0%
BITBIGSFRhhhlll     22      0       0     121        0.0%
BITBIGSFRlhhh       20      0       0     132        0.0%
BITBIGSFRlhll       17      0       0     136        0.0%
BITBIGSFRhhhlll     16      0       0     127        0.0%
BITBIGSFRhhhlll     15      0       0     126        0.0%
BITBIGSFRhhhlll     14      0       0     128        0.0%
BITBIGSFRhhhllh      F      0       0     111        0.0%
BITBIGSFRhhhllh      C      0       0     110        0.0%
BITBIGSFRhhhlll      7      0       0     125        0.0%
BITBIGSFRhhhhhl      6      0       0     108        0.0%
BITBIGSFRhhhhhl      4      0       0     107        0.0%
BITBIGSFRhhhlll      3      0       0     117        0.0%
BITBIGSFRhhhlll      3      0       0     122        0.0%
BITBIGSFRhhhlll      3      0       0     116        0.0%
BITBIGSFRhhhlll      3      0       0     115        0.0%
BITBIGSFRhhhlll      3      0       0     114        0.0%
BITBIGSFRhhhllh      3      0       0     113        0.0%
BITBIGSFRhhhhll      3      0       0     109        0.0%
BITBIGSFRlhhlh       2      0       0     133        0.0%
BITBIGSFRlhhll       2      0       0     134        0.0%
BITBIGSFRlhlh        1      0       0     135        0.0%
BITBIGSFRhhhlll      1      0       0     118        0.0%
BITBIGSFRhhhlll      1      0       0     123        0.0%
BITBIGSFRhhlh        1      0       0     130        0.0%
BITBIGSFRhl          1      0       0     131        0.0%
BIGSFR_1             0      0       0     200        0.0%
BIGSFR               0      0       0     200        0.0%
BITSFR_14            0      0       0     200        0.0%
SFR_14               0      0       0     200        0.0%
BITSFR_13            0      0       0     200        0.0%
SFR_13               0      0       0     200        0.0%
BITSFR_12            0      0       0     200        0.0%
SFR_12               0      0       0     200        0.0%
BITSFR_11            0      0       0     200        0.0%
SFR_11               0      0       0     200        0.0%
BITSFR_10            0      0       0     200        0.0%
SFR_10               0      0       0     200        0.0%
BITSFR_9             0      0       0     200        0.0%
SFR_9                0      0       0     200        0.0%
BITSFR_8             0      0       0     200        0.0%
SFR_8                0      0       0     200        0.0%
BITSFR_7             0      0       0     200        0.0%
SFR_7                0      0       0     200        0.0%
BITSFR_6             0      0       0     200        0.0%
SFR_6                0      0       0     200        0.0%
BITSFR_5             0      0       0     200        0.0%
SFR_5                0      0       0     200        0.0%
BITSFR_4             0      0       0     200        0.0%
SFR_4                0      0       0     200        0.0%
BITSFR_3             0      0       0     200        0.0%
SFR_3                0      0       0     200        0.0%
BITSFR_2             0      0       0     200        0.0%
SFR_2                0      0       0     200        0.0%
BITSFR_1             0      0       0     200        0.0%
SFR_1                0      0       0     200        0.0%
BITSFR               0      0       0     200        0.0%
SFR                  0      0       0     200        0.0%
STACK                0      0       0       2        0.0%
NULL                 0      0       0       0        0.0%
ABS                  0      0      72     139        0.0%
DATA                 0      0    1072       3        0.0%
CODE                 0      0       0       0        0.0%


Microchip Technology PIC18 Macro Assembler V2.46 build 20240104201356 
Symbol Table                                                                                   Tue Dec 17 20:24:04 2024

                                      adc_to_temp@reading 0528  
                                                      l50 54B2  
                                                      l53 5412  
                                                      l47 5480  
                                                     l311 50DE  
                                                     l305 4EFE  
                                                     l138 504E  
                                                     l315 543A  
                                                     l308 50DE  
                                                     l261 550A  
                                                     l342 5552  
                                                     l511 54E0  
                                                     l351 5544  
                                                     l264 52DE  
                                                     l345 5560  
                                                     l514 54F6  
                                                     l282 55C6  
                                                     l290 54CA  
                                                     l610 557C  
                                                     l354 5536  
                                                     l258 545E  
                                                     l275 51B8  
                                                     l508 55A6  
                                                     l348 556E  
                                                     l268 537A  
                                                     l613 558A  
                                                     l357 5528  
                                                     l286 53B6  
                                                     l278 51EC  
                                                     l287 53B8  
                                                     l607 5598  
                                                     l279 51EE  
                                                     l296 4938  
                                                     l633 55D2  
                                                     l730 5266  
                                                     l491 55CE  
                                                     l479 4FB6  
                                                     l647 55B2  
                                                     l727 4CFC  
                                                     l682 551A  
                                                     l757 549A  
                                            ?_isTxChannel 0526  
                                ?_DefaultTxAttemptHandler 0526  
                                                     prod 04F3  
                                                     tosl 04FD  
                                                     wreg 04E8  
                              _CAN1_InvalidMessageHandler 0518  
                                  ??_get_PD_Broadcast_msg 052F  
                                                    l3001 4A08  
                                                    l3011 4A46  
                                                    l3003 4A14  
                                                    l3021 4A84  
                                                    l3013 4A5C  
                                                    l3005 4A26  
                                                    l3031 4ABC  
                                                    l3023 4A92  
                                                    l3007 4A28  
                                                    l3033 4ADE  
                                                    l3025 4AA8  
                                                    l3041 4B32  
                                                    l3009 4A3C  
                                                    l3035 4AEC  
                                                    l3027 4AAC  
                                                    l3019 4A62  
                                                    l3029 4ABC  
                                                    l3039 4B06  
                                                    l1477 532E  
                                                    l2701 4F00  
                                                    l2621 5546  
                                                    l2711 4F90  
                                                    l2703 4F7A  
                                                    l2623 5554  
                                                    l2631 551C  
                                                    l3079 4B1C  
                                                    l2633 55BE  
                                                    l2801 4874  
                                                    l2713 4FA0  
                                                    l2705 4F7C  
                                                    l2625 5562  
                                                    l2641 5268  
                                                    l2721 501C  
                                                    l2811 4E2C  
                                                    l2803 4898  
                                                    l2715 4FB0  
                                                    l2707 4F7E  
                                                    l2627 5538  
                                                    l2651 52D8  
                                                    l2643 52C8  
                                                    l2731 502A  
                                                    l2723 501E  
                                                    l2821 4E62  
                                                    l2813 4E30  
                                                    l2805 48BC  
                                                    l2709 4F80  
                                                    l2629 552A  
                                                    l2653 52DC  
                                                    l2645 52CA  
                                                    l2661 5186  
                                                    l2637 543C  
                                                    l2733 502C  
                                                    l2725 5020  
                                                    l2717 4FB8  
                                                    l2741 5498  
                                                    l2831 4EA0  
                                                    l2823 4E64  
                                                    l2815 4E40  
                                                    l2807 48CC  
                                                    l2639 54F8  
                                                    l2647 52D0  
                                                    l2671 51E8  
                                                    l2663 5196  
                                                    l2655 516A  
                                                    l2751 5368  
                                                    l2743 55A8  
                                                    l2735 502E  
                                                    l2727 5022  
                                                    l2719 4FEA  
                                                    l2903 550C  
                                                    l2911 4B7C  
                                                    l2833 4EE0  
                                                    l2825 4E7C  
                                                    l2817 4E40  
                                                    l2681 52F4  
                                                    l2809 48E6  
                                                    l2761 5382  
                                                    l2649 52D4  
                                                    l2665 51A8  
                                                    l2657 516E  
                                                    l2753 536C  
                                                    l2745 5330  
                                                    l2737 549C  
                                                    l2729 5028  
                                                    l2921 4C4E  
                                                    l2913 4B9E  
                                                    l2675 54B6  
                                                    l2835 4EE2  
                                                    l2827 4E8A  
                                                    l2819 4E4E  
                                                    l2683 5300  
                                                    l2771 472A  
                                                    l2763 5392  
                                                    l2691 558C  
                                                    l2667 51C6  
                                                    l2659 5174  
                                                    l2755 5370  
                                                    l2747 5334  
                                                    l2739 5482  
                                                    l2851 5470  
                                                    l2843 5460  
                                                    l2931 4CDE  
                                                    l2923 4C7E  
                                                    l2915 4BC6  
                                                    l2907 4B50  
                                                    l2837 4EF8  
                                                    l2829 4E9E  
                                                    l2685 5304  
                                                    l2781 477E  
                                                    l2773 472A  
                                                    l2765 53B2  
                                                    l2861 5052  
                                                    l2693 5570  
                                                    l2669 51CE  
                                                    l2757 5374  
                                                    l2749 534A  
                                                    l2853 5474  
                                                    l2845 5464  
                                                    l2933 4CE0  
                                                    l2925 4CD2  
                                                    l2917 4BF8  
                                                    l2909 4B56  
                                                    l2941 51F0  
                                                    l2839 4EFC  
                                                    l2687 5310  
                                                    l2679 52E0  
                                                    l2791 47F0  
                                                    l2783 478C  
                                                    l2775 4744  
                                                    l2759 537E  
                                                    l2871 50B2  
                                                    l2863 5068  
                                                    l2695 557E  
                                                    l2855 5478  
                                                    l2847 5468  
                                                    l2935 4CE2  
                                                    l2927 4CD4  
                                                    l2919 4C26  
                                                    l2951 523E  
                                                    l2943 51F4  
                                                    l2689 5314  
                                                    l2793 47FE  
                                                    l2785 479E  
                                                    l2777 475A  
                                                    l2769 4712  
                                                    l2873 50C6  
                                                    l2865 5078  
                                                    l2881 5430  
                                                    l2697 55D0  
                                                    l2857 547C  
                                                    l2849 546C  
                                                    l2937 4CEA  
                                                    l2929 4CD6  
                                                    l2953 5248  
                                                    l2945 5200  
                                                    l2891 55A0  
                                                    l2795 4816  
                                                    l2779 476E  
                                                    l2787 47B6  
                                                    l2867 5088  
                                                    l2859 5052  
                                                    l2883 5438  
                                                    l2699 53EC  
                                                    l2955 524A  
                                                    l2947 5210  
                                                    l2971 4944  
                                                    l2893 55A4  
                                                    l2797 482A  
                                                    l2789 47E4  
                                                    l2869 50A0  
                                                    l2877 5416  
                                                    l2957 524C  
                                                    l2949 523C  
                                                    l2981 498C  
                                                    l2973 4974  
                                                    l2895 54CC  
                                                    l2887 55CA  
                                                    l2799 4850  
                                                    l2879 541A  
                                                    l2959 5254  
                                                    l2991 49DE  
                                                    l2983 49A0  
                                                    l2967 493A  
                                                    l2889 559C  
                                                    l2985 49AC  
                                                    l2969 493E  
                                                    l2899 54E2  
                                                    l2987 49CC  
                                                    l2979 497A  
                                                    l2997 49E2  
                                                    l2989 49CE  
                                                    _ADCP 03D8  
                                                    l2999 49F4  
                                                    _FIFO 370F  
                                      _WriteMessageToFifo 4712  
                                                    u1300 51E4  
                                                    u1301 51E0  
                                                    u1310 532E  
                                                    u1311 532A  
                                                    u1320 534A  
                                                    u1321 5346  
                                                    u1410 4892  
                                                    u1330 5392  
                                                    u1411 488A  
                                                    u1331 538E  
                                                    u1500 4E9E  
                                                    u1340 53B2  
                                                    u1260 5186  
                                                    u1501 4E9A  
                                                    u1405 4870  
                                                    u1341 53AE  
                                                    u1261 5182  
                                                    _LATA 04BE  
                                                    u1510 4EE0  
                                                    u1430 48B6  
                                                    u1350 4744  
                                                    u1270 5196  
                                                    _LATB 04BF  
                                                    u1511 4EDC  
                                                    u1431 48AE  
                                                    u1351 4740  
                                                    u1271 5192  
                                                    _LATC 04C0  
                                                    u1520 4EF8  
                                                    u1280 51A8  
                                                    _LATD 04C1  
                                                    u1521 4EF4  
                                                    u1425 4894  
                                                    u1281 51A4  
                                                    u1601 525E  
                                                    _LATE 04C2  
                                                    u1450 48E6  
                                                    u1530 5068  
                                                    u1290 51C6  
                                                    u1610 4956  
                                                    u1451 48E2  
                                                    u1531 5064  
                                                    u1291 51C2  
                                                    u1611 494E  
                                                    u1460 4E4E  
                                                    u1380 4848  
                                                    u1540 5088  
                                                    u1700 4ABC  
                                                    u1620 4968  
                                                    u1461 4E4A  
                                                    u1445 48B8  
                                                    u1381 4840  
                                                    u1365 475E  
                                                    u1541 5084  
                                                    u1701 4AB8  
                                                    u1621 4962  
                                                    u1470 4E62  
                                                    u1390 486E  
                                                    u1550 50B2  
                                                    u1630 49A0  
                                                    u1471 4E5E  
                                                    u1391 4866  
                                                    u1375 47A2  
                                                    u1551 50AE  
                                                    u1711 4AD6  
                                                    u1631 499C  
                                                    u1480 4E7C  
                                                    u1560 5430  
                                                    u1720 4B02  
                                                    u1640 49DE  
                                                    u1481 4E78  
                                                    u1561 542C  
                                                    u1721 4AFE  
                                                    u1641 49DA  
                                                    u1570 54DE  
                                                    u1490 4E8A  
                                                    u1650 4A08  
                                                    u1626 496A  
                                                    u1618 4958  
                                                    u1571 54D8  
                                                    u1491 4E86  
                                                    u1651 4A04  
                                                    u1580 54E0  
                                                    u1388 484A  
                                                    u1660 4A38  
                                                    u1661 4A34  
                                                    u1670 4A5C  
                                                    u1591 4CF4  
                                                    u1671 4A58  
                                                    u1737 4B3C  
                                                    u1681 4A7C  
                                                    u1690 4AA8  
                                                    u1691 4AA4  
                                                    _PMD0 0060  
                                                    _PMD1 0061  
                                                    _PMD2 0062  
                                                    _PMD3 0063  
                                                    _PMD4 0064  
                                                    _PMD5 0065  
                                                    _PMD6 0066  
                                                    _PMD7 0067  
                                                    _PMD8 0068  
                                                    _WPUA 0401  
                                                    _WPUB 0409  
                                                    _WPUC 0411  
                                                    _WPUD 0419  
                                                    _WPUE 0421  
                                             main@reading 0560  
                                        __end_of_CAN1_ISR 4E2A  
               __end_of_CAN1_SetTxAttemptInterruptHandler 552A  
                     ??_CAN1_SetTxAttemptInterruptHandler 052B  
                      ?_CAN1_SetTxAttemptInterruptHandler 0528  
                       _CAN1_SetTxAttemptInterruptHandler 551C  
                                  CAN1_Transmit@txFifoObj 0541  
                                                    _main 493A  
                                                    fsr1h 04E2  
                                                    fsr2h 04DA  
                                                    indf1 04E7  
                                                    indf2 04DF  
                                                    fsr1l 04E1  
                                                    fsr2l 04D9  
                                             main@therm_i 0565  
                                                    prodh 04F4  
                                                    prodl 04F3  
                                                    start 001A  
                                     ?_WriteMessageToFifo 0533  
                                            ___param_bank 0000  
                    __end_of_DefaultInvalidMessageHandler 55DE  
                            _DefaultInvalidMessageHandler 55DC  
              CAN1_SetSystemErrorInterruptHandler@handler 0528  
                                ?_get_Therm_Broadcast_msg 0528  
                           __end_of_OSCILLATOR_Initialize 54B4  
                                                   _ADACT 03F9  
                                                   _ADCAP 03F0  
                              WriteMessageToFifo@txCanMsg 0535  
                                                   ?_main 0526  
                                                   _ADCLK 03FA  
                                                   _ADCNT 03E6  
                                                   _ADCTX 03FB  
                                                   _ADPCH 03EC  
                                                   _ADREF 03F8  
                                                   _ADRPT 03E7  
                __end_of_CAN1_SetBusErrorInterruptHandler 5570  
                      ??_CAN1_SetBusErrorInterruptHandler 052B  
                       ?_CAN1_SetBusErrorInterruptHandler 0528  
                        _CAN1_SetBusErrorInterruptHandler 5562  
                                                   i2l240 55DC  
                                                   i2l243 55DE  
                                         _isTxChannel$599 0528  
                                                   i2l252 55D8  
                                                   i2l246 55E0  
                                                   i2l255 55D6  
                                                   i2l249 55DA  
                                                   i2l365 4E26  
                                                   i2l366 4E16  
                                                   i2l368 4E28  
                                                   i2l640 53E2  
                                                   _OSCEN 00B3  
                                    ??_WriteMessageToFifo 0537  
                                                   _TRISA 04C6  
                                                   _TRISB 04C7  
                                                   _TRISC 04C8  
                                                   _TRISD 04C9  
                                                   _TRISE 04CA  
                                ??_DefaultBusErrorHandler 0526  
                           get_PD_Broadcast_msg@module_id 052A  
                                 get_PD_Broadcast_msg@msg 0534  
                                                   _temps 0524  
                                                   pclath 04FA  
                                                   pclatu 04FB  
                                                   tablat 04F5  
                                                   plusw0 04EB  
                                                   plusw2 04DB  
                                                   status 04D8  
                CAN1_SetTxAttemptInterruptHandler@handler 0528  
                            ??_CAN1_TX_FIFO_Configuration 0528  
                                            __end_of_FIFO 3711  
                                         __initialization 50E0  
                                       __end_of_DLC_BYTES 370A  
                                     CAN1_Transmit@status 0540  
                                            __end_of_main 4B50  
                         __end_of_DefaultTxAttemptHandler 55D8  
                             ?_INTERRUPT_InterruptManager 0526  
                                           _CAN1_Transmit 5050  
                           ?_DefaultInvalidMessageHandler 0526  
                                                  ??_main 0544  
                                           __activetblptr 0003  
                              ADC_StartConversion@channel 0528  
          __end_of_CAN1_SetInvalidMessageInterruptHandler 5554  
                ??_CAN1_SetInvalidMessageInterruptHandler 052B  
                 ?_CAN1_SetInvalidMessageInterruptHandler 0528  
                  _CAN1_SetInvalidMessageInterruptHandler 5546  
                                                  _C1CONH 0101  
                                                  _C1CONL 0100  
                                                  _C1CONU 0102  
                                                  _C1INTH 011D  
                                                  _C1INTL 011C  
                                                  _C1INTT 011F  
                                                  _C1INTU 011E  
           CAN1_SetInvalidMessageInterruptHandler@handler 0528  
                                                  _ADACCH 03E4  
                                                  _ADACCL 03E3  
                                                  _ADACCU 03E5  
                               ?_DefaultModeChangeHandler 0526  
                                                  _ADACQH 03EF  
                                                  _ADACQL 03EE  
                                                  _ADCON0 03F3  
                                                  _ADCON1 03F4  
                                                  _ADCON2 03F5  
                                                  _ADCON3 03F6  
                                                  _ADERRH 03DE  
                                                  _ADERRL 03DD  
                                                  _ADLTHH 03DA  
                                                  _ADLTHL 03D9  
                                                  _ADRESH 03EB  
                                                  _ADRESL 03EA  
                                                  _ADPREH 03F2  
                                                  _ADPREL 03F1  
                                                  _ADSTAT 03F7  
                                                  _ADUTHH 03DC  
                                                  _ADUTHL 03DB  
                                                  _ANSELA 0400  
                                                  _ANSELB 0408  
                                                  _ANSELC 0410  
                                                  _ANSELD 0418  
                                                  _ANSELE 0420  
                                                  _RD1PPS 021A  
                                                  _RC3PPS 0214  
                             WriteMessageToFifo@txFifoObj 0533  
                                                  _RC5PPS 0216  
                                                  _ODCONA 0402  
                                                  _ODCONB 040A  
                                                  _ODCONC 0412  
                                                  _ODCOND 041A  
                                                  _ODCONE 0422  
                                                  i2l2025 53C2  
                                                  i2l2027 53D0  
                                                  i2l2029 53DE  
                                                  i2l1761 4D3A  
                                                  i2l1753 4CFE  
                                                  i2l1771 4D84  
                                                  i2l1763 4D54  
                                                  i2l1755 4D0E  
                                                  i2l1781 4DD8  
                                                  i2l1773 4D92  
                                                  i2l1765 4D58  
                                                  i2l1757 4D28  
                                                  i2l1791 4E24  
                                                  i2l1783 4DDC  
                                                  i2l1775 4DAC  
                                                  i2l1767 4D66  
                                                  i2l1759 4D2C  
                                                  i2l1785 4DEA  
                                                  i2l1777 4DB0  
                                                  i2l1769 4D80  
                                                  i2l1787 4E04  
                                                  i2l1779 4DBE  
                                                  i2l1789 4E14  
                                                  _INLVLA 0404  
                                                  _INLVLB 040C  
                                                  _INLVLC 0414  
                                                  _INLVLD 041C  
                                                  _INLVLE 0424  
                                 ??_CAN1_OperationModeGet 0528  
                                                  _OSCFRQ 00B1  
                                 ??_CAN1_OperationModeSet 0528  
                                      _ADC_DefaultADI_ISR 0000  
                             ??_CAN1_BitRateConfiguration 0528  
                                       _CLKREF_Initialize 55A8  
                                      ?_CLKREF_Initialize 0526  
                                          ?_CAN1_Transmit 053E  
                                                  _memcpy 52E0  
                                                  clear_0 5142  
                                                  clear_1 514E  
                                                  isa$std 0001  
               CAN1_SetModeChangeInterruptHandler@handler 0528  
                                     ??_CLKREF_Initialize 0528  
                                               ?_CAN1_ISR 0526  
                                            __pdataBIGRAM 0582  
                                          _PMD_Initialize 53EC  
                                            __pdataCOMRAM 054F  
                                            __mediumconst 0000  
                                                  tblptrh 04F7  
                                                  tblptrl 04F6  
                                                  tblptru 04F8  
                                      isTxChannel@channel 0529  
ADC_SetActiveClockTuningInterruptHandler@InterruptHandler 0528  
ADC_SetContext1ThresholdInterruptHandler@InterruptHandler 0528  
              ADC_SetADIInterruptHandler@InterruptHandler 0528  
                                       _SYSTEM_Initialize 5460  
                                              __accesstop 0560  
                                 __end_of__initialization 5162  
                                       ??_CAN1_Initialize 052B  
                                    _CAN1_BusErrorHandler 0512  
                                      ?_SYSTEM_Initialize 0526  
                               __end_of_CLKREF_Initialize 55B4  
                                           ___rparam_used 0001  
                                  _CAN1_ModeChangeHandler 050F  
                                          __pcstackCOMRAM 0526  
                                            __pidataBANK5 55B4  
                                     ??_SYSTEM_Initialize 052B  
                                       ??_SPI1_Initialize 0528  
                            ??_CAN1_TransmitFIFOStatusGet 052A  
                                  __end_of_PMD_Initialize 5414  
                                              ??_CAN1_ISR 0526  
                                 _ADC_GetConversionResult 54E2  
                                      _spi1_configuration 370A  
                               _CAN1_BitRateConfiguration 54F8  
        __end_of_ADC_SetActiveClockTuningInterruptHandler 558C  
              ??_ADC_SetActiveClockTuningInterruptHandler 052B  
               ?_ADC_SetActiveClockTuningInterruptHandler 0528  
                _ADC_SetActiveClockTuningInterruptHandler 557E  
                            ??_ADC_SetADIInterruptHandler 052B  
             __end_of_CAN1_SetSystemErrorInterruptHandler 5538  
                   ??_CAN1_SetSystemErrorInterruptHandler 052B  
                    ?_CAN1_SetSystemErrorInterruptHandler 0528  
                     _CAN1_SetSystemErrorInterruptHandler 552A  
                               __end_of_SYSTEM_Initialize 5482  
                                              __pbssBANK5 056E  
                            ValidateTransmission@txCanMsg 0529  
                      get_Therm_Broadcast_msg@temps_array 0528  
                                              __pnvCOMRAM 0546  
                      __end_of_CAN1_TX_FIFO_Configuration 5460  
                              _CAN1_TX_FIFO_Configuration 543C  
                                       ??_GetTxFifoStatus 0528  
                                                 IVTBASEH 045E  
                                                 IVTBASEL 045D  
                                                 IVTBASEU 045F  
                                  _DefaultBusErrorHandler 55E0  
                                         ??_CAN1_Transmit 0540  
                           _CAN1_BusWakeUpActivityHandler 0515  
                      get_Therm_Broadcast_msg@multiplexor 052B  
                                                 _ADCSEL1 03FC  
                                                 _ADFLTRH 03E2  
                                                 _ADFLTRL 03E1  
                                                 ?_memcpy 0528  
                                                 _ADPREVH 03E9  
                                                 _ADPREVL 03E8  
                                               _C1NBTCFGH 0105  
                                               _C1NBTCFGL 0104  
                                                 _ADSTPTH 03E0  
                                                 _ADSTPTL 03DF  
                                               _C1NBTCFGT 0107  
                                               _C1NBTCFGU 0106  
                                         ?_PMD_Initialize 0526  
                                                 _CLKRCLK 003A  
                                                 _CLKRCON 0039  
                                           ??_adc_to_temp 052A  
                                                 _OSCCON1 00AD  
                                                 _OSCCON3 00AF  
                                                 _SPI1CLK 008C  
                                                 i2u40_40 4D92  
                                                 i2u40_41 4D8E  
                                               _C1TXQCONH 0151  
                                               _C1TXQCONL 0150  
                                                 i2u42_40 4DBE  
                                                 i2u41_48 4D98  
                                                 i2u34_40 4D0E  
                                                 i2u42_41 4DBA  
                                                 i2u41_49 4DAC  
                                                 i2u34_41 4D0A  
                                   _CAN1_TxAttemptHandler 0509  
                                               _C1TXQCONT 0153  
                                               _C1TXQCONU 0152  
                                                 _SPI1RXB 0080  
                                                 i2u44_40 4DEA  
                                                 i2u43_48 4DC4  
                                                 i2u36_40 4D3A  
                                                 i2u35_48 4D14  
                                                 i2u60_40 53D0  
                                                 i2u44_41 4DE6  
                                                 i2u43_49 4DD8  
                                                 i2u36_41 4D36  
                                                 i2u35_49 4D28  
                                                 i2u60_41 53CC  
                                                 _SPI1TXB 0081  
                                                 i2u61_40 53DE  
                                                 i2u61_41 53DA  
                                                 i2u46_40 4E14  
                                                 i2u45_48 4DF0  
                                                 i2u38_40 4D66  
                                                 i2u37_48 4D40  
                                                 i2u46_41 4E10  
                                                 i2u45_49 4E04  
                                                 i2u38_41 4D62  
                                                 i2u37_49 4D54  
                                                 _OSCTUNE 00B0  
                                                 i2u47_40 4E24  
                                                 i2u47_41 4E20  
                                                 i2u39_48 4D6C  
                                                 i2u39_49 4D80  
                                             _C1FIFOCON1H 015D  
                                             _C1FIFOCON1L 015C  
                                             _C1FIFOCON1T 015F  
                                             _C1FIFOCON1U 015E  
                                                 _SLRCONA 0403  
                                                 _SLRCONB 040B  
                                                 _SLRCONC 0413  
                                                 _SLRCOND 041B  
                                                 _SLRCONE 0423  
                              _ADC_ConversionComplete_ISR 054C  
                              get_Therm_Broadcast_msg@msg 0533  
                                                 __Hparam 0000  
                                                 __Lparam 0000  
                                            __psmallconst 3700  
                        __end_of_DefaultModeChangeHandler 55DC  
                                 WriteMessageToFifo@msgId 053A  
                               ??_ADC_GetConversionResult 052A  
                                               _DLC_BYTES 3701  
                                                 __pcinit 50E0  
                                                 __ramtop 3700  
                                                 __ptext0 493A  
                                                 __ptext1 51F0  
                                                 __ptext2 4B50  
                                                 __ptext3 550C  
                                                 __ptext4 5460  
                                                 __ptext5 5482  
                                                 __ptext6 53EC  
                                                 __ptext7 4FB8  
                                                 __ptext8 549C  
                                                 __ptext9 55D0  
                                   _OSCILLATOR_Initialize 549C  
                                ??_PIN_MANAGER_Initialize 0528  
                               ValidateTransmission@field 0530  
        CAN1_SetBusWakeUpActivityInterruptHandler@handler 0528  
                                                 main@msg 0567  
                                     __end_of_adc_to_temp 551C  
       __end_of_CAN1_SetBusWakeUpActivityInterruptHandler 5562  
             ??_CAN1_SetBusWakeUpActivityInterruptHandler 052B  
              ?_CAN1_SetBusWakeUpActivityInterruptHandler 0528  
               _CAN1_SetBusWakeUpActivityInterruptHandler 5554  
                                    end_of_initialization 5162  
                                                 memcpy@d 052F  
                                                 memcpy@n 052C  
                                                 memcpy@s 0531  
                                             _C1TRECUbits 0136  
                           __end_of_CAN1_OperationModeGet 55C8  
                           __end_of_CAN1_OperationModeSet 51F0  
                            __end_of_ADC_IsConversionDone 54E2  
                                               _SPI1TCNTL 0082  
                                                 postdec1 04E5  
                                                 postdec2 04DD  
                                                 postinc0 04EE  
                                                 postinc2 04DE  
                      __end_of_CAN1_TransmitFIFOStatusGet 543C  
                              _CAN1_TransmitFIFOStatusGet 5414  
                                               _PORTDbits 04D1  
                 __end_of_DefaultBusWakeUpActivityHandler 55E0  
                       ??_DefaultBusWakeUpActivityHandler 0526  
                        ?_DefaultBusWakeUpActivityHandler 0526  
                         _DefaultBusWakeUpActivityHandler 55DE  
                        CAN1_TransmitFIFOStatusGet@status 052A  
                      __end_of_ADC_SetADIInterruptHandler 559A  
                              _ADC_SetADIInterruptHandler 558C  
                                         _CAN1_Initialize 5330  
                                               _TRISCbits 04C8  
                                     _ADC_StartConversion 559A  
                                             _ADCSEL1bits 03FC  
                        ValidateTransmission@validChannel 052E  
                                 _DefaultTxAttemptHandler 55D6  
                                         _SPI1_Initialize 5482  
                                   CAN1_Transmit@txCanMsg 053E  
                            __end_of_ValidateTransmission 4F00  
                         ValidateTransmission@txMsgStatus 052F  
                                    ?_ADC_StartConversion 0526  
                            __end_of_INTERRUPT_Initialize 55D4  
                                        main@reading_1524 0562  
                                           __pidataBIGRAM 3712  
                                           __pidataCOMRAM 55D4  
                                          _ADC_Initialize 4F00  
                                          __end_of_memcpy 5330  
                                  ?_OSCILLATOR_Initialize 0526  
                                           ??_isTxChannel 0528  
           __end_of_CAN1_ErrorNotificationInterruptEnable 52E0  
                 ??_CAN1_ErrorNotificationInterruptEnable 052B  
                  ?_CAN1_ErrorNotificationInterruptEnable 0526  
                   _CAN1_ErrorNotificationInterruptEnable 5268  
                                _DefaultModeChangeHandler 55DA  
                                             _adc_to_temp 550C  
                      get_PD_Broadcast_msg@voltages_array 0528  
                                     start_initialization 50E0  
                        get_Therm_Broadcast_msg@module_id 052A  
                                         _GetTxFifoStatus 54B4  
                                 _get_Therm_Broadcast_msg 51F0  
                   CAN1_TransmitFIFOStatusGet@fifoChannel 052B  
                                              ivt0x8_base 0008  
                                 ?_DefaultBusErrorHandler 0526  
              __end_of_CAN1_SetModeChangeInterruptHandler 5546  
                    ??_CAN1_SetModeChangeInterruptHandler 052B  
                     ?_CAN1_SetModeChangeInterruptHandler 0528  
                      _CAN1_SetModeChangeInterruptHandler 5538  
                             ?_CAN1_TX_FIFO_Configuration 0526  
                                   ??_ADC_StartConversion 0528  
                                        ??_PMD_Initialize 0528  
        __end_of_ADC_SetContext1ThresholdInterruptHandler 557E  
              ??_ADC_SetContext1ThresholdInterruptHandler 052B  
               ?_ADC_SetContext1ThresholdInterruptHandler 0528  
                _ADC_SetContext1ThresholdInterruptHandler 5570  
                                  __end_of_ADC_Initialize 4FB8  
                                             __pdataBANK5 0578  
                                 __end_of_CAN1_Initialize 537C  
                                          _therm_msg_data 0501  
                                                ??_memcpy 052E  
                              ?_DefaultSystemErrorHandler 0526  
                                             __pbssCOMRAM 0501  
                                           __pcstackBANK5 0560  
                 CAN1_SetBusErrorInterruptHandler@handler 0528  
                                    _ADC_IsConversionDone 54CC  
                                    _therm_to_adc_channel 054F  
                                 __end_of_SPI1_Initialize 549C  
                               ??_DefaultTxAttemptHandler 0526  
                                     __end_of_isTxChannel 53BA  
                          __end_of_DefaultBusErrorHandler 55E2  
                         get_PD_Broadcast_msg@multiplexor 052B  
                                  _PIN_MANAGER_Initialize 4FB8  
                                                _C1FIFOBA 014C  
                            __end_of_get_PD_Broadcast_msg 4CFE  
                                   __end_of_CAN1_Transmit 50E0  
                                         ?_ADC_Initialize 0526  
                                       _ADC_SelectContext 55C8  
                            ??_INTERRUPT_InterruptManager 0526  
                                 __end_of_GetTxFifoStatus 54CC  
                                      ?_ADC_SelectContext 0526  
                                                _CAN1_ISR 4CFE  
                       __end_of_DefaultSystemErrorHandler 55DA  
                                             __smallconst 3700  
                               ??_get_Therm_Broadcast_msg 052F  
                                                _ADCPbits 03D8  
                                              _C1CONHbits 0101  
                                    _ValidateTransmission 4E2A  
                                   ?_ADC_IsConversionDone 0526  
                        CAN1_OperationModeSet@requestMode 052A  
                                                _CANRXPPS 023D  
                                              _C1CONTbits 0103  
                                              _C1CONUbits 0102  
                                     ??_ADC_SelectContext 0528  
                          ??_DefaultInvalidMessageHandler 0526  
                                              _C1INTHbits 011D  
                                              _C1INTLbits 011C  
                                    _INTERRUPT_Initialize 55D0  
                                              _C1INTTbits 011F  
                                               _module_id 051B  
                                                _PIE0bits 049E  
                                            _SPI1CON0bits 0084  
                                                _PIR0bits 04AE  
                                                _PIR1bits 04AF  
                                                _PIR2bits 04B0  
                                                _SPI1BAUD 0089  
                                                _PIR3bits 04B1  
                                                _SPI1CON0 0084  
                                                _SPI1CON1 0085  
                                                _SPI1CON2 0086  
                               _ADC_ActiveClockTuning_ISR 0546  
                               __end_of_ADC_SelectContext 55D0  
                                               _therm_lut 0582  
                        _ADC_DefaultActiveClockTuning_ISR 0000  
                             ?_CAN1_TransmitFIFOStatusGet 0526  
                                        ?_CAN1_Initialize 0526  
                              __end_of_WriteMessageToFifo 493A  
                                              _ADCON0bits 03F3  
                                              _ADCON1bits 03F4  
                                              _ADCON2bits 03F5  
                                              _ADCON3bits 03F6  
                                             _isTxChannel 537C  
                                   ?_ValidateTransmission 0529  
                             ?_ADC_SetADIInterruptHandler 0528  
                                        ?_SPI1_Initialize 0526  
                                             _INTCON0bits 04D6  
                                               copy_data0 50F4  
                                               copy_data1 5118  
                                   ?_INTERRUPT_Initialize 0526  
                         __end_of_get_Therm_Broadcast_msg 5268  
                                              _ADSTATbits 03F7  
                                                __Hrparam 0000  
                                               memcpy@tmp 052E  
                                   _CAN1_OperationModeGet 55BE  
                                                __Lrparam 0000  
                                   _CAN1_OperationModeSet 5168  
                                ?_ADC_GetConversionResult 0528  
                             GetTxFifoStatus@validChannel 0528  
                                 _CAN1_SystemErrorHandler 050C  
                              ??_DefaultModeChangeHandler 0526  
                                 ??_OSCILLATOR_Initialize 0528  
                                        ?_GetTxFifoStatus 0526  
                                  ??_ADC_IsConversionDone 0528  
                                            ?_adc_to_temp 0528  
                               _ADC_Context1Thereshld_ISR 0549  
                                WriteMessageToFifo@status 0539  
                                                __pivt0x8 0008  
                                                __ptext10 55A8  
                                                __ptext11 5330  
                                                __ptext20 5562  
                                                __ptext12 543C  
                                                __ptext21 54F8  
                                                __ptext13 5168  
                                                __ptext30 52E0  
                                                __ptext22 4F00  
                                                __ptext14 5268  
                                                __ptext31 4E2A  
                                                __ptext23 5570  
                                                __ptext15 551C  
                                                __ptext40 55D6  
                                                __ptext32 54B4  
                                                __ptext24 557E  
                                                __ptext16 552A  
                                                __ptext41 55D8  
                                                __ptext33 55BE  
                                                __ptext25 558C  
                                                __ptext17 5538  
                                                __ptext42 55DA  
                                                __ptext34 559A  
                                                __ptext26 5414  
                                                __ptext18 5546  
                                                __ptext43 55DC  
                                                __ptext35 55C8  
                                                __ptext27 5050  
                                                __ptext19 5554  
                                                __ptext44 55DE  
                                                __ptext36 54CC  
                                                __ptext28 537C  
                                                __ptext45 55E0  
                                                __ptext37 54E2  
                                                __ptext29 4712  
                                                __ptext38 53BA  
                                                __ptext39 4CFE  
                                       _pd_to_adc_channel 0578  
                                ADC_SelectContext@context 0528  
                             CAN1_OperationModeSet@opMode 0528  
                                             _pd_voltages 056E  
                             CAN1_OperationModeSet@status 0529  
                                    _get_PD_Broadcast_msg 4B50  
                                                _msg_data 051C  
                                                isa$xinst 0000  
                      __end_of_INTERRUPT_InterruptManager 53EC  
                              _INTERRUPT_InterruptManager 53BA  
                                                main@pd_i 0566  
                             ??_DefaultSystemErrorHandler 0526  
                                  ??_ValidateTransmission 052B  
                                                memcpy@d1 0528  
                                                memcpy@s1 052A  
                                  ??_INTERRUPT_Initialize 0528  
                                   ?_get_PD_Broadcast_msg 0528  
                                                intlevel2 0000  
                                         main@multiplexor 0564  
                                           _C1TXQSTALbits 0154  
                             __end_of_ADC_StartConversion 55A8  
                                 ?_PIN_MANAGER_Initialize 0526  
                         __end_of_ADC_GetConversionResult 54F8  
                                  ?_CAN1_OperationModeGet 0526  
                              ?_CAN1_BitRateConfiguration 0526  
                                  ?_CAN1_OperationModeSet 0526  
                                        ??_ADC_Initialize 052B  
                                              _SPI1SDIPPS 026B  
                                              _SPI1SCKPPS 026A  
                                CAN1_Transmit@fifoChannel 0543  
                                         _C1FIFOSTA1Lbits 0160  
                          __end_of_PIN_MANAGER_Initialize 5050  
                               _DefaultSystemErrorHandler 55D8  
                        _ADC_DefaultContext1Threshold_ISR 0000  
                              __end_of_spi1_configuration 370F  
                       __end_of_CAN1_BitRateConfiguration 550C  
